adresse,postnummer,by,pris,type,kvm,vaerelser,byggeaar,energimaerke,liggetid,afstand_m,afstand_vindm_m,afstand_sol_m,lat,lng,url
Mamrelund 37,6960,Hvide Sande,3795000,Fritidshus,132,4.0,2013,-,546,1.8,1231.0,199.0,55.99797,8.13349,https://www.boliga.dk/adresse/mamrelund-37-6960-hvide-sande-237689851
Skakkes Holm 64J,8500,Grenaa,1995000,Fritidshus,84,3.0,1997,E,1156,8.7,3056.0,1722.0,56.40551,10.92552,https://www.boliga.dk/adresse/skakkes-holm-64j-8500-grenaa-1630415685
Sct Hansgade 14,5600,Faaborg,3195000,Villa/Parcelhus,179,7.0,1902,C,16,8.9,7417.0,9964.0,55.09154,10.24805,https://www.boliga.dk/adresse/sct-hansgade-14-5600-faaborg-407031679
Skakkes Holm 64C,8500,Grenaa,2095000,Fritidshus,84,3.0,1997,-,78,9.2,3038.0,1692.0,56.40568,10.9251,https://www.boliga.dk/adresse/skakkes-holm-64c-8500-grenaa-313375042
"Mullerup Strandvej 27, Mullerup",4200,Slagelse,1845000,Fritidshus,52,2.0,1970,-,161,9.6,1863.0,3281.0,55.49383,11.17415,https://www.boliga.dk/adresse/mullerup-strandvej-27-4200-slagelse-34262374
Øerkrogvejen 2 519,8400,Ebeltoft,2375000,Fritidshus,89,3.0,1988,-,149,9.6,1062.0,7603.0,56.15224,10.69275,https://www.boliga.dk/adresse/oeerkrogvejen-2-519-8400-ebeltoft-2113379484
"Øerkrogvejen 2, 665.",8400,Ebeltoft,1695000,Fritidshus,63,3.0,1988,-,381,9.6,1062.0,7603.0,56.15224,10.69275,https://www.boliga.dk/adresse/oeerkrogvejen-2-665-8400-ebeltoft-451292690
"Øerkrogvejen 2 526, Øer Maritime Ferieby",8400,Ebeltoft,2345000,Fritidshus,89,4.0,1988,-,179,9.6,1062.0,7603.0,56.15224,10.69275,https://www.boliga.dk/adresse/oeerkrogvejen-2-526-8400-ebeltoft-915972898
Øerkrogvejen 2 613,8400,Ebeltoft,1545000,Fritidshus,57,3.0,1988,-,136,9.6,1062.0,7603.0,56.15224,10.69275,https://www.boliga.dk/adresse/oeerkrogvejen-2-613-8400-ebeltoft-1966622545
Øerkrogvejen 2 349,8400,Ebeltoft,1545000,Fritidshus,57,3.0,1988,-,512,9.6,1062.0,7603.0,56.15224,10.69275,https://www.boliga.dk/adresse/oeerkrogvejen-2-349-8400-ebeltoft-1858763286
Øerkrogvejen 2 253,8400,Ebeltoft,1550000,Fritidshus,58,4.0,1988,-,65,9.6,1062.0,7603.0,56.15224,10.69275,https://www.boliga.dk/adresse/oeerkrogvejen-2-253-8400-ebeltoft-1213859262
"Øerkrogvejen 2, 209., Øer",8400,Ebeltoft,1548000,Fritidshus,58,4.0,1988,-,17,9.6,1062.0,7603.0,56.15224,10.69275,https://www.boliga.dk/adresse/oeerkrogvejen-2-209-8400-ebeltoft-1941117197
Øerkrogvejen 2 330,8400,Ebeltoft,1795000,Fritidshus,63,3.0,1988,-,162,9.6,1062.0,7603.0,56.15224,10.69275,https://www.boliga.dk/adresse/oeerkrogvejen-2-330-8400-ebeltoft-2039900746
"Øerkrogvejen 2, 160., Øer",8400,Ebeltoft,1695000,Fritidshus,57,3.0,1988,-,17,9.6,1062.0,7603.0,56.15224,10.69275,https://www.boliga.dk/adresse/oeerkrogvejen-2-160-8400-ebeltoft-1568486566
Øerkrogvejen 2 705,8400,Ebeltoft,1695000,Fritidshus,58,5.0,1988,-,147,9.6,1062.0,7603.0,56.15224,10.69275,https://www.boliga.dk/adresse/oeerkrogvejen-2-705-8400-ebeltoft-1849548253
Øerkrogvejen 2 714,8400,Ebeltoft,1620000,Fritidshus,58,5.0,1988,-,146,9.6,1062.0,7603.0,56.15224,10.69275,https://www.boliga.dk/adresse/oeerkrogvejen-2-714-8400-ebeltoft-1689128088
"Øerkrogvejen 2, 261.",8400,Ebeltoft,1595000,Fritidshus,70,3.0,1988,-,50,9.6,1062.0,7603.0,56.15224,10.69275,https://www.boliga.dk/adresse/oeerkrogvejen-2-261-8400-ebeltoft-1755582159
Øerkrogvejen 2 151a,8400,Ebeltoft,4495000,Fritidshus,80,1.0,1988,-,118,9.6,1062.0,7603.0,56.15224,10.69275,https://www.boliga.dk/adresse/oeerkrogvejen-2-151-8400-ebeltoft-174018637
"Øerkrogvejen 2, 110.",8400,Ebeltoft,1598000,Fritidshus,58,3.0,1988,-,197,9.6,1062.0,7603.0,56.15224,10.69275,https://www.boliga.dk/adresse/oeerkrogvejen-2-110-8400-ebeltoft-903662711
"Øerkrogvejen 2, 533.",8400,Ebeltoft,2645000,Fritidshus,89,4.0,1988,-,164,9.6,1062.0,7603.0,56.15224,10.69275,https://www.boliga.dk/adresse/oeerkrogvejen-2-533-8400-ebeltoft-1447662257
"Øerkrogvejen 2, 661., Øer",8400,Ebeltoft,1475000,Fritidshus,63,3.0,1988,-,18,9.6,1062.0,7603.0,56.15224,10.69275,https://www.boliga.dk/adresse/oeerkrogvejen-2-661-8400-ebeltoft-511847492
"Øerkrogvejen 2 609, Øer Martime Ferieby",8400,Ebeltoft,1495000,Fritidshus,63,3.0,1988,-,499,9.6,1062.0,7603.0,56.15224,10.69275,https://www.boliga.dk/adresse/oeerkrogvejen-2-609-8400-ebeltoft-1488860972
"Øerkrogvejen 2, 636a., Øer",8400,Ebeltoft,2295000,Fritidshus,91,3.0,1980,-,234,9.6,1062.0,7603.0,56.15224,10.69275,https://www.boliga.dk/adresse/oeerkrogvejen-2-636-8400-ebeltoft-1744260704
Øerkrogvejen 2 520,8400,Ebeltoft,2195000,Fritidshus,89,3.0,1988,-,141,9.6,1062.0,7603.0,56.15224,10.69275,https://www.boliga.dk/adresse/oeerkrogvejen-2-520-8400-ebeltoft-1409230027
Øerkrogvejen 2 732,8400,Ebeltoft,1445000,Fritidshus,57,3.0,1988,-,121,9.6,1062.0,7603.0,56.15224,10.69275,https://www.boliga.dk/adresse/oeerkrogvejen-2-732-8400-ebeltoft-826975243
"Øerkrogvejen 2, 317.",8400,Ebeltoft,1450000,Fritidshus,58,4.0,1988,-,164,9.6,1062.0,7603.0,56.15224,10.69275,https://www.boliga.dk/adresse/oeerkrogvejen-2-317-8400-ebeltoft-647918829
"Øerkrogvejen 2, 256.",8400,Ebeltoft,1498000,Fritidshus,58,4.0,1988,-,589,9.6,1062.0,7603.0,56.15224,10.69275,https://www.boliga.dk/adresse/oeerkrogvejen-2-256-8400-ebeltoft-128127762
Øerkrogvejen 2 706,8400,Ebeltoft,1445000,Fritidshus,70,3.0,1988,-,167,9.6,1062.0,7603.0,56.15224,10.69275,https://www.boliga.dk/adresse/oeerkrogvejen-2-706-8400-ebeltoft-1645961860
Øerkrogvejen 2 343,8400,Ebeltoft,1495000,Fritidshus,58,5.0,1988,-,97,9.6,1062.0,7603.0,56.15224,10.69275,https://www.boliga.dk/adresse/oeerkrogvejen-2-343-8400-ebeltoft-1614163955
Slotsbryggen 21,4800,Nykøbing F,4500000,Fritidshus,180,12.0,2020,-,148,9.7,3647.0,2364.0,54.77207,11.86339,https://www.boliga.dk/adresse/slotsbryggen-21-4800-nykoebing-f-1578692778
Havneplads 6,4592,Sejerø,500000,Fritidshus,52,2.0,2013,d,38,10.0,1412.0,19209.0,55.88066,11.13606,https://www.boliga.dk/adresse/havneplads-6-4592-sejeroe-14239588
Brohave 5,5881,Skårup Fyn,3995000,Fritidshus,55,2.0,2006,-,319,13.3,2712.0,657.0,55.07868,10.75103,https://www.boliga.dk/adresse/brohave-5-5881-skaarup-fyn-1579684997
Skakkes Holm 76A,8500,Grenaa,2995000,Fritidshus,175,6.0,2005,-,1417,15.0,3057.0,1735.0,56.40549,10.92583,https://www.boliga.dk/adresse/skakkes-holm-76a-8500-grenaa-1200350203
Vestre Mole 24,8585,Glesborg,1098000,Fritidshus,30,2.0,2005,-,259,15.4,420.0,8900.0,56.53173,10.71045,https://www.boliga.dk/adresse/vestre-mole-24-8585-glesborg-1300376061
"Havnevej 67, st. tv., Nykøbing By",4500,Nykøbing Sj,3495000,Fritidshus,90,3.0,2004,B,11,15.7,3684.0,384.0,55.91356,11.67534,https://www.boliga.dk/adresse/havnevej-67-st-tv-4500-nykoebing-sj-93617255
Vestre Mole 22,8585,Glesborg,947000,Fritidshus,30,2.0,2005,-,97,15.8,419.0,8902.0,56.53172,10.71049,https://www.boliga.dk/adresse/vestre-mole-22-8585-glesborg-1573419853
"Ny Havnevej 13, Bønnerup Strand",8585,Glesborg,1495000,Fritidshus,77,3.0,2000,-,1500,16.0,260.0,9014.0,56.53303,10.71166,https://www.boliga.dk/adresse/ny-havnevej-13-8585-glesborg-1324221432
Rytsebækvej 37,4780,Stege,4250000,Fritidshus,27,1.0,1985,-,342,16.1,3885.0,4148.0,54.90577,12.23866,https://www.boliga.dk/adresse/rytsebaekvej-37-4780-stege-731578501
Skudehavnen 55 st,5900,Rudkøbing,2195000,Fritidshus,67,3.0,1989,e,85,16.6,1536.0,2611.0,54.94203,10.71362,https://www.boliga.dk/adresse/skudehavnen-55-st-5900-rudkoebing-291524911
Skudehavnen 53 1,5900,Rudkøbing,1695000,Ejerlejlighed,67,3.0,1989,e,34,16.7,1531.0,2606.0,54.94201,10.7137,https://www.boliga.dk/adresse/skudehavnen-53-1-5900-rudkoebing-1081504868
"Havnebryggen 5, 1. 16., Svaneke",3740,Svaneke,1595000,Fritidshus,39,2.0,1900,-,86,16.8,1559.0,2644.0,55.13581,15.14386,https://www.boliga.dk/adresse/havnebryggen-5-1-16-3740-svaneke-187709891
Gersøvej 52,5450,Otterup,695000,Fritidshus,39,2.0,2005,-,588,16.9,2975.0,4988.0,55.48887,10.48815,https://www.boliga.dk/adresse/gersoevej-52-5450-otterup-1256545357
Søfronten 65,4736,Karrebæksminde,4795000,Fritidshus,78,3.0,2002,C,191,17.5,3210.0,10492.0,55.17673,11.64061,https://www.boliga.dk/adresse/soefronten-65-4736-karrebaeksminde-261323839
Skårupøre Strandvej 107,5881,Skårup Fyn,6495000,Fritidshus,127,4.0,1877,K,63,17.8,3236.0,2007.0,55.06674,10.73138,https://www.boliga.dk/adresse/skaarupoere-strandvej-107-5881-skaarup-fyn-1805318807
"Fynshovedvej 838, Nordskov",5390,Martofte,4295000,Fritidshus,61,2.0,2014,-,88,17.9,11549.0,18539.0,55.6082,10.60921,https://www.boliga.dk/adresse/fynshovedvej-838-5390-martofte-2117777661
Varnæsvej 221,6200,Aabenraa,5000000,Fritidshus,46,3.0,1934,-,240,18.3,5160.0,3346.0,55.0172,9.46538,https://www.boliga.dk/adresse/varnaesvej-221-6200-aabenraa-236472484
Sundbyvej 215,7950,Erslev,1850000,Fritidshus,45,3.0,1942,-,14,18.9,1384.0,1154.0,56.88163,8.64252,https://www.boliga.dk/adresse/sundbyvej-215-7950-erslev-262508217
Ved Stranden 3,5600,Faaborg,4695000,Villa/Parcelhus,240,7.0,1978,F,113,19.2,6642.0,7927.0,55.08286,10.27744,https://www.boliga.dk/adresse/ved-stranden-3-5600-faaborg-399538182
Sejlhusene 31,7600,Struer,1245000,Helårsgrund,0,0.0,0,-,1211,19.9,3480.0,369.0,56.49503,8.58702,https://www.boliga.dk/adresse/sejlhusene-31-7600-struer-407211886
"Mamrelund 6, st. D",6960,Hvide Sande,1795000,Fritidshus,66,3.0,2017,-,121,19.9,969.0,340.0,55.99888,8.12845,https://www.boliga.dk/adresse/mamrelund-6-st-d-6960-hvide-sande-1838845093
"Lundvej 27, Lambjerglund",6470,Sydals,2995000,Fritidshus,50,2.0,1932,-,4,20.4,2298.0,2645.0,54.90004,9.86982,https://www.boliga.dk/adresse/lundvej-27-6470-sydals-962869817
Skakkes Holm 76D,8500,Grenaa,3495000,Fritidshus,169,6.0,2005,D,118,20.7,3067.0,1754.0,56.40539,10.92613,https://www.boliga.dk/adresse/skakkes-holm-76d-8500-grenaa-781879659
"Skudehavnen 31, st.",5900,Rudkøbing,1395000,Fritidshus,67,3.0,1989,E,671,20.8,1497.0,2568.0,54.94131,10.71381,https://www.boliga.dk/adresse/skudehavnen-31-st-5900-rudkoebing-531296179
Nordlyvej 7,2930,Klampenborg,13900000,Villa/Parcelhus,81,4.0,1880,e,293,21.0,10232.0,3609.0,55.78887,12.59457,https://www.boliga.dk/adresse/nordlyvej-7-2930-klampenborg-369968101
Færgegården 5,4800,Nykøbing F,3995000,Villa/Parcelhus,182,4.0,1827,b,521,21.2,3078.0,1975.0,54.76871,11.85596,https://www.boliga.dk/adresse/faergegaarden-5-4800-nykoebing-f-2017017416
Klinten 2,4200,Slagelse,4895000,Fritidshus,52,2.0,1927,-,296,21.2,2827.0,6543.0,55.40772,11.20712,https://www.boliga.dk/adresse/klinten-2-4200-slagelse-2015501377
Gl Strandvej 17,5500,Middelfart,13000000,Villa/Parcelhus,139,5.0,2009,c,233,21.7,3154.0,822.0,55.51013,9.75472,https://www.boliga.dk/adresse/gl-strandvej-17-5500-middelfart-2141644807
Saltebakken 50A,9900,Frederikshavn,6995000,Fritidshus,190,5.0,2021,J,266,21.7,1938.0,2746.0,57.42327,10.52764,https://www.boliga.dk/adresse/saltebakken-50a-9900-frederikshavn-413693706
"Gambøtvej 29, st., Thurø",5700,Svendborg,7795000,Fritidshus,153,3.0,2024,J,274,21.8,3090.0,2731.0,55.04248,10.6681,https://www.boliga.dk/adresse/gamboetvej-29-st-5700-svendborg-809425397
Gambøtvej 29 1 th,5700,Svendborg,6295000,Fritidshus,121,3.0,2024,J,99,21.8,3090.0,2731.0,55.04248,10.6681,https://www.boliga.dk/adresse/gamboetvej-29-1-th-5700-svendborg-1773628286
Nordøstvej 2,5800,Nyborg,4995000,Fritidshus,43,2.0,1980,-,71,22.4,3596.0,5799.0,55.3992,10.74106,https://www.boliga.dk/adresse/nordoestvej-2-5800-nyborg-992332453
Lyøvej 1,5600,Faaborg,4995000,Fritidshus,57,3.0,1911,-,322,23.0,1133.0,13526.0,55.08996,10.12487,https://www.boliga.dk/adresse/lyoevej-1-5600-faaborg-489140451
Gambøtvej 35 st,5700,Svendborg,8995000,Fritidshus,169,3.0,2024,J,99,23.1,3119.0,2669.0,55.04236,10.66716,https://www.boliga.dk/adresse/gamboetvej-35-st-5700-svendborg-2115203920
Gambøtvej 35 1 th,5700,Svendborg,6995000,Fritidshus,136,3.0,2024,J,99,23.1,3119.0,2669.0,55.04236,10.66716,https://www.boliga.dk/adresse/gamboetvej-35-1-th-5700-svendborg-495141648
"Gl Strandvej 163, Strib",5500,Middelfart,7495000,Villa/Parcelhus,130,4.0,2002,B,149,23.3,3111.0,1405.0,55.52556,9.76821,https://www.boliga.dk/adresse/gl-strandvej-163-5500-middelfart-1154540590
Strandlysthuse 12,5330,Munkebo,1295000,Fritidshus,43,2.0,1947,-,38,23.4,2376.0,7237.0,55.45059,10.55687,https://www.boliga.dk/adresse/strandlysthuse-12-5330-munkebo-1675488798
Færgevej 8,5600,Faaborg,4295000,Fritidshus,115,5.0,1933,C,73,23.7,7584.0,10151.0,55.09298,10.24567,https://www.boliga.dk/adresse/faergevej-8-5600-faaborg-1391446595
Vestpieren 10,9370,Hals,1590000,Fritidshus,111,4.0,1998,K,221,23.8,6290.0,2191.0,56.99155,10.30531,https://www.boliga.dk/adresse/vestpieren-10-9370-hals-1951745686
"Skudehavnen 29, st.",5900,Rudkøbing,1395000,Fritidshus,67,3.0,1989,E,688,23.9,1498.0,2568.0,54.94126,10.71377,https://www.boliga.dk/adresse/skudehavnen-29-st-5900-rudkoebing-383064996
"Gambøtvej 37, 1. tv., Thurø",5700,Svendborg,6975000,Fritidshus,119,3.0,2024,J,171,24.0,3129.0,2647.0,55.04233,10.66682,https://www.boliga.dk/adresse/gamboetvej-37-1-tv-5700-svendborg-2103277372
Gambøtvej 37 2,5700,Svendborg,12795000,Fritidshus,236,4.0,2024,J,104,24.0,3129.0,2647.0,55.04233,10.66682,https://www.boliga.dk/adresse/gamboetvej-37-2-5700-svendborg-330717172
"Strandvejen 63, Ballen",8305,Samsø,6995000,Fritidshus,88,4.0,1917,-,443,24.3,2210.0,3114.0,55.82289,10.63684,https://www.boliga.dk/adresse/strandvejen-63-8305-samsoe-1719297122
Møllekrogen 18,5330,Munkebo,895000,Fritidshus,28,1.0,1936,-,398,24.3,2718.0,6745.0,55.4396,10.5474,https://www.boliga.dk/adresse/moellekrogen-18-5330-munkebo-696246099
"Gambøtvej 31, 2. tv., Thurø",5700,Svendborg,6125000,Fritidshus,105,3.0,2024,J,157,24.4,3101.0,2710.0,55.04243,10.66779,https://www.boliga.dk/adresse/gamboetvej-31-2-tv-5700-svendborg-495651844
"Gambøtvej 31, 1. th., Thurø",5700,Svendborg,7825000,Fritidshus,136,3.0,2024,J,157,24.4,3101.0,2710.0,55.04243,10.66779,https://www.boliga.dk/adresse/gamboetvej-31-1-th-5700-svendborg-561759158
Dæmningen 3,5500,Middelfart,5995000,Fritidshus,47,3.0,1952,-,65,24.7,4321.0,3350.0,55.54237,9.7781,https://www.boliga.dk/adresse/daemningen-3-5500-middelfart-878553345
"Gambøtvej 39, st., Thurø",5700,Svendborg,9995000,Fritidshus,170,3.0,2024,J,157,25.1,3139.0,2628.0,55.04229,10.66652,https://www.boliga.dk/adresse/gamboetvej-39-st-5700-svendborg-730020502
"Havnevej 85, 1.",4500,Nykøbing Sj,3995000,Fritidshus,145,4.0,2001,B,60,25.2,3674.0,326.0,55.91395,11.6746,https://www.boliga.dk/adresse/havnevej-85-1-4500-nykoebing-sj-1741766561
"Provstebakken 28, Strib",5500,Middelfart,2995000,Fritidshus,37,2.0,1934,-,46,25.2,4405.0,3948.0,55.54545,9.79188,https://www.boliga.dk/adresse/provstebakken-28-5500-middelfart-1286301996
"Bøgebjergvej 34, Bøgebjerg",5380,Dalby,995000,Fritidshus,56,3.0,1960,-,424,25.2,4722.0,11162.0,55.51251,10.71164,https://www.boliga.dk/adresse/boegebjergvej-34-5380-dalby-1532290971
"Hjarbækvej 1A, Hjarbæk",8831,Løgstrup,6500000,Villa/Parcelhus,194,6.0,1847,D,119,25.3,3275.0,2499.0,56.53075,9.31926,https://www.boliga.dk/adresse/hjarbaekvej-1a-8831-loegstrup-15289590
Øreodden 3,5700,Svendborg,10800000,Villa/Parcelhus,234,9.0,2016,K,23,25.5,5190.0,795.0,55.0477,10.59707,https://www.boliga.dk/adresse/oereodden-3-5700-svendborg-501881559
Holmbjergvej 58,8420,Knebel,5995000,Fritidshus,106,6.0,1931,B,426,25.5,2033.0,826.0,56.20242,10.47099,https://www.boliga.dk/adresse/holmbjergvej-58-8420-knebel-676078856
Dosseringen 8C,5300,Kerteminde,6150000,Villa/Parcelhus,145,6.0,1906,D,215,26.1,4190.0,3441.0,55.44827,10.66006,https://www.boliga.dk/adresse/dosseringen-8c-5300-kerteminde-1376278930
"Sinebjergskov 9, Sinebjerg",5600,Faaborg,3595000,Fritidshus,45,3.0,1932,-,66,26.3,4119.0,13226.0,55.07902,10.17646,https://www.boliga.dk/adresse/sinebjergskov-9-5600-faaborg-1650885944
Vestre Strandvej 40,8420,Knebel,7950000,Fritidshus,76,3.0,2013,-,160,26.6,7996.0,7265.0,56.17745,10.37741,https://www.boliga.dk/adresse/vestre-strandvej-40-8420-knebel-1795558137
Skudehavnen 14A,8400,Ebeltoft,4345000,Fritidshus,132,3.0,1978,C,797,26.9,2954.0,3148.0,56.19256,10.66948,https://www.boliga.dk/adresse/skudehavnen-14a-8400-ebeltoft-33178605
Valdemarsgade 17,4400,Kalundborg,4495000,Villa/Parcelhus,197,5.0,1954,D,2,27.2,1905.0,3112.0,55.67963,11.0787,https://www.boliga.dk/adresse/valdemarsgade-17-4400-kalundborg-2115118664
Vestpieren 6,9370,Hals,2175000,Fritidshus,111,4.0,1999,B,552,27.5,6281.0,2177.0,56.99171,10.30538,https://www.boliga.dk/adresse/vestpieren-6-9370-hals-623111222
Strandvejen 19B,4944,Fejø,1195000,Fritidshus,62,4.0,1960,-,165,27.8,2927.0,2552.0,54.93502,11.37668,https://www.boliga.dk/adresse/strandvejen-19b-4944-fejoe-1298276457
Skudehavnen 15,8400,Ebeltoft,2595000,Fritidshus,92,3.0,1978,c,136,28.2,2946.0,3151.0,56.19253,10.66962,https://www.boliga.dk/adresse/skudehavnen-15-8400-ebeltoft-696025340
Maarup Havn 2,8305,Samsø,4945000,Fritidshus,144,6.0,1890,B,29,28.5,1787.0,1784.0,55.93812,10.55228,https://www.boliga.dk/adresse/maarup-havn-2-8305-samsoe-931857698
"Fjordvejen 38, Gørding",7570,Vemb,2195000,Fritidshus,180,6.0,1928,C,109,28.7,1089.0,4460.0,56.34131,8.25691,https://www.boliga.dk/adresse/fjordvejen-38-7570-vemb-1313035456
Havnevej 12E st,8400,Ebeltoft,1998000,Fritidshus,59,2.0,2007,c,49,28.9,2785.0,2872.0,56.19503,10.67177,https://www.boliga.dk/adresse/havnevej-12e-st-8400-ebeltoft-1730774994
"Østre Strandvej 146, Hasmark Strand",5450,Otterup,2795000,Fritidshus,52,2.0,1939,-,373,28.9,3290.0,9045.0,55.55972,10.47005,https://www.boliga.dk/adresse/oestre-strandvej-146-5450-otterup-1439890206
Hornsherredvej 250,4070,Kirke Hyllinge,12750000,Villa/Parcelhus,145,4.0,2018,I,118,29.0,2879.0,236.0,55.68216,11.94598,https://www.boliga.dk/adresse/hornsherredvej-250-4070-kirke-hyllinge-1842786733
Skydebanevej 9,4780,Stege,4995000,Fritidshus,151,4.0,1893,c,271,29.0,327.0,1142.0,55.00161,12.27342,https://www.boliga.dk/adresse/skydebanevej-9-4780-stege-1646477097
Dæmningsvej 9,4840,Nørre Alslev,995000,Fritidshus,119,3.0,1870,-,20,29.0,3929.0,9074.0,54.93758,11.80798,https://www.boliga.dk/adresse/daemningsvej-9-4840-noerre-alslev-1399795307
Havnegade 35,4900,Nakskov,3750000,Villa/Parcelhus,313,8.0,1910,e,507,29.1,2142.0,1883.0,54.8297,11.13386,https://www.boliga.dk/adresse/havnegade-35-4900-nakskov-1884058093
Øen Barneholm 1,4900,Nakskov,18000000,Fritidshus,318,8.0,1965,-,1140,29.3,1407.0,4636.0,54.82736,11.08867,https://www.boliga.dk/adresse/oeen-barneholm-1-4900-nakskov-1909694106
"Sellerup Strandvej 40, Brejning",7080,Børkop,7100000,Villa/Parcelhus,130,3.0,2004,K,85,29.6,4203.0,5192.0,55.68408,9.68281,https://www.boliga.dk/adresse/sellerup-strandvej-40-7080-boerkop-335890729
"Vigsvej 19, Drejø",5700,Svendborg,1095000,Fritidshus,60,3.0,1888,F,36,29.9,6933.0,8432.0,54.97426,10.42071,https://www.boliga.dk/adresse/vigsvej-19-5700-svendborg-394691900
Strandvejen 19,5960,Marstal,5795000,Fritidshus,136,5.0,1904,c,99,29.9,7213.0,1134.0,54.85979,10.51821,https://www.boliga.dk/adresse/strandvejen-19-5960-marstal-340885850
"Kystvejen 10B, Saksild Str",8300,Odder,7295000,Fritidshus,71,3.0,1927,-,164,30.7,3848.0,4204.0,55.98181,10.2519,https://www.boliga.dk/adresse/kystvejen-10b-8300-odder-1972134294
Havnegade 8,5600,Faaborg,3495000,Fritidshus,168,6.0,1890,C,114,31.1,7482.0,10538.0,55.095,10.24033,https://www.boliga.dk/adresse/havnegade-8-5600-faaborg-1040523798
Fjordvej 30,7900,Nykøbing M,6995000,Fritidshus,328,9.0,1947,B,478,31.2,2443.0,2322.0,56.80322,8.87608,https://www.boliga.dk/adresse/fjordvej-30-7900-nykoebing-m-1424209157
Gl Strandvej 13,5500,Middelfart,9650000,Villa/Parcelhus,174,4.0,1907,c,90,31.2,3169.0,859.0,55.50973,9.75439,https://www.boliga.dk/adresse/gl-strandvej-13-5500-middelfart-206100027
Teglgårdsvej 94,5500,Middelfart,6495000,Villa/Parcelhus,158,6.0,1901,C,35,31.4,5459.0,967.0,55.49452,9.72019,https://www.boliga.dk/adresse/teglgaardsvej-94-5500-middelfart-400675204
Broholmvej 69B,4220,Korsør,4495000,Fritidshus,77,4.0,2003,-,119,31.4,1228.0,5225.0,55.38188,11.19913,https://www.boliga.dk/adresse/broholmvej-69b-4220-korsoer-1306745470
Storkenhøjvej 101,5400,Bogense,5995000,Villalejlighed,222,7.0,1897,K,1,31.5,7661.0,1483.0,55.55841,10.04794,https://www.boliga.dk/adresse/storkenhoejvej-101-5400-bogense-1766725932
Havnevej 12,6320,Egernsund,349000,Helårsgrund,0,0.0,0,-,633,31.8,4768.0,1861.0,54.90739,9.60125,https://www.boliga.dk/adresse/havnevej-12-6320-egernsund-2091206929
Norvej 8,4220,Korsør,3995000,Fritidshus,152,5.0,1848,C,673,32.1,1154.0,1952.0,55.33177,11.1929,https://www.boliga.dk/adresse/norvej-8-4220-korsoer-359176130
"Vang 68, Vang",3790,Hasle,8450000,Fritidshus,134,4.0,1897,-,86,32.9,3704.0,662.0,55.24936,14.73772,https://www.boliga.dk/adresse/vang-68-3790-hasle-1812069197
Ny Holstensprøve 8,5600,Faaborg,3795000,Fritidshus,83,4.0,1950,-,438,32.9,6494.0,7450.0,55.08035,10.28427,https://www.boliga.dk/adresse/ny-holstensproeve-8-5600-faaborg-1837360607
"Løkkevænget 19, Hasmark Strand",5450,Otterup,4295000,Fritidshus,36,5.0,1931,-,74,33.1,2929.0,9236.0,55.56412,10.45924,https://www.boliga.dk/adresse/loekkevaenget-19-5450-otterup-1167410784
Gl Strandvej 15,5500,Middelfart,8500000,Villa/Parcelhus,198,7.0,1910,D,109,33.1,3158.0,837.0,55.50993,9.75461,https://www.boliga.dk/adresse/gl-strandvej-15-5500-middelfart-613543460
Fjordvejen 106,6340,Kruså,9800000,Villa/Parcelhus,187,5.0,1910,K,98,33.2,3410.0,3634.0,54.86369,9.50029,https://www.boliga.dk/adresse/fjordvejen-106-6340-krusaa-919375443
"Rådstuestræde 3, st. 4., Sandvig",3770,Allinge,3700000,Fritidshus,68,3.0,1979,-,196,33.5,7543.0,2409.0,55.28908,14.78054,https://www.boliga.dk/adresse/raadstuestraede-3-st-4-3770-allinge-1675818158
Strandvej 34,3600,Frederikssund,10500000,Villa/Parcelhus,199,5.0,1988,C,48,33.5,4282.0,3521.0,55.84805,12.0449,https://www.boliga.dk/adresse/strandvej-34-3600-frederikssund-946891756
"Vestre Strandvej 35, Hasmark Strand",5450,Otterup,4277000,Fritidshus,97,4.0,1934,-,157,33.6,2853.0,9427.0,55.5671,10.45307,https://www.boliga.dk/adresse/vestre-strandvej-35-5450-otterup-872403122
"Vang 70, Vang",3790,Hasle,3995000,Fritidshus,112,3.0,1777,-,66,33.8,3746.0,701.0,55.24977,14.73814,https://www.boliga.dk/adresse/vang-70-3790-hasle-1135421104
Varnæsvej 79,6200,Aabenraa,9995000,Villa/Parcelhus,238,5.0,1968,C,291,33.9,5791.0,2543.0,55.01632,9.45198,https://www.boliga.dk/adresse/varnaesvej-79-6200-aabenraa-841713053
Kalundborgvej 26,4300,Holbæk,9495000,Villa/Parcelhus,290,7.0,1943,c,499,34.2,2896.0,2437.0,55.71882,11.70218,https://www.boliga.dk/adresse/kalundborgvej-26-4300-holbaek-940082824
"Kelstrupvej 114, Kelstrup Strand",6100,Haderslev,1995000,Fritidshus,40,3.0,1987,-,67,34.3,2486.0,1374.0,55.19201,9.58356,https://www.boliga.dk/adresse/kelstrupvej-114-6100-haderslev-721421343
Skiffervej 2,6280,Højer,1795000,Fritidshus,28,1.0,2002,-,540,34.4,1591.0,7480.0,55.02462,8.63904,https://www.boliga.dk/adresse/skiffervej-2-6280-hoejer-420889601
"Strandvejen 86, st. mf.",8400,Ebeltoft,2400000,Fritidshus,66,2.0,2025,-,317,35.2,2789.0,2803.0,56.19565,10.67166,https://www.boliga.dk/adresse/strandvejen-86-st-mf-8400-ebeltoft-281781555
Pilevej 15,5450,Otterup,6650000,Fritidshus,60,5.0,2017,g,176,35.3,2952.0,11195.0,55.59529,10.39417,https://www.boliga.dk/adresse/pilevej-15-5450-otterup-2013841072
Hellebakkevej 4,3360,Liseleje,27500000,Fritidshus,100,2.0,2011,-,15,35.3,2362.0,3329.0,56.00778,11.94305,https://www.boliga.dk/adresse/hellebakkevej-4-3360-liseleje-2082661398
Kystvejen 184A,4671,Strøby,7495000,Helårsgrund,0,0.0,0,-,155,35.4,2215.0,7288.0,55.4084,12.27595,https://www.boliga.dk/adresse/kystvejen-184a-4671-stroeby-328631592
"Skovhaverne 39, Skovkrogen",5683,Haarby,2695000,Fritidshus,62,3.0,1950,-,52,35.4,4899.0,8898.0,55.17646,10.06555,https://www.boliga.dk/adresse/skovhaverne-39-5683-haarby-1176810319
Fjordvej 32,7900,Nykøbing M,4495000,Fritidshus,159,5.0,1963,D,340,35.5,2427.0,2304.0,56.80348,8.87582,https://www.boliga.dk/adresse/fjordvej-32-7900-nykoebing-m-1026914376
"Strandvejen 90, 1. th",8400,Ebeltoft,5700000,Fritidshus,133,3.0,2025,-,316,35.6,2802.0,2829.0,56.19542,10.67147,https://www.boliga.dk/adresse/strandvejen-90-1-th-8400-ebeltoft-1444810396
"Nødebovejen 132, Nødebohuse",3390,Hundested,9995000,Fritidshus,46,1.0,2025,-,128,35.6,1696.0,2182.0,55.993,11.90629,https://www.boliga.dk/adresse/noedebovejen-132-3390-hundested-950163218
"Rudbæksbanke 31C, Strib",5500,Middelfart,7995000,Villa/Parcelhus,196,5.0,2005,C,235,35.8,3484.0,2024.0,55.53106,9.77005,https://www.boliga.dk/adresse/rudbaeksbanke-31c-5500-middelfart-62443069
Kongsmarkvej 152,4200,Slagelse,4600000,Fritidshus,67,3.0,2006,-,134,36.5,2745.0,4497.0,55.42549,11.19766,https://www.boliga.dk/adresse/kongsmarkvej-152-4200-slagelse-1074265176
Gl Strandvej 142,5500,Middelfart,13500000,Villa/Parcelhus,207,8.0,1927,c,447,36.9,3009.0,1102.0,55.52287,9.76633,https://www.boliga.dk/adresse/gl-strandvej-142-5500-middelfart-898541017
"Holmbjergvej 54, Knebelbro",8420,Knebel,6800000,Villa/Parcelhus,276,5.0,1968,B,421,37.1,1983.0,768.0,56.20275,10.47175,https://www.boliga.dk/adresse/holmbjergvej-54-8420-knebel-1656910128
Skrænten 4,4220,Korsør,14495000,Fritidshus,189,5.0,2009,B,442,37.3,2945.0,3620.0,55.31529,11.16028,https://www.boliga.dk/adresse/skraenten-4-4220-korsoer-142471719
Bjørnemosevej 18,5700,Svendborg,13900000,Villa/Parcelhus,163,5.0,1971,K,203,37.5,2164.0,2739.0,55.05686,10.6548,https://www.boliga.dk/adresse/bjoernemosevej-18-5700-svendborg-19691939
Saltebakken 46A,9900,Frederikshavn,3695000,Villa/Parcelhus,185,4.0,1996,d,73,37.5,1870.0,2827.0,57.42251,10.52767,https://www.boliga.dk/adresse/saltebakken-46a-9900-frederikshavn-1876476760
"Melsted Langgade 29, Melsted",3760,Gudhjem,2395000,Villa/Parcelhus,122,3.0,1960,E,71,37.7,2826.0,8470.0,55.20555,14.9796,https://www.boliga.dk/adresse/melsted-langgade-29-3760-gudhjem-632518574
Havnen 6A,9300,Sæby,10500000,Fritidshus,159,3.0,1953,B,23,37.7,3630.0,2409.0,57.33391,10.52869,https://www.boliga.dk/adresse/havnen-6a-9300-saeby-1899689688
Askø Strandvig 1,4942,Askø,995000,Fritidshus,69,3.0,2005,-,101,37.8,8565.0,7046.0,54.89491,11.5018,https://www.boliga.dk/adresse/askoe-strandvig-1-4942-askoe-1783879381
Flensborgvej 102,6200,Aabenraa,5495000,Villa/Parcelhus,177,6.0,1995,C,105,38.1,4977.0,632.0,55.02581,9.42322,https://www.boliga.dk/adresse/flensborgvej-102-6200-aabenraa-1059501724
"Gl Strandvej 140, Strib",5500,Middelfart,9950000,Villa/Parcelhus,192,4.0,1932,C,58,38.1,3007.0,1076.0,55.52263,9.76604,https://www.boliga.dk/adresse/gl-strandvej-140-5500-middelfart-1176626990
Færgevej 97A,3600,Frederikssund,7800000,Villa/Parcelhus,223,6.0,1937,E,71,38.2,4150.0,3272.0,55.84341,12.04567,https://www.boliga.dk/adresse/faergevej-97a-3600-frederikssund-137944265
Fjordvej 36,7900,Nykøbing M,5975000,Fritidshus,164,6.0,1961,C,31,38.2,2413.0,2289.0,56.80372,8.87561,https://www.boliga.dk/adresse/fjordvej-36-7900-nykoebing-m-1395878809
"Kelstrupvej 122, Kelstrup",6100,Haderslev,1145000,Fritidsgrund,0,0.0,0,-,127,38.3,2483.0,1387.0,55.19214,9.5838,https://www.boliga.dk/adresse/kelstrupvej-122-6100-haderslev-12076847
Spegerborgvej 24A,4230,Skælskør,6195000,Fritidshus,166,6.0,1879,d,85,38.7,2089.0,2669.0,55.25021,11.28974,https://www.boliga.dk/adresse/spegerborgvej-24a-4230-skaelskoer-819058235
Masnedøvej 34,4760,Vordingborg,2395000,Villa/Parcelhus,93,4.0,1897,c,38,38.7,6080.0,4016.0,54.98017,11.89736,https://www.boliga.dk/adresse/masnedoevej-34-4760-vordingborg-1145759526
Krik Strandvej 62,7770,Vestervig,1275000,Fritidshus,130,5.0,1900,e,339,38.8,887.0,7913.0,56.77144,8.27588,https://www.boliga.dk/adresse/krik-strandvej-62-7770-vestervig-907477409
"Kildegårdsvej 33, Åstrup",5600,Faaborg,3295000,Fritidshus,43,0.0,2016,-,37,39.0,6008.0,5175.0,55.06271,10.31955,https://www.boliga.dk/adresse/kildegaardsvej-33-5600-faaborg-668673199
"Ndr. Strandvej 5C, 1. th.",8400,Ebeltoft,1795000,Fritidshus,46,1.0,1978,D,354,39.1,2546.0,2008.0,56.20258,10.67711,https://www.boliga.dk/adresse/ndr-strandvej-5c-1-th-8400-ebeltoft-1856998069
"Fiskerstien 4, Hasmark Strand",5450,Otterup,3495000,Fritidshus,90,5.0,1957,-,156,39.4,3756.0,8990.0,55.55635,10.47966,https://www.boliga.dk/adresse/fiskerstien-4-5450-otterup-595409966
"Broholmvej 42, Frølunde Fed",4220,Korsør,3595000,Villa/Parcelhus,124,4.0,1958,F,85,39.5,1241.0,4769.0,55.38069,11.19149,https://www.boliga.dk/adresse/broholmvej-42-4220-korsoer-1944660590
"Kystvejen 7B, 2. MF",4400,Kalundborg,995000,Landejendom,70,2.0,2004,B,63,39.5,1540.0,5306.0,55.69587,11.03277,https://www.boliga.dk/adresse/kystvejen-7b-2-mf-4400-kalundborg-1590139165
"Østre Strandvej 278, Hasmark Strand",5450,Otterup,2595000,Fritidshus,52,3.0,1933,-,288,39.6,3849.0,8954.0,55.55536,10.48155,https://www.boliga.dk/adresse/oestre-strandvej-278-5450-otterup-661651710
"Gl Strandvej 43, Strib",5500,Middelfart,12495000,Villa/Parcelhus,332,6.0,1980,C,122,39.6,3021.0,557.0,55.51329,9.75793,https://www.boliga.dk/adresse/gl-strandvej-43-5500-middelfart-768199094
Toldbodvej 50,4581,Rørvig,7500000,Villa/Parcelhus,236,6.0,1935,B,158,39.7,4152.0,6218.0,55.94399,11.76059,https://www.boliga.dk/adresse/toldbodvej-50-4581-roervig-1496395431
"Vang 101, Vang",3790,Hasle,7495000,Fritidshus,170,5.0,1777,C,45,39.7,3552.0,559.0,55.2481,14.73644,https://www.boliga.dk/adresse/vang-101-3790-hasle-1513781884
Strandgade 22,8300,Odder,3995000,Fritidshus,110,4.0,1975,-,160,39.9,1275.0,2418.0,55.91162,10.25024,https://www.boliga.dk/adresse/strandgade-22-8300-odder-467159880
"Bjerghammer 42, Faldsled",5642,Millinge,2995000,Fritidshus,74,4.0,2006,-,122,40.0,3736.0,7682.0,55.15894,10.1338,https://www.boliga.dk/adresse/bjerghammer-42-5642-millinge-2045425724
Gl Færgevej 107 st,6300,Gråsten,1495000,Villa/Parcelhus,181,7.0,1897,g,1235,40.1,4531.0,2036.0,54.90722,9.5975,https://www.boliga.dk/adresse/gl-faergevej-107-st-6300-graasten-498983548
Nordre Strandvej 254B,3140,Ålsgårde,12900000,Villa/Parcelhus,165,6.0,1887,d,426,40.2,3295.0,7273.0,56.08491,12.52079,https://www.boliga.dk/adresse/nordre-strandvej-254b-3140-aalsgaarde-318789608
Strandvejen 5,4944,Fejø,2495000,Fritidshus,213,8.0,1946,B,170,40.3,2784.0,2669.0,54.93604,11.37491,https://www.boliga.dk/adresse/strandvejen-5-4944-fejoe-1149054250
"Fjordvej 10, Hvalpsund",9640,Farsø,1995000,Fritidshus,146,6.0,1935,C,333,40.4,4162.0,476.0,56.70216,9.20003,https://www.boliga.dk/adresse/fjordvej-10-9640-farsoe-662786720
Mågevej 30,5610,Assens,3700000,Fritidshus,67,3.0,1955,-,25,40.4,1909.0,2150.0,55.264,9.88245,https://www.boliga.dk/adresse/maagevej-30-5610-assens-1112632033
"Øksnebjerg 40, Langø",5390,Martofte,2450000,Fritidshus,57,3.0,2011,-,783,40.6,6781.0,14662.0,55.54763,10.61956,https://www.boliga.dk/adresse/oeksnebjerg-40-5390-martofte-1984653635
"Bredetved Strand 2, Bredetved",4300,Holbæk,6495000,Villa/Parcelhus,131,4.0,1900,B,107,40.6,1545.0,7439.0,55.70454,11.79074,https://www.boliga.dk/adresse/bredetved-strand-2-4300-holbaek-999412895
Strandvej 41,5700,Svendborg,12995000,Villa/Parcelhus,253,8.0,1920,C,480,40.8,4854.0,543.0,55.05362,10.60433,https://www.boliga.dk/adresse/strandvej-41-5700-svendborg-1445440126
Havnegade 11,4900,Nakskov,3500000,Villa/Parcelhus,386,8.0,1910,K,105,41.2,2105.0,2017.0,54.83051,11.13222,https://www.boliga.dk/adresse/havnegade-11-4900-nakskov-907342196
Klintestien 28,4720,Præstø,4500000,Fritidshus,81,4.0,1961,-,156,41.3,5024.0,6191.0,55.12961,12.13732,https://www.boliga.dk/adresse/klintestien-28-4720-praestoe-787133780
"Bellisvej 37, Revsøre",5874,Hesselager,2835000,Villa/Parcelhus,137,6.0,2004,B,162,41.4,2412.0,4960.0,55.20992,10.8102,https://www.boliga.dk/adresse/bellisvej-37-5874-hesselager-1756277278
"Grynderup Strand 28, Grynderup",7870,Roslev,2975000,Fritidshus,86,5.0,1935,-,395,41.5,2638.0,3929.0,56.77478,8.91228,https://www.boliga.dk/adresse/grynderup-strand-28-7870-roslev-1149863532
Norsmindevej 170,8340,Malling,8750000,Villa/Parcelhus,236,7.0,1870,K,512,41.8,2608.0,7866.0,56.02679,10.25526,https://www.boliga.dk/adresse/norsmindevej-170-8340-malling-1492745956
"Ndr. Strandvej 5k, 1. tv.",8400,Ebeltoft,1795000,Fritidshus,48,1.0,1978,E,29,42.0,2545.0,1987.0,56.20276,10.67721,https://www.boliga.dk/adresse/ndr-strandvej-5k-1-tv-8400-ebeltoft-282248279
Rudbæksbanke 17,5500,Middelfart,15995000,Villa/Parcelhus,303,6.0,2011,b,359,42.0,3356.0,1835.0,55.52937,9.76961,https://www.boliga.dk/adresse/rudbaeksbanke-17-5500-middelfart-873556230
Strandløkkevej 44,5800,Nyborg,4995000,Fritidshus,83,3.0,1955,-,660,42.0,4405.0,7493.0,55.38825,10.76189,https://www.boliga.dk/adresse/strandloekkevej-44-5800-nyborg-387662424
"Dæmningen 101, Strib",5500,Middelfart,9500000,Villa/Parcelhus,180,5.0,1892,B,371,42.0,4248.0,3620.0,55.54339,9.78701,https://www.boliga.dk/adresse/daemningen-101-5500-middelfart-746943423
"Ronæsbrovej 12, Ronæs",5580,Nørre Aaby,3995000,Villa/Parcelhus,418,14.0,1890,E,129,42.3,2932.0,5303.0,55.43612,9.8249,https://www.boliga.dk/adresse/ronaesbrovej-12-5580-noerre-aaby-970633081
"Strandvejen 41, Ballen",8305,Samsø,7498000,Fritidshus,157,5.0,1939,C,371,42.4,2107.0,3067.0,55.82382,10.63661,https://www.boliga.dk/adresse/strandvejen-41-8305-samsoe-845367212
Vibelunden 48,4540,Fårevejle,14600000,Fritidshus,85,5.0,1932,-,184,42.4,3519.0,4445.0,55.84161,11.43204,https://www.boliga.dk/adresse/vibelunden-48-4540-faarevejle-1061515249
Strandvejen 236,5500,Middelfart,3795000,Villa/Parcelhus,78,3.0,1943,f,56,42.7,4019.0,2572.0,55.53607,9.76773,https://www.boliga.dk/adresse/strandvejen-236-5500-middelfart-1291823875
Søndre Landevej 44,3720,Aakirkeby,6375000,Villa/Parcelhus,55,2.0,2020,-,507,42.7,3745.0,5077.0,55.05117,14.8078,https://www.boliga.dk/adresse/soendre-landevej-44-3720-aakirkeby-631565447
Hornsherredvej 256,4070,Kirke Hyllinge,7995000,Fritidshus,130,6.0,2007,-,162,42.8,2941.0,178.0,55.68282,11.94624,https://www.boliga.dk/adresse/hornsherredvej-256-4070-kirke-hyllinge-271334136
"Vigen 96, Andkær Vig",7080,Børkop,7600000,Villa/Parcelhus,215,8.0,1877,D,451,42.8,5573.0,3582.0,55.68947,9.65537,https://www.boliga.dk/adresse/vigen-96-7080-boerkop-851355411
Kongsmarkvej 169,4200,Slagelse,2995000,Fritidshus,100,3.0,1940,C,130,43.0,2782.0,4702.0,55.4236,11.19704,https://www.boliga.dk/adresse/kongsmarkvej-169-4200-slagelse-274192156
Ved Majtræet 201,5700,Svendborg,7995000,Villa/Parcelhus,190,6.0,1981,c,539,43.0,2270.0,3161.0,55.04978,10.67034,https://www.boliga.dk/adresse/ved-majtraeet-201-5700-svendborg-1494950050
Guldborgvej 2D,4800,Nykøbing F,8250000,Villa/Parcelhus,237,6.0,2008,J,70,43.5,3043.0,1970.0,54.76864,11.85543,https://www.boliga.dk/adresse/guldborgvej-2d-4800-nykoebing-f-140430818
"Troense Strandvej 84, Tåsinge",5700,Svendborg,13995000,Villa/Parcelhus,204,4.0,2015,K,358,44.1,4590.0,1939.0,55.0307,10.65538,https://www.boliga.dk/adresse/troense-strandvej-84-5700-svendborg-1555600447
"Fjordvejen 9, Gørding",7570,Vemb,2395000,Fritidshus,315,6.0,1998,D,11,44.3,1483.0,4570.0,56.33344,8.26854,https://www.boliga.dk/adresse/fjordvejen-9-7570-vemb-864500377
"Appenæs Bygade 96A, Appenæs",4700,Næstved,4695000,Villa/Parcelhus,269,6.0,1932,D,829,44.3,4141.0,6448.0,55.19483,11.74321,https://www.boliga.dk/adresse/appenaes-bygade-96a-4700-naestved-901537813
Marinavej 12,6320,Egernsund,2795000,Fritidshus,109,4.0,2005,-,737,44.3,4321.0,356.0,54.89843,9.61885,https://www.boliga.dk/adresse/marinavej-12-6320-egernsund-886003033
Sønderballevej 79,6230,Rødekro,1695000,Fritidshus,46,2.0,1963,-,318,44.4,3576.0,8851.0,55.13156,9.47313,https://www.boliga.dk/adresse/soenderballevej-79-6230-roedekro-298292432
Storstrømsvej 17,4862,Guldborg,4295000,Fritidshus,141,5.0,1915,d,20,44.4,1593.0,8412.0,54.87253,11.75262,https://www.boliga.dk/adresse/storstroemsvej-17-4862-guldborg-2040059302
Nødebovejen 160,3390,Hundested,8495000,Fritidshus,93,4.0,1947,-,77,44.6,1848.0,2219.0,55.99118,11.90249,https://www.boliga.dk/adresse/noedebovejen-160-3390-hundested-767180235
Vigen 1,9900,Frederikshavn,2795000,Villa/Parcelhus,191,4.0,1986,f,1833,44.7,1612.0,3132.0,57.41963,10.52736,https://www.boliga.dk/adresse/vigen-1-9900-frederikshavn-852175963
Elsehoved 14,5882,Vejstrup,3195000,Fritidshus,49,2.0,1962,-,142,44.8,2915.0,2414.0,55.10242,10.77385,https://www.boliga.dk/adresse/elsehoved-14-5882-vejstrup-530128166
"Flensborgvej 160, Styrtom",6200,Aabenraa,750000,Helårsgrund,0,0.0,0,-,189,44.9,5107.0,1074.0,55.02228,9.43088,https://www.boliga.dk/adresse/flensborgvej-160-6200-aabenraa-1249341142
"Gammel Strandvej 115, Bisserup",4243,Rude,2995000,Fritidshus,44,4.0,1935,-,225,45.1,2286.0,6183.0,55.19881,11.51276,https://www.boliga.dk/adresse/gammel-strandvej-115-4243-rude-180095538
Porsvej 32,7900,Nykøbing M,5975000,Fritidshus,168,5.0,2010,-,351,45.2,2601.0,2515.0,56.79825,8.87737,https://www.boliga.dk/adresse/porsvej-32-7900-nykoebing-m-1857157809
Varnæsvej 71,6200,Aabenraa,16750000,Villa/Parcelhus,236,5.0,2022,I,507,45.3,5845.0,2488.0,55.01649,9.45117,https://www.boliga.dk/adresse/varnaesvej-71-6200-aabenraa-92799775
Dragsbækvej 80,7700,Thisted,3975000,Villa/Parcelhus,187,3.0,1925,C,451,45.5,2163.0,3276.0,56.95304,8.67206,https://www.boliga.dk/adresse/dragsbaekvej-80-7700-thisted-2014070135
Møllevej 24,8585,Glesborg,5998000,Fritidshus,220,6.0,1776,B,161,45.5,972.0,8199.0,56.53004,10.69947,https://www.boliga.dk/adresse/moellevej-24-8585-glesborg-806992967
Strandvej 72A,5762,Vester Skerninge,9995000,Villa/Parcelhus,182,5.0,1937,c,168,45.8,1451.0,2346.0,55.03984,10.48002,https://www.boliga.dk/adresse/strandvej-72a-5762-vester-skerninge-1753924992
"Ndr. Strandvej 3, Tejn",3770,Allinge,3345000,Fritidshus,242,6.0,1828,E,117,46.0,4522.0,3877.0,55.24742,14.83769,https://www.boliga.dk/adresse/ndr-strandvej-3-3770-allinge-1622558395
Strandvejen 77,4880,Nysted,3200000,Villa/Parcelhus,111,3.0,1884,c,6,46.0,1846.0,761.0,54.66272,11.7312,https://www.boliga.dk/adresse/strandvejen-77-4880-nysted-2047702585
"Olfert Fischers Vej 4, Tåsinge",5700,Svendborg,6645000,Villa/Parcelhus,139,5.0,1947,C,163,46.5,5621.0,790.0,55.04389,10.60481,https://www.boliga.dk/adresse/olfert-fischers-vej-4-5700-svendborg-839815218
Marie Grubbes Vej 12B,4792,Askeby,7000000,Fritidshus,260,8.0,1900,-,92,46.5,3283.0,4595.0,54.90231,12.11115,https://www.boliga.dk/adresse/marie-grubbes-vej-12b-4792-askeby-594251939
Strandlysthuse 33,5330,Munkebo,2195000,Fritidshus,60,3.0,2012,-,155,46.6,2452.0,7193.0,55.44991,10.55698,https://www.boliga.dk/adresse/strandlysthuse-33-5330-munkebo-305511201
"Åbogade 6, Gudhjem",3760,Gudhjem,1695000,Villa/Parcelhus,117,5.0,1827,G,109,46.8,2480.0,9333.0,55.21186,14.97147,https://www.boliga.dk/adresse/aabogade-6-3760-gudhjem-1364526903
Søndre Strandvej 64B,3000,Helsingør,9950000,Villa/Parcelhus,150,2.0,1952,D,7,46.8,5484.0,6326.0,56.01979,12.60194,https://www.boliga.dk/adresse/soendre-strandvej-64b-3000-helsingoer-61056660
"Holmbjergvej 83, Knebelbro",8420,Knebel,1750000,Villa/Parcelhus,159,5.0,1899,E,939,47.0,2064.0,846.0,56.20215,10.47088,https://www.boliga.dk/adresse/holmbjergvej-83-8420-knebel-2141812449
Havnevej 28,6320,Egernsund,1995000,Villa/Parcelhus,140,5.0,1937,D,109,47.2,4900.0,1846.0,54.90823,9.60299,https://www.boliga.dk/adresse/havnevej-28-6320-egernsund-553030150
Søndre Strandvej 52D,3000,Helsingør,12750000,Villa/Parcelhus,241,8.0,1940,D,122,47.2,5498.0,6162.0,56.0222,12.60368,https://www.boliga.dk/adresse/soendre-strandvej-52d-3000-helsingoer-1757498755
"Mullerup Strandvej 95, Mullerup",4200,Slagelse,2645000,Fritidshus,73,4.0,0,-,128,47.2,1718.0,3388.0,55.49504,11.17551,https://www.boliga.dk/adresse/mullerup-strandvej-95-4200-slagelse-586763242
"Marinaen 9, Hvalpsund",9640,Farsø,2645000,Fritidshus,103,4.0,2023,-,717,47.4,4306.0,482.0,56.70406,9.20281,https://www.boliga.dk/adresse/marinaen-9-9640-farsoe-133756002
Stubberupvej 44,4880,Nysted,3795000,Fritidshus,104,5.0,1827,D,105,47.5,1308.0,2797.0,54.66454,11.69089,https://www.boliga.dk/adresse/stubberupvej-44-4880-nysted-1967715014
Svinget 2A,6320,Egernsund,3850000,Villa/Parcelhus,232,6.0,1984,C,57,47.5,5279.0,1826.0,54.9103,9.60813,https://www.boliga.dk/adresse/svinget-2a-6320-egernsund-1406117152
"Kystvejen 2, Jørgensø Strand",5450,Otterup,2750000,Fritidshus,49,3.0,1952,-,18,47.6,2900.0,9688.0,55.57055,10.44658,https://www.boliga.dk/adresse/kystvejen-2-5450-otterup-642821394
Dæmningen 4C,4220,Korsør,1498000,Fritidsgrund,0,0.0,0,-,11,47.6,2835.0,3029.0,55.32654,11.15988,https://www.boliga.dk/adresse/daemningen-4c-4220-korsoer-664944303
Skansørevej 2,3000,Helsingør,10500000,Villa/Parcelhus,176,6.0,1971,D,2,47.7,5532.0,6015.0,56.02434,12.60537,https://www.boliga.dk/adresse/skansoerevej-2-3000-helsingoer-1382178972
"Fjordvej 8, Hvalpsund",9640,Farsø,6995000,Fritidshus,225,5.0,2003,B,4,47.7,4157.0,476.0,56.70196,9.19989,https://www.boliga.dk/adresse/fjordvej-8-9640-farsoe-1503849602
Strandvejen 40,8410,Rønde,4595000,Fritidshus,53,2.0,2020,-,105,47.8,521.0,1509.0,56.29606,10.43115,https://www.boliga.dk/adresse/strandvejen-40-8410-roende-1156556528
Næssundvej 520,7960,Karby,2095000,Fritidshus,213,7.0,1915,D,2554,47.9,2137.0,5011.0,56.73789,8.50516,https://www.boliga.dk/adresse/naessundvej-520-7960-karby-813184678
Dragsbækvej 78,7700,Thisted,2375000,Villa/Parcelhus,227,3.0,1927,D,706,47.9,2164.0,3270.0,56.9531,8.67227,https://www.boliga.dk/adresse/dragsbaekvej-78-7700-thisted-361584119
Havnepladsen 10,4673,Rødvig Stevns,6395000,Villa/Parcelhus,278,11.0,1950,E,38,48.0,3357.0,10472.0,55.2541,12.37594,https://www.boliga.dk/adresse/havnepladsen-10-4673-roedvig-stevns-1075307036
Strandvejen 42,8410,Rønde,5998000,Fritidsgrund,79,3.0,2015,-,332,48.2,536.0,1523.0,56.29608,10.43089,https://www.boliga.dk/adresse/strandvejen-42-8410-roende-1741025228
Sætting Strandvej 26,5700,Svendborg,7495000,Villa/Parcelhus,284,7.0,1877,C,432,48.8,3825.0,1229.0,55.04218,10.57301,https://www.boliga.dk/adresse/saetting-strandvej-26-5700-svendborg-1928234696
Musvågevej 20,5800,Nyborg,8995000,Fritidshus,90,5.0,1947,-,48,48.9,5476.0,9383.0,55.36968,10.77732,https://www.boliga.dk/adresse/musvaagevej-20-5800-nyborg-1396043474
Otte Ruds Vej 10,5700,Svendborg,11900000,Villa/Parcelhus,177,6.0,1913,D,357,48.9,4720.0,579.0,55.05307,10.61057,https://www.boliga.dk/adresse/otte-ruds-vej-10-5700-svendborg-2037118806
"Strandgade 47, Tåsinge",5700,Svendborg,6295000,Villa/Parcelhus,203,8.0,1780,D,388,48.9,4574.0,858.0,55.0355,10.64005,https://www.boliga.dk/adresse/strandgade-47-5700-svendborg-1175684522
"Kystvej 27, Lundeborg",5874,Hesselager,3995000,Villa/Parcelhus,196,6.0,1893,C,382,48.9,4231.0,4483.0,55.13612,10.78135,https://www.boliga.dk/adresse/kystvej-27-5874-hesselager-2029321649
Stødby Strandvej 30,4983,Dannemare,4250000,Fritidshus,104,4.0,1935,-,326,49.0,1756.0,8970.0,54.73416,11.13094,https://www.boliga.dk/adresse/stoedby-strandvej-30-4983-dannemare-450645975
Sønderballe Strand 83,6100,Haderslev,2345000,Fritidshus,116,3.0,1797,-,470,49.2,3867.0,8736.0,55.13025,9.4817,https://www.boliga.dk/adresse/soenderballe-strand-83-6100-haderslev-143078396
Strandlysthuse 76,5330,Munkebo,2395000,Fritidshus,44,2.0,2022,-,116,49.5,2537.0,7214.0,55.44907,10.55576,https://www.boliga.dk/adresse/strandlysthuse-76-5330-munkebo-1419731775
"Hejsager Strandvej 268, Hejsager Strand",6100,Haderslev,1795000,Fritidshus,60,3.0,1969,-,125,49.5,2573.0,1755.0,55.19391,9.58979,https://www.boliga.dk/adresse/hejsager-strandvej-268-6100-haderslev-1481645748
Egebjergvej 167,4500,Nykøbing Sj,3195000,Fritidshus,152,5.0,1777,d,455,49.6,2144.0,852.0,55.89319,11.66438,https://www.boliga.dk/adresse/egebjergvej-167-4500-nykoebing-sj-24783517
Tryllevej 3,7080,Børkop,5875000,Fritidshus,102,4.0,2000,-,77,49.8,2181.0,2985.0,55.64704,9.74205,https://www.boliga.dk/adresse/tryllevej-3-7080-boerkop-1991197007
"Brombærvej 10, Tørresø Strand",5450,Otterup,2995000,Fritidshus,57,2.0,2013,-,71,49.8,2754.0,11284.0,55.59703,10.38908,https://www.boliga.dk/adresse/brombaervej-10-5450-otterup-1361692800
"Stenøre 13, Stenøre",7884,Fur,2295000,Fritidshus,138,5.0,1925,E,403,49.9,1026.0,7320.0,56.80424,9.02014,https://www.boliga.dk/adresse/stenoere-13-7884-fur-88428572
"Ved Stranden 30, Lystrup Strand",8961,Allingåbro,2398000,Fritidshus,53,3.0,1996,-,144,49.9,2874.0,2045.0,56.52013,10.46677,https://www.boliga.dk/adresse/ved-stranden-30-8961-allingaabro-1339441893
Østerbrogade 86,5600,Faaborg,5195000,Villa/Parcelhus,208,5.0,1898,C,267,50.0,7154.0,9538.0,55.08922,10.25396,https://www.boliga.dk/adresse/oesterbrogade-86-5600-faaborg-1067036615
Strandvejen 76,3770,Allinge,7850000,Fritidshus,125,4.0,1940,d,472,50.1,7329.0,2116.0,55.2869,14.78649,https://www.boliga.dk/adresse/strandvejen-76-3770-allinge-692859440
"Brøddegade 36, Gudhjem",3760,Gudhjem,2995000,Villa/Parcelhus,205,6.0,1877,D,162,50.1,2430.0,9425.0,55.21234,14.97027,https://www.boliga.dk/adresse/broeddegade-36-3760-gudhjem-1082536496
"Hejsager Strandby 20, Hejsager Strand",6100,Haderslev,3995000,Fritidshus,80,3.0,1937,-,731,50.2,2454.0,2496.0,55.19438,9.60142,https://www.boliga.dk/adresse/hejsager-strandby-20-6100-haderslev-1789267374
"Østre Strandvej 93, Hasmark Strand",5450,Otterup,4495000,Fritidshus,144,4.0,2007,-,133,50.2,3109.0,9069.0,55.56102,10.46587,https://www.boliga.dk/adresse/oestre-strandvej-93-5450-otterup-2119059576
"Havnevej 12, ST. 11",6990,Ulfborg,1475000,Fritidshus,108,4.0,2006,C,46,50.5,4701.0,6068.0,56.37137,8.12403,https://www.boliga.dk/adresse/havnevej-12-st-11-6990-ulfborg-1357266156
Stevnsvej 48,4600,Køge,6995000,Villa/Parcelhus,201,5.0,1931,c,1035,50.6,4575.0,8919.0,55.41827,12.24004,https://www.boliga.dk/adresse/stevnsvej-48-4600-koege-663765585
"Bjørnegyden 1, Kristiansminde",5450,Otterup,2945000,Fritidshus,60,2.0,1942,-,139,50.7,3934.0,10912.0,55.58591,10.42113,https://www.boliga.dk/adresse/bjoernegyden-1-5450-otterup-1857972687
Kongsmarkvej 113,4200,Slagelse,3295000,Fritidshus,91,3.0,2011,-,94,50.8,2653.0,4123.0,55.42907,11.19991,https://www.boliga.dk/adresse/kongsmarkvej-113-4200-slagelse-372731202
Rådhusgade 3,9670,Løgstør,825000,Fritidshus,130,4.0,1900,C,904,50.8,2518.0,2441.0,56.9696,9.25491,https://www.boliga.dk/adresse/raadhusgade-3-9670-loegstoer-453713298
"Mallevej 59, Sennels",7700,Thisted,3350000,Fritidshus,54,2.0,1994,-,105,51.0,2519.0,1032.0,56.94696,8.76242,https://www.boliga.dk/adresse/mallevej-59-7700-thisted-1836153293
Kongsmarkvej 119,4200,Slagelse,1995000,Fritidshus,67,4.0,1937,-,323,51.1,2661.0,4175.0,55.42857,11.19962,https://www.boliga.dk/adresse/kongsmarkvej-119-4200-slagelse-1807917597
Fjordgade 12,9550,Mariager,3795000,Villa/Parcelhus,180,6.0,1927,C,270,51.1,3406.0,9147.0,56.65482,9.9866,https://www.boliga.dk/adresse/fjordgade-12-9550-mariager-1563484020
"Forstranden 4, Dyngby Strand",8300,Odder,9995000,Fritidshus,140,4.0,1942,-,16,51.1,4292.0,3997.0,55.95841,10.26539,https://www.boliga.dk/adresse/forstranden-4-8300-odder-769526317
Anslet Strand 3,6100,Haderslev,4495000,Fritidshus,67,2.0,2018,-,318,51.4,2059.0,7628.0,55.35689,9.61665,https://www.boliga.dk/adresse/anslet-strand-3-6100-haderslev-710631181
"Spodsbjergvej 349, Spodsbjerg",5900,Rudkøbing,2495000,Fritidshus,157,5.0,1934,D,8,51.4,3280.0,5159.0,54.9338,10.83105,https://www.boliga.dk/adresse/spodsbjergvej-349-5900-rudkoebing-2045406794
Kystvejen 92,8300,Odder,12750000,Fritidshus,127,3.0,1986,-,686,51.5,3918.0,4587.0,55.98886,10.25193,https://www.boliga.dk/adresse/kystvejen-92-8300-odder-1189623912
Søndergade 55,5970,Ærøskøbing,1950000,Villa/Parcelhus,68,3.0,1777,-,64,51.5,5505.0,366.0,54.88709,10.41366,https://www.boliga.dk/adresse/soendergade-55-5970-aeroeskoebing-907003851
Gl Strandvej 62B,3050,Humlebæk,15000000,Villa/Parcelhus,150,3.0,2025,J,16,51.6,7876.0,3162.0,55.96769,12.54302,https://www.boliga.dk/adresse/gl-strandvej-62b-3050-humlebaek-125866146
Halshusene 21,5450,Otterup,5200000,Fritidshus,118,2.0,1963,-,48,51.7,4738.0,8944.0,55.54934,10.49678,https://www.boliga.dk/adresse/halshusene-21-5450-otterup-277031708
Hellasvej 8,4780,Stege,1495000,Villa/Parcelhus,129,4.0,1937,E,3,51.8,1310.0,1275.0,54.99057,12.27985,https://www.boliga.dk/adresse/hellasvej-8-4780-stege-682441340
"Strandvejen 88, 2.",8400,Ebeltoft,3750000,Fritidshus,97,2.0,2025,-,353,52.2,2789.0,2839.0,56.19533,10.67169,https://www.boliga.dk/adresse/strandvejen-88-2-8400-ebeltoft-1682953972
"Strandvejen 134, Ugelbølle",8410,Rønde,4298000,Fritidshus,122,4.0,1950,-,142,52.2,1959.0,2937.0,56.29337,10.40842,https://www.boliga.dk/adresse/strandvejen-134-8410-roende-421457483
Skodsborg Strandvej 160A st th,2942,Skodsborg,5605000,Landejendom,144,4.0,1910,c,105,52.5,14034.0,2493.0,55.82136,12.57463,https://www.boliga.dk/adresse/skodsborg-strandvej-160a-st-th-2942-skodsborg-2045843608
Illerstrandvej 19,6310,Broager,3495000,Fritidshus,231,5.0,1900,b,140,52.6,855.0,1981.0,54.87276,9.65156,https://www.boliga.dk/adresse/illerstrandvej-19-6310-broager-1909109223
Bådehavnen 15C,4600,Køge,3495000,Fritidshus,124,4.0,2004,-,109,52.7,6680.0,6461.0,55.47061,12.19594,https://www.boliga.dk/adresse/baadehavnen-15c-4600-koege-509616518
"Storkenhøjvej 77, Fogense",5400,Bogense,2295000,Fritidshus,55,3.0,1995,-,170,52.9,7271.0,1663.0,55.55946,10.05606,https://www.boliga.dk/adresse/storkenhoejvej-77-5400-bogense-1713083746
Kongenstofte 17,4900,Nakskov,1400000,Villa/Parcelhus,210,5.0,1900,D,53,53.0,2117.0,2071.0,54.83105,11.13175,https://www.boliga.dk/adresse/kongenstofte-17-4900-nakskov-2081093711
Askø Strandvig 144,4942,Askø,1595000,Fritidshus,105,4.0,1980,-,531,53.1,8726.0,7217.0,54.89384,11.50371,https://www.boliga.dk/adresse/askoe-strandvig-144-4942-askoe-2092058763
Langegyde 68,5762,Vester Skerninge,4795000,Villa/Parcelhus,130,4.0,1963,e,205,53.1,2393.0,1376.0,55.04194,10.46479,https://www.boliga.dk/adresse/langegyde-68-5762-vester-skerninge-933160588
"Mågevej 62, Midskov",5370,Mesinge,1645000,Fritidshus,48,2.0,1928,-,121,53.2,3425.0,11243.0,55.51724,10.62738,https://www.boliga.dk/adresse/maagevej-62-5370-mesinge-1876685946
Kystvejen 300B,4671,Strøby,4395000,Fritidshus,82,3.0,1950,-,95,53.4,1047.0,6394.0,55.40051,12.30177,https://www.boliga.dk/adresse/kystvejen-300b-4671-stroeby-762562073
Strandalle 8,3250,Gilleleje,10995000,Villa/Parcelhus,207,7.0,1877,e,224,53.4,2391.0,8493.0,56.12431,12.31427,https://www.boliga.dk/adresse/strandalle-8-3250-gilleleje-1751542060
Sæbyvej 109A,9900,Frederikshavn,5175000,Helårsgrund,174,7.0,1960,-,29,53.4,933.0,2623.0,57.4117,10.52378,https://www.boliga.dk/adresse/saebyvej-109a-9900-frederikshavn-162737436
Skrænten 16A,4220,Korsør,9900000,Villa/Parcelhus,136,4.0,1990,C,56,53.5,2858.0,3500.0,55.31388,11.16267,https://www.boliga.dk/adresse/skraenten-16a-4220-korsoer-888915047
Hornsherredvej 272,4070,Kirke Hyllinge,9845000,Villa/Parcelhus,169,4.0,1940,e,66,53.6,3055.0,168.0,55.68424,11.94732,https://www.boliga.dk/adresse/hornsherredvej-272-4070-kirke-hyllinge-1352290678
Lille Fjordgade 5C,9370,Hals,2445000,Fritidshus,127,4.0,2020,J,545,53.6,6067.0,1940.0,56.9937,10.30393,https://www.boliga.dk/adresse/lille-fjordgade-5c-9370-hals-48588936
"Skudehavnen 16, 1.",5900,Rudkøbing,1695000,Fritidshus,61,3.0,2008,B,163,53.7,1583.0,2642.0,54.94055,10.71203,https://www.boliga.dk/adresse/skudehavnen-16-1-5900-rudkoebing-779108099
Fjordbrinken 6,6950,Ringkøbing,6500000,Villa/Parcelhus,107,4.0,1957,D,56,53.8,2120.0,2332.0,56.08224,8.25345,https://www.boliga.dk/adresse/fjordbrinken-6-6950-ringkoebing-1591680727
"Strandvejen 84, 1. tv.",8400,Ebeltoft,4800000,Fritidshus,135,6.0,2025,-,353,54.0,2774.0,2815.0,56.19555,10.67191,https://www.boliga.dk/adresse/strandvejen-84-1-tv-8400-ebeltoft-2009070962
Posekærvej 2,6200,Aabenraa,6000000,Villa/Parcelhus,244,8.0,1900,D,34,54.0,4991.0,620.0,55.02657,9.42227,https://www.boliga.dk/adresse/posekaervej-2-6200-aabenraa-14300078
"Mullerup Strandvej 51 24, Mullerup",4200,Slagelse,2495000,Fritidshus,72,4.0,2022,-,433,54.0,1760.0,3273.0,55.49403,11.17589,https://www.boliga.dk/adresse/mullerup-strandvej-51-24-4200-slagelse-4944788
Myrehøjvej 3,5700,Svendborg,7500000,Fritidshus,102,3.0,1943,e,37,54.0,2491.0,2367.0,55.05662,10.64871,https://www.boliga.dk/adresse/myrehoejvej-3-5700-svendborg-1633223778
Nørlev Strandvej 502,9800,Hjørring,4495000,Fritidshus,42,1.0,1998,-,9,54.1,3188.0,5855.0,57.50525,9.84867,https://www.boliga.dk/adresse/noerlev-strandvej-502-9800-hjoerring-1466981360
Gl Færgevej 105,6300,Gråsten,1950000,Villa/Parcelhus,129,5.0,1940,e,239,54.1,4514.0,2060.0,54.90733,9.59718,https://www.boliga.dk/adresse/gl-faergevej-105-6300-graasten-799955988
"Havblik 21, Sandersvig",6100,Haderslev,3295000,Fritidshus,90,4.0,2021,-,176,54.1,2481.0,9878.0,55.33177,9.64715,https://www.boliga.dk/adresse/havblik-21-6100-haderslev-694076548
"Mosedalsvej 3, Listed",3740,Svaneke,3945000,Fritidshus,131,4.0,1827,-,51,54.2,1126.0,1705.0,55.14546,15.10897,https://www.boliga.dk/adresse/mosedalsvej-3-3740-svaneke-462819573
Færgevej 105,3600,Frederikssund,5750000,Villa/Parcelhus,204,6.0,1850,D,104,54.2,4123.0,3263.0,55.84397,12.04491,https://www.boliga.dk/adresse/faergevej-105-3600-frederikssund-157575779
Gilbjergstien 64,3250,Gilleleje,16950000,Villa/Parcelhus,172,5.0,1980,c,160,54.4,1702.0,8246.0,56.12861,12.28668,https://www.boliga.dk/adresse/gilbjergstien-64-3250-gilleleje-425245820
"Gl Færgevej 5, 1. tv, Oddesund Syd",7600,Struer,950000,Fritidshus,94,4.0,1903,C,3103,54.5,3446.0,5069.0,56.5743,8.56522,https://www.boliga.dk/adresse/gl-faergevej-5-1-tv-7600-struer-665954835
"Havnen 8, Øster Hurup",9560,Hadsund,2698000,Fritidshus,90,3.0,2007,B,545,54.6,4171.0,791.0,56.80466,10.27862,https://www.boliga.dk/adresse/havnen-8-9560-hadsund-489881202
Varnæsvej 101,6200,Aabenraa,6995000,Villa/Parcelhus,154,4.0,1913,d,365,54.7,5645.0,2692.0,55.01579,9.45412,https://www.boliga.dk/adresse/varnaesvej-101-6200-aabenraa-302088842
Strandtoften 16,5600,Faaborg,4195000,Villa/Parcelhus,192,6.0,1960,C,93,54.8,6789.0,8762.0,55.08551,10.265,https://www.boliga.dk/adresse/strandtoften-16-5600-faaborg-606768786
Kystvejen 288,4671,Strøby,3795000,Fritidsgrund,106,5.0,1960,-,44,54.8,1068.0,6453.0,55.40119,12.29918,https://www.boliga.dk/adresse/kystvejen-288-4671-stroeby-571973052
Strandvejen 42,7830,Vinderup,3850000,Villa/Parcelhus,285,7.0,1941,e,65,54.9,2143.0,7140.0,56.47557,8.71314,https://www.boliga.dk/adresse/strandvejen-42-7830-vinderup-24070165
"Tordenskjoldsvej 28, Tåsinge",5700,Svendborg,7495000,Villa/Parcelhus,189,6.0,1960,C,147,54.9,5590.0,1066.0,55.03939,10.60044,https://www.boliga.dk/adresse/tordenskjoldsvej-28-5700-svendborg-80168942
Fjordvej 58,8340,Malling,4980000,Fritidshus,98,3.0,2010,-,115,55.0,2729.0,7655.0,56.0231,10.25933,https://www.boliga.dk/adresse/fjordvej-58-8340-malling-1250719290
Munkemøllevej 6,6300,Gråsten,6995000,Villa/Parcelhus,297,8.0,1800,C,344,55.1,2208.0,3359.0,54.87731,9.52365,https://www.boliga.dk/adresse/munkemoellevej-6-6300-graasten-642683136
Fjordgade 8,9550,Mariager,2295000,Villa/Parcelhus,167,6.0,1933,C,185,55.1,3349.0,9192.0,56.65431,9.98603,https://www.boliga.dk/adresse/fjordgade-8-9550-mariager-949838988
Flensborgvej 118,6200,Aabenraa,7150000,Villa/Parcelhus,281,11.0,1996,c,463,55.3,4943.0,637.0,55.02497,9.42382,https://www.boliga.dk/adresse/flensborgvej-118-6200-aabenraa-423740712
"Kystvejen 96, Strøby Egede",4600,Køge,5995000,Helårsgrund,0,4.0,0,-,297,55.6,3159.0,7942.0,55.41294,12.262,https://www.boliga.dk/adresse/kystvejen-96-4600-koege-2096233527
Lillegade 27,3700,Rønne,8650000,Villa/Parcelhus,256,7.0,1914,F,63,55.6,2443.0,1528.0,55.10423,14.69648,https://www.boliga.dk/adresse/lillegade-27-3700-roenne-1951524438
Chr. Møllers Vej 8A,9990,Skagen,32000000,Fritidshus,183,7.0,1880,-,325,55.6,2889.0,3573.0,57.7286,10.52044,https://www.boliga.dk/adresse/chr-moellers-vej-8a-9990-skagen-93113405
"Kystvejen 100, Strøby Egede",4600,Køge,5495000,Helårsgrund,154,5.0,1943,-,263,55.8,3111.0,7909.0,55.41273,12.26272,https://www.boliga.dk/adresse/kystvejen-100-4600-koege-1787390799
Kystvejen 196,4671,Strøby,4995000,Fritidshus,65,3.0,1955,-,35,55.9,1668.0,6948.0,55.40581,12.28581,https://www.boliga.dk/adresse/kystvejen-196-4671-stroeby-933510324
Meldskiftet 20,6950,Ringkøbing,8200000,Villa/Parcelhus,210,6.0,1936,D,587,55.9,2223.0,2445.0,56.08469,8.24853,https://www.boliga.dk/adresse/meldskiftet-20-6950-ringkoebing-1497883489
"Bølshavn 29C, Bølshavn",3740,Svaneke,7950000,Fritidshus,178,5.0,1979,C,158,56.0,643.0,240.0,55.15421,15.07752,https://www.boliga.dk/adresse/boelshavn-29c-3740-svaneke-295018941
"Vestre Strandvej 18, Hasmark Strand",5450,Otterup,1395000,Fritidshus,35,2.0,1988,-,97,56.0,2835.0,9375.0,55.56649,10.45376,https://www.boliga.dk/adresse/vestre-strandvej-18-5450-otterup-1531155256
Skårupøre Strandvej 113,5881,Skårup Fyn,3995000,Villa/Parcelhus,102,3.0,1957,D,53,56.0,3284.0,1989.0,55.06732,10.7322,https://www.boliga.dk/adresse/skaarupoere-strandvej-113-5881-skaarup-fyn-688959786
"Strandvejen 240, Strib",5500,Middelfart,5795000,Villa/Parcelhus,163,5.0,1900,D,212,56.0,4104.0,2647.0,55.53675,9.76708,https://www.boliga.dk/adresse/strandvejen-240-5500-middelfart-801954053
Tejnvej 45A,3770,Allinge,11850000,Fritidshus,160,4.0,2016,-,51,56.1,4863.0,2208.0,55.25747,14.81796,https://www.boliga.dk/adresse/tejnvej-45a-3770-allinge-1625989165
Langøre 16,8305,Samsø,6995000,Fritidshus,152,6.0,1900,D,170,56.1,7143.0,6869.0,55.91237,10.64119,https://www.boliga.dk/adresse/langoere-16-8305-samsoe-683539316
Bro Strandvej 38,5464,Brenderup Fyn,5495000,Fritidshus,374,9.0,1976,-,118,56.2,5167.0,2494.0,55.51824,9.95632,https://www.boliga.dk/adresse/bro-strandvej-38-5464-brenderup-fyn-1682654247
Stenlunden 23,5330,Munkebo,1795000,Villa/Parcelhus,128,5.0,1969,c,77,56.3,2255.0,7359.0,55.45161,10.5557,https://www.boliga.dk/adresse/stenlunden-23-5330-munkebo-712668394
Søborgen 8,6100,Haderslev,4875000,Fritidshus,128,4.0,2018,-,164,56.3,2657.0,5429.0,55.15898,9.50238,https://www.boliga.dk/adresse/soeborgen-8-6100-haderslev-1587383017
Østerø Strandvej 13,5800,Nyborg,4995000,Fritidshus,65,3.0,1777,-,155,56.4,8223.0,7049.0,55.31296,10.81568,https://www.boliga.dk/adresse/oesteroe-strandvej-13-5800-nyborg-1680129605
"Fjordvejen 45, Kollund",6340,Kruså,7395000,Villalejlighed,121,3.0,1877,G,164,56.5,5151.0,2056.0,54.84943,9.48327,https://www.boliga.dk/adresse/fjordvejen-45-6340-krusaa-1161413598
Strandvej 58A,4220,Korsør,3695000,Villa/Parcelhus,289,11.0,1907,D,112,56.6,1518.0,1569.0,55.33706,11.12847,https://www.boliga.dk/adresse/strandvej-58a-4220-korsoer-720854517
Strandvejen 28,4671,Strøby,2995000,Villa/Parcelhus,184,7.0,1964,F,175,56.7,1279.0,6655.0,55.40322,12.29246,https://www.boliga.dk/adresse/strandvejen-28-4671-stroeby-1263564931
Askø Strandvig 10,4942,Askø,350000,Fritidshus,42,3.0,1950,-,18,56.8,8593.0,7068.0,54.89465,11.50186,https://www.boliga.dk/adresse/askoe-strandvig-10-4942-askoe-409671096
Æ Gammel Havn 46C,6960,Hvide Sande,3598000,Fritidshus,98,4.0,2026,-,121,56.8,403.0,599.0,56.00802,8.13491,https://www.boliga.dk/adresse/ae-gammel-havn-46c-6960-hvide-sande-12123532
Æ Gammel Havn 46C,6960,Hvide Sande,3598000,Fritidshus,98,4.0,2026,-,121,56.8,403.0,599.0,56.00802,8.13491,https://www.boliga.dk/adresse/ae-gammel-havn-46c-6960-hvide-sande-12136594
Brinkvej 8,4673,Rødvig Stevns,5995000,Villa/Parcelhus,196,5.0,1957,B,148,57.1,3420.0,10438.0,55.25528,12.3813,https://www.boliga.dk/adresse/brinkvej-8-4673-roedvig-stevns-814469568
"Spovevej 30, Spøttrup Str",8300,Odder,7950000,Fritidshus,69,3.0,1989,-,116,57.3,1994.0,1845.0,55.92437,10.25602,https://www.boliga.dk/adresse/spovevej-30-8300-odder-572194510
Fjordvej 29,4880,Nysted,2495000,Fritidshus,182,6.0,1967,c,371,57.3,1832.0,1208.0,54.65801,11.7349,https://www.boliga.dk/adresse/fjordvej-29-4880-nysted-843772878
"Gl Færgevej 103, Alnor",6300,Gråsten,3295000,Villa/Parcelhus,160,4.0,1983,B,226,57.4,4490.0,2081.0,54.90734,9.59679,https://www.boliga.dk/adresse/gl-faergevej-103-6300-graasten-633672040
"Fuglevænget 6, Thorsminde",6990,Ulfborg,1495000,Fritidshus,150,5.0,1962,D,282,57.5,4888.0,6255.0,56.37081,8.12118,https://www.boliga.dk/adresse/fuglevaenget-6-6990-ulfborg-707370681
Dragsbækvej 39,7700,Thisted,3985000,Villa/Parcelhus,201,7.0,1928,C,22,57.6,2315.0,3298.0,56.95301,8.67657,https://www.boliga.dk/adresse/dragsbaekvej-39-7700-thisted-1594181782
"Dalsgårdvej 18, Dalsgård",6300,Gråsten,2495000,Villa/Parcelhus,222,7.0,1900,E,179,57.7,3136.0,2923.0,54.89345,9.57768,https://www.boliga.dk/adresse/dalsgaardvej-18-6300-graasten-351155350
Granskoven 17,4220,Korsør,1598000,Fritidshus,30,2.0,1977,-,441,57.7,931.0,1583.0,55.34369,11.11469,https://www.boliga.dk/adresse/granskoven-17-4220-korsoer-930097544
Strandlysthuse 75,5330,Munkebo,2345000,Fritidshus,45,2.0,2023,-,116,57.8,2520.0,7221.0,55.44923,10.55579,https://www.boliga.dk/adresse/strandlysthuse-75-5330-munkebo-783478604
"Sellerup Strandvej 37, Sellerup",7080,Børkop,2645000,Fritidshus,56,3.0,2018,-,179,57.9,4556.0,4774.0,55.68615,9.67714,https://www.boliga.dk/adresse/sellerup-strandvej-37-7080-boerkop-197996442
"Slåenvej 35, Tørresø Strand",5450,Otterup,2095000,Fritidshus,90,3.0,1959,-,77,57.9,2655.0,11311.0,55.5977,10.3865,https://www.boliga.dk/adresse/slaaenvej-35-5450-otterup-2065616007
"Kystvej 7, Maemosen",5871,Frørup,2495000,Fritidshus,165,5.0,1950,-,142,58.0,1767.0,1535.0,55.24475,10.80547,https://www.boliga.dk/adresse/kystvej-7-5871-froerup-431616834
"Klintealle 1H, st. 105",5600,Faaborg,895000,Ejerlejlighed,47,2.0,1977,-,538,58.1,7009.0,9380.0,55.08789,10.25597,https://www.boliga.dk/adresse/klintealle-1h-st-105-5600-faaborg-735586894
Havnevej 3,9560,Hadsund,2495000,Villa/Parcelhus,206,6.0,1941,E,3,58.3,2306.0,2389.0,56.71458,10.11463,https://www.boliga.dk/adresse/havnevej-3-9560-hadsund-959600466
Østerøvej 45,5800,Nyborg,7775000,Villa/Parcelhus,165,4.0,1986,c,83,58.5,8270.0,7130.0,55.31384,10.81491,https://www.boliga.dk/adresse/oesteroevej-45-5800-nyborg-1610124455
"Bøgevænget 9, Skødshoved Strand",8420,Knebel,5000000,Fritidshus,48,3.0,1967,-,120,59.0,7687.0,7090.0,56.18414,10.37543,https://www.boliga.dk/adresse/boegevaenget-9-8420-knebel-1704677788
Haulundsvej 140,9300,Sæby,2395000,Fritidshus,71,2.0,1967,-,160,59.1,4307.0,3363.0,57.34606,10.52091,https://www.boliga.dk/adresse/haulundsvej-140-9300-saeby-208631579
Strandvejen 80 st th,8400,Ebeltoft,5400000,Fritidshus,135,4.0,2026,-,164,59.1,2757.0,2749.0,56.19614,10.67217,https://www.boliga.dk/adresse/strandvejen-80-st-th-8400-ebeltoft-1665252988
"Vinkelhagevej 76, Heldum",7620,Lemvig,895000,Fritidshus,49,2.0,1977,-,136,59.5,2869.0,1868.0,56.5654,8.29607,https://www.boliga.dk/adresse/vinkelhagevej-76-7620-lemvig-1853397809
"Søndergade 4, 1. 202., Lohals",5953,Tranekær,679000,Fritidshus,42,2.0,1909,C,165,59.5,4450.0,3283.0,55.13475,10.90327,https://www.boliga.dk/adresse/soendergade-4-1-202-5953-tranekaer-1187069880
"Søndergade 4, 1. 201., Lohals",5953,Tranekær,690000,Fritidshus,41,2.0,1909,C,59,59.5,4450.0,3283.0,55.13475,10.90327,https://www.boliga.dk/adresse/soendergade-4-1-201-5953-tranekaer-1985849515
Kongsmarkvej 181,4200,Slagelse,2495000,Fritidshus,72,3.0,1957,-,98,59.5,2814.0,4823.0,55.42248,11.19663,https://www.boliga.dk/adresse/kongsmarkvej-181-4200-slagelse-1538359642
"Toften 37, Høruphav",6470,Sydals,3500000,Villa/Parcelhus,145,5.0,1924,E,281,59.6,3327.0,2495.0,54.90872,9.89769,https://www.boliga.dk/adresse/toften-37-6470-sydals-1769977219
"Søborgen 4, Vilstrup",6100,Haderslev,4195000,Fritidshus,108,4.0,2016,-,170,59.7,2614.0,5481.0,55.15874,9.50163,https://www.boliga.dk/adresse/soeborgen-4-6100-haderslev-706574199
Kystvej 1,5871,Frørup,4250000,Fritidshus,280,11.0,1921,d,143,59.8,1720.0,1570.0,55.24427,10.80557,https://www.boliga.dk/adresse/kystvej-1-5871-froerup-2120196810
"Sandnæshagevej 29, Lildstrand",7741,Frøstrup,3325000,Fritidshus,119,4.0,1986,E,3746,59.8,6197.0,11135.0,57.15478,8.96629,https://www.boliga.dk/adresse/sandnaeshagevej-29-7741-froestrup-744447996
"Østre Strandvej 151, Hasmark Strand",5450,Otterup,2095000,Fritidshus,50,2.0,2014,-,291,59.8,3268.0,9013.0,55.55946,10.46986,https://www.boliga.dk/adresse/oestre-strandvej-151-5450-otterup-1908869505
Nordre Strandvej 287B,3140,Ålsgårde,7250000,Villa/Parcelhus,110,4.0,1935,c,148,59.9,3261.0,7744.0,56.08683,12.51247,https://www.boliga.dk/adresse/nordre-strandvej-287b-3140-aalsgaarde-547309733
"Gl Færgevej 2, Oddesund Syd",7600,Struer,4500000,Fritidshus,200,5.0,2018,J,165,60.0,2995.0,5173.0,56.5785,8.56473,https://www.boliga.dk/adresse/gl-faergevej-2-7600-struer-780990511
"Brøndevej 73, Brønde",4305,Orø,3495000,Fritidshus,95,3.0,1902,E,35,60.0,2721.0,6132.0,55.75598,11.80524,https://www.boliga.dk/adresse/broendevej-73-4305-oroe-569511219
"Guldborgvej 334, Guldborg",4862,Guldborg,2995000,Villa/Parcelhus,210,5.0,1930,D,139,60.1,2254.0,7782.0,54.87006,11.74322,https://www.boliga.dk/adresse/guldborgvej-334-4862-guldborg-2021489599
"Rønvej 21, Jegindø",7790,Thyholm,3495000,Fritidshus,125,3.0,2011,-,165,60.2,1928.0,2136.0,56.63131,8.62109,https://www.boliga.dk/adresse/roenvej-21-7790-thyholm-1818201614
Æ Gammel Havn 46E,6960,Hvide Sande,3598000,Fritidshus,98,4.0,2026,-,121,60.2,399.0,590.0,56.0079,8.13499,https://www.boliga.dk/adresse/ae-gammel-havn-46e-6960-hvide-sande-12118447
Æ Gammel Havn 46E,6960,Hvide Sande,3598000,Fritidshus,95,4.0,2026,-,121,60.2,399.0,590.0,56.0079,8.13499,https://www.boliga.dk/adresse/ae-gammel-havn-46e-6960-hvide-sande-12144632
Havet 60,8585,Glesborg,2500000,Villa/Parcelhus,290,6.0,1916,f,713,60.3,497.0,9130.0,56.5303,10.71509,https://www.boliga.dk/adresse/havet-60-8585-glesborg-1643654258
Haulundsvej 64,9300,Sæby,1595000,Fritidshus,41,2.0,1962,-,77,60.3,4050.0,3050.0,57.34271,10.52222,https://www.boliga.dk/adresse/haulundsvej-64-9300-saeby-370056752
Kystvej 24,5700,Svendborg,8495000,Villa/Parcelhus,154,6.0,1935,c,337,60.6,5061.0,233.0,55.04685,10.61196,https://www.boliga.dk/adresse/kystvej-24-5700-svendborg-10224983
Teglbakken 21,5900,Rudkøbing,1795000,Fritidshus,256,10.0,1912,D,441,60.6,2111.0,3061.0,54.93531,10.70314,https://www.boliga.dk/adresse/teglbakken-21-5900-rudkoebing-391213326
Tangvej 16,7600,Struer,1195000,Helårsgrund,0,5.0,0,-,552,60.7,3621.0,2715.0,56.55157,8.61643,https://www.boliga.dk/adresse/tangvej-16-7600-struer-1666888150
Æ Gammel Havn 46D,6960,Hvide Sande,3598000,Fritidshus,95,4.0,2026,-,121,60.7,401.0,594.0,56.00796,8.13495,https://www.boliga.dk/adresse/ae-gammel-havn-46d-6960-hvide-sande-12119719
"Teilmanns Alle 4D, 1. TV, Korsør Centrum",4220,Korsør,398000,Landejendom,58,2.0,1989,C,64,60.7,2568.0,2288.0,55.33006,11.14255,https://www.boliga.dk/adresse/teilmanns-alle-4d-1-tv-4220-korsoer-166350595
Æ Gammel Havn 46D,6960,Hvide Sande,3598000,Fritidshus,95,4.0,2026,-,121,60.7,401.0,594.0,56.00796,8.13495,https://www.boliga.dk/adresse/ae-gammel-havn-46d-6960-hvide-sande-12138152
"Bjålumvej 19, Nymindegab",6830,Nørre Nebel,2695000,Villa/Parcelhus,0,3.0,0,-,381,60.9,4121.0,1783.0,55.81837,8.19124,https://www.boliga.dk/adresse/bjaalumvej-19-6830-noerre-nebel-71768105
"Stenøre 16, Stenøre",7884,Fur,1395000,Villa/Parcelhus,146,8.0,1911,D,10,60.9,1085.0,7398.0,56.80512,9.02105,https://www.boliga.dk/adresse/stenoere-16-7884-fur-1459590136
Strandvejen 39,3220,Tisvildeleje,38000000,Fritidshus,72,5.0,1907,-,2,61.0,6474.0,3766.0,56.0657,12.08278,https://www.boliga.dk/adresse/strandvejen-39-3220-tisvildeleje-1519109501
"Vestre Strandvej 2, Hasmark Strand",5450,Otterup,2295000,Fritidshus,50,3.0,2016,-,125,61.0,2841.0,9338.0,55.56596,10.45478,https://www.boliga.dk/adresse/vestre-strandvej-2-5450-otterup-1968709799
Kapelvej 11,3700,Rønne,1595000,Villa/Parcelhus,80,3.0,1880,C,280,61.5,2935.0,845.0,55.09784,14.69825,https://www.boliga.dk/adresse/kapelvej-11-3700-roenne-2057032969
Æblehaven 6,6300,Gråsten,2575000,Fritidshus,76,3.0,1968,-,637,61.6,3128.0,2964.0,54.89232,9.57728,https://www.boliga.dk/adresse/aeblehaven-6-6300-graasten-1566900388
Kystvej 7,5800,Nyborg,4995000,Villa/Parcelhus,144,6.0,1919,C,113,61.6,6976.0,5947.0,55.30457,10.80261,https://www.boliga.dk/adresse/kystvej-7-5800-nyborg-574428084
Strandvejen 224A,3070,Snekkersten,8795000,Villa/Parcelhus,164,5.0,1902,D,204,62.0,5123.0,5241.0,56.0061,12.58021,https://www.boliga.dk/adresse/strandvejen-224a-3070-snekkersten-530312991
Fjordgade 22,9670,Løgstør,1100000,Helårsgrund,90,2.0,1900,-,563,62.1,2673.0,2361.0,56.96812,9.24921,https://www.boliga.dk/adresse/fjordgade-22-9670-loegstoer-809059168
Klint Strandvej 27,4500,Nykøbing Sj,4695000,Fritidshus,187,6.0,1905,C,137,62.2,5200.0,2648.0,55.94073,11.62523,https://www.boliga.dk/adresse/klint-strandvej-27-4500-nykoebing-sj-1704236937
Sundvej 6,8832,Skals,4695000,Villa/Parcelhus,237,7.0,2008,J,18,62.6,3943.0,5146.0,56.6061,9.29846,https://www.boliga.dk/adresse/sundvej-6-8832-skals-1869198266
Øresunds Alle 53,2791,Dragør,10495000,Villa/Parcelhus,189,5.0,1915,f,167,62.8,8349.0,3692.0,55.59943,12.67109,https://www.boliga.dk/adresse/oeresunds-alle-53-2791-dragoer-321435478
"Postgade 2B, 2., Svaneke",3740,Svaneke,4000000,Fritidshus,76,3.0,1877,-,64,62.8,1519.0,2595.0,55.13556,15.14317,https://www.boliga.dk/adresse/postgade-2b-2-3740-svaneke-959251707
Slusen 29,6960,Hvide Sande,2695000,Fritidshus,116,3.0,2005,-,135,62.8,637.0,286.0,56.00564,8.13216,https://www.boliga.dk/adresse/slusen-29-6960-hvide-sande-90168083
Havnegade 7,9560,Hadsund,1995000,Villa/Parcelhus,262,9.0,1906,D,73,62.9,2153.0,2430.0,56.71421,10.11221,https://www.boliga.dk/adresse/havnegade-7-9560-hadsund-878606796
Gåbense Strandvej 61J,4840,Nørre Alslev,2950000,Fritidshus,172,5.0,2008,B,70,62.9,1806.0,6836.0,54.9438,11.87597,https://www.boliga.dk/adresse/gaabense-strandvej-61j-4840-noerre-alslev-2116432593
Topvej 14,3360,Liseleje,22950000,Fritidshus,114,5.0,1916,-,163,63.0,1845.0,2791.0,56.00375,11.93358,https://www.boliga.dk/adresse/topvej-14-3360-liseleje-11846156
Kullinggade 9,5700,Svendborg,5395000,Villa/Parcelhus,161,4.0,2020,J,303,63.4,4217.0,453.0,55.05754,10.61259,https://www.boliga.dk/adresse/kullinggade-9-5700-svendborg-1073088947
"Strandvejen 243, Hasmark Strand",5450,Otterup,1995000,Fritidshus,59,2.0,1977,-,259,63.5,2856.0,9287.0,55.56519,10.45629,https://www.boliga.dk/adresse/strandvejen-243-5450-otterup-436147113
Brændeskovvej 48,5800,Nyborg,9200000,Fritidshus,156,6.0,1934,-,316,63.6,3769.0,6431.0,55.39446,10.74845,https://www.boliga.dk/adresse/braendeskovvej-48-5800-nyborg-1357503091
"Skarrevvej 326, Skarrev",6200,Aabenraa,2575000,Fritidshus,60,3.0,1950,-,91,63.7,6151.0,6138.0,55.0472,9.50091,https://www.boliga.dk/adresse/skarrevvej-326-6200-aabenraa-1857027332
Fjordgade 7,7900,Nykøbing M,1250000,Villa/Parcelhus,195,5.0,1880,C,496,63.8,1923.0,1882.0,56.79613,8.86413,https://www.boliga.dk/adresse/fjordgade-7-7900-nykoebing-m-632622558
"Stien 4, Sandkås",3770,Allinge,6495000,Fritidshus,72,3.0,2013,-,99,63.9,4812.0,2311.0,55.25655,14.81885,https://www.boliga.dk/adresse/stien-4-3770-allinge-21022571
Gl Strandvej 250B,3050,Humlebæk,13500000,Villa/Parcelhus,170,7.0,1777,B,36,64.3,9846.0,4429.0,55.94897,12.5302,https://www.boliga.dk/adresse/gl-strandvej-250b-3050-humlebaek-127303169
Duevej 51,4583,Sjællands Odde,6495000,Fritidshus,85,4.0,2000,-,567,64.3,4813.0,19244.0,55.99689,11.28623,https://www.boliga.dk/adresse/duevej-51-4583-sjaellands-odde-1554772859
Lygtebakken 15,4220,Korsør,6995000,Villa/Parcelhus,374,13.0,1907,D,17,64.4,1421.0,1566.0,55.33771,11.12589,https://www.boliga.dk/adresse/lygtebakken-15-4220-korsoer-432636228
Havnegade 45,5500,Middelfart,12500000,Villa/Parcelhus,250,9.0,1906,d,161,64.5,4594.0,1164.0,55.50592,9.73151,https://www.boliga.dk/adresse/havnegade-45-5500-middelfart-1716533935
Strandvejen 135,9800,Hjørring,3845000,Fritidshus,114,4.0,1900,-,492,64.5,2346.0,1677.0,57.47615,9.79605,https://www.boliga.dk/adresse/strandvejen-135-9800-hjoerring-239782018
"Storstrømsvej 22, Guldborg",4862,Guldborg,495000,Fritidshus,132,5.0,1907,G,211,64.6,1549.0,8455.0,54.87273,11.75322,https://www.boliga.dk/adresse/storstroemsvej-22-4862-guldborg-1187219462
Fjordvang 15,6950,Ringkøbing,3195000,Villa/Parcelhus,92,3.0,1955,C,85,64.6,2089.0,2293.0,56.08111,8.25593,https://www.boliga.dk/adresse/fjordvang-15-6950-ringkoebing-786414887
Langsand 89,6960,Hvide Sande,2345000,Fritidshus,35,2.0,2023,-,111,64.6,542.0,488.0,56.00745,8.13277,https://www.boliga.dk/adresse/langsand-89-6960-hvide-sande-77422194
Magstræde 8,2791,Dragør,4495000,Villa/Parcelhus,80,3.0,1775,E,7,64.7,9024.0,4366.0,55.59358,12.67389,https://www.boliga.dk/adresse/magstraede-8-2791-dragoer-875938531
Holger Drachmanns Vej 2B,9900,Frederikshavn,2095000,Fritidshus,146,5.0,1981,C,910,64.7,760.0,2081.0,57.40648,10.52357,https://www.boliga.dk/adresse/holger-drachmanns-vej-2b-9900-frederikshavn-1221527831
"Klintestien 31, Roneklint St",4720,Præstø,1495000,Fritidshus,55,3.0,1968,-,11,64.8,5045.0,6228.0,55.12916,12.13815,https://www.boliga.dk/adresse/klintestien-31-4720-praestoe-142272481
"Løkkegade 34, Gudhjem",3760,Gudhjem,6595000,Fritidshus,104,6.0,1958,-,330,64.8,2299.0,9708.0,55.21384,14.96663,https://www.boliga.dk/adresse/loekkegade-34-3760-gudhjem-659651519
Kystvejen 84,4400,Kalundborg,6495000,Villa/Parcelhus,185,7.0,1932,E,93,64.8,2300.0,3843.0,55.68609,11.05403,https://www.boliga.dk/adresse/kystvejen-84-4400-kalundborg-331305149
Helge Rodes Vej 4B,9900,Frederikshavn,1195000,Helårsgrund,0,0.0,0,-,518,64.9,854.0,2354.0,57.40922,10.52327,https://www.boliga.dk/adresse/helge-rodes-vej-4b-9900-frederikshavn-1317528508
Skansevej 21,3630,Jægerspris,14995000,Fritidshus,270,6.0,2015,K,59,65.0,4861.0,3874.0,55.93483,11.91542,https://www.boliga.dk/adresse/skansevej-21-3630-jaegerspris-773660971
Nyvej 9,8300,Odder,13500000,Villa/Parcelhus,185,5.0,2020,J,9,65.0,1623.0,2423.0,55.91447,10.25617,https://www.boliga.dk/adresse/nyvej-9-8300-odder-1236147557
"Rylelunden 8A, Veddinge Bk",4540,Fårevejle,12995000,Fritidshus,105,4.0,1997,-,35,65.1,3314.0,4217.0,55.84293,11.4376,https://www.boliga.dk/adresse/rylelunden-8a-4540-faarevejle-1361609061
"Mosedalsvej 11, Listed",3740,Svaneke,3995000,Fritidshus,134,6.0,1700,F,58,65.1,1200.0,1707.0,55.14563,15.10749,https://www.boliga.dk/adresse/mosedalsvej-11-3740-svaneke-1025001638
Kelstrupvej 90G,6100,Haderslev,6750000,Fritidshus,125,4.0,1995,-,104,65.1,2456.0,1305.0,55.19191,9.58243,https://www.boliga.dk/adresse/kelstrupvej-90g-6100-haderslev-1998702533
Mor Markers Gænge 7,3740,Svaneke,7500000,Fritidshus,103,3.0,1995,-,106,65.1,1393.0,1852.0,55.14705,15.10572,https://www.boliga.dk/adresse/mor-markers-gaenge-7-3740-svaneke-351592278
Søvej 3,2791,Dragør,8495000,Villa/Parcelhus,184,6.0,1974,f,553,65.2,8937.0,6651.0,55.57125,12.62295,https://www.boliga.dk/adresse/soevej-3-2791-dragoer-627592141
Sandvigvej 15,4750,Lundby,2495000,Fritidshus,80,8.0,1962,-,106,65.3,4550.0,9077.0,55.11773,11.72079,https://www.boliga.dk/adresse/sandvigvej-15-4750-lundby-1026825257
Storegade 70,3700,Rønne,3250000,Villa/Parcelhus,284,8.0,1900,D,156,65.4,2369.0,1539.0,55.10457,14.69753,https://www.boliga.dk/adresse/storegade-70-3700-roenne-1548991909
"Fiskervænget 26, Dyreborg",5600,Faaborg,4595000,Villa/Parcelhus,187,5.0,1917,D,164,65.6,5318.0,11947.0,55.06691,10.21258,https://www.boliga.dk/adresse/fiskervaenget-26-5600-faaborg-1037305361
"Skudehavnen 12, 1.",5900,Rudkøbing,1595000,Fritidshus,61,3.0,2008,B,23,65.9,1572.0,2632.0,54.9406,10.71223,https://www.boliga.dk/adresse/skudehavnen-12-1-5900-rudkoebing-937920741
"Strandkanten 11, Vesterø Havn",9940,Læsø,2895000,Fritidshus,90,3.0,2013,K,35,66.1,3588.0,2726.0,57.29302,10.92194,https://www.boliga.dk/adresse/strandkanten-11-9940-laesoe-366468949
"Hvidbjergvej 77, Hvidbjerg",7080,Børkop,2995000,Fritidshus,88,4.0,1918,-,43,66.1,2267.0,2740.0,55.64409,9.74253,https://www.boliga.dk/adresse/hvidbjergvej-77-7080-boerkop-2134370966
"Snerlevænget 1, Tørresø Strand",5450,Otterup,2290000,Fritidshus,60,2.0,1950,-,65,66.1,2581.0,11325.0,55.59813,10.38455,https://www.boliga.dk/adresse/snerlevaenget-1-5450-otterup-1455619045
Stenlunden 19,5330,Munkebo,1595000,Villa/Parcelhus,111,4.0,1968,C,10,66.2,2209.0,7416.0,55.452,10.55507,https://www.boliga.dk/adresse/stenlunden-19-5330-munkebo-1526873589
Søndre Strandvej 68A,3000,Helsingør,10495000,Villa/Parcelhus,138,5.0,1991,D,59,66.3,5454.0,6396.0,56.01922,12.60104,https://www.boliga.dk/adresse/soendre-strandvej-68a-3000-helsingoer-486189643
Vænget 41,3630,Jægerspris,10800000,Villalejlighed,347,5.0,1777,b,140,66.3,4274.0,4610.0,55.87005,11.99844,https://www.boliga.dk/adresse/vaenget-41-3630-jaegerspris-360818339
Poppelvej 114,2791,Dragør,8495000,Villa/Parcelhus,139,5.0,1974,f,22,66.6,8781.0,7300.0,55.56619,12.61589,https://www.boliga.dk/adresse/poppelvej-114-2791-dragoer-147780255
"Ved Havnen 14, Stubberup",4880,Nysted,2495000,Fritidshus,250,6.0,1971,C,71,66.6,1346.0,2975.0,54.66506,11.68791,https://www.boliga.dk/adresse/ved-havnen-14-4880-nysted-2106658841
Vestergade 27,7620,Lemvig,1585000,Villa/Parcelhus,215,5.0,1929,D,258,66.6,2145.0,3082.0,56.54968,8.30509,https://www.boliga.dk/adresse/vestergade-27-7620-lemvig-1290625440
"Havnevej 12C, 1. tv, Tejn",3770,Allinge,2700000,Fritidshus,73,3.0,2023,J,694,66.8,4561.0,3363.0,55.25027,14.83132,https://www.boliga.dk/adresse/havnevej-12c-1-tv-3770-allinge-262864883
Dosseringen 36,5300,Kerteminde,4795000,Villa/Parcelhus,133,5.0,1969,d,35,66.8,4189.0,3537.0,55.44882,10.66445,https://www.boliga.dk/adresse/dosseringen-36-5300-kerteminde-1984752945
"Juul Nielsenvej 23, Føns",5580,Nørre Aaby,1295000,Fritidshus,37,2.0,1930,-,162,67.0,1707.0,6493.0,55.42514,9.82352,https://www.boliga.dk/adresse/juul-nielsenvej-23-5580-noerre-aaby-1793335627
Thorsvej 63,4500,Nykøbing Sj,12900000,Fritidshus,175,8.0,1993,-,378,67.1,5245.0,1608.0,55.93895,11.65188,https://www.boliga.dk/adresse/thorsvej-63-4500-nykoebing-sj-1808134901
"Lersøvej 3, Rønne",3700,Rønne,3700000,Fritidshus,86,3.0,1940,-,14,67.2,4033.0,1010.0,55.08066,14.72292,https://www.boliga.dk/adresse/lersoevej-3-3700-roenne-1798607907
Sandvejen 101,5390,Martofte,6900000,Fritidshus,96,3.0,2015,-,120,67.5,10842.0,19674.0,55.61583,10.62118,https://www.boliga.dk/adresse/sandvejen-101-5390-martofte-1343840838
"Faarevejle Alle 1, Faarevejle",5900,Rudkøbing,2695000,Fritidshus,162,5.0,1915,G,1514,67.6,2324.0,3924.0,54.90801,10.70602,https://www.boliga.dk/adresse/faarevejle-alle-1-5900-rudkoebing-165070909
Dosseringen 38,5300,Kerteminde,5995000,Villa/Parcelhus,149,5.0,1968,c,318,67.8,4187.0,3545.0,55.44887,10.66472,https://www.boliga.dk/adresse/dosseringen-38-5300-kerteminde-864076203
"Tordenskjoldsvej 18, Tåsinge",5700,Svendborg,7950000,Villa/Parcelhus,151,5.0,1986,D,303,67.9,5618.0,997.0,55.04011,10.60126,https://www.boliga.dk/adresse/tordenskjoldsvej-18-5700-svendborg-1507934981
"Bundgarnet 135, Råbylille",4780,Stege,3375000,Fritidshus,117,3.0,1964,-,132,68.0,2692.0,7729.0,54.96381,12.40878,https://www.boliga.dk/adresse/bundgarnet-135-4780-stege-1784000362
Nordre Strandvej 131,3140,Ålsgårde,5995000,Villa/Parcelhus,121,2.0,1876,C,98,68.1,3913.0,5908.0,56.07236,12.55215,https://www.boliga.dk/adresse/nordre-strandvej-131-3140-aalsgaarde-2117347375
"Skudehavnen 8, st.",5900,Rudkøbing,1395000,Fritidshus,61,3.0,2008,B,168,68.3,1561.0,2622.0,54.94065,10.71243,https://www.boliga.dk/adresse/skudehavnen-8-st-5900-rudkoebing-2096592614
"Kystvejen 31C, Hou",9370,Hals,875000,Helårsgrund,0,0.0,0,-,162,68.3,4888.0,6293.0,57.05985,10.37615,https://www.boliga.dk/adresse/kystvejen-31c-9370-hals-1117371052
"Klintevej 4, Spodsbjerg",5900,Rudkøbing,495000,Helårsgrund,0,0.0,0,-,1651,68.4,3069.0,4967.0,54.92894,10.82789,https://www.boliga.dk/adresse/klintevej-4-5900-rudkoebing-916710003
Kildetoften 6,5600,Faaborg,1500000,Fritidshus,122,4.0,1932,c,254,68.4,7136.0,10368.0,55.09913,10.23524,https://www.boliga.dk/adresse/kildetoften-6-5600-faaborg-298197489
"Spodsbjergvej 323, Spodsbjerg",5900,Rudkøbing,1395000,Fritidshus,137,4.0,1900,E,448,68.5,3091.0,4985.0,54.93084,10.82835,https://www.boliga.dk/adresse/spodsbjergvej-323-5900-rudkoebing-516067631
Bindesbøllsvej 7,9900,Frederikshavn,2695000,Villa/Parcelhus,144,3.0,1996,c,234,68.5,782.0,2140.0,57.40704,10.52366,https://www.boliga.dk/adresse/bindesboellsvej-7-9900-frederikshavn-671072504
Granvej 4B,2791,Dragør,11800000,Villa/Parcelhus,192,5.0,1956,d,1,68.5,7772.0,3115.0,55.60444,12.66876,https://www.boliga.dk/adresse/granvej-4b-2791-dragoer-2002471101
"Kimingen 5, Venø",7600,Struer,1395000,Fritidshus,83,4.0,1976,-,506,68.7,3520.0,2816.0,56.54906,8.61917,https://www.boliga.dk/adresse/kimingen-5-7600-struer-1200568011
"Simons Bakke 56, Tilsted",7700,Thisted,1995000,Villa/Parcelhus,148,2.0,1929,E,184,68.8,2288.0,3584.0,56.95036,8.66613,https://www.boliga.dk/adresse/simons-bakke-56-7700-thisted-1955725712
"Teilmanns Alle 4B, Korsør C.",4220,Korsør,245000,Landejendom,32,1.0,1989,C,17,68.9,2579.0,2298.0,55.32998,11.14265,https://www.boliga.dk/adresse/teilmanns-alle-4b-4220-korsoer-783359264
Hagenæs 14,4040,Jyllinge,5595000,Villa/Parcelhus,127,6.0,2005,K,15,69.1,5284.0,4794.0,55.76349,12.09064,https://www.boliga.dk/adresse/hagenaes-14-4040-jyllinge-716795444
"Klør-Fire 6, Brunsnæs",6310,Broager,3695000,Villa/Parcelhus,159,3.0,1877,K,149,69.2,1357.0,2767.0,54.86792,9.64254,https://www.boliga.dk/adresse/kloer-fire-6-6310-broager-806615619
Strandvænget 14,4200,Slagelse,6395000,Villa/Parcelhus,116,4.0,2018,-,196,69.2,2724.0,7238.0,55.40226,11.21495,https://www.boliga.dk/adresse/strandvaenget-14-4200-slagelse-610941763
"Klintestien 35, Roneklint St",4720,Præstø,2295000,Fritidshus,74,4.0,1971,-,4,69.2,5014.0,6189.0,55.1293,12.13745,https://www.boliga.dk/adresse/klintestien-35-4720-praestoe-1586456693
Fjordvejen 6,7600,Struer,3895000,Villa/Parcelhus,297,5.0,1965,D,228,69.4,2795.0,1009.0,56.50098,8.58271,https://www.boliga.dk/adresse/fjordvejen-6-7600-struer-1923426397
"Hejsager Strandby 33, Hejsager Strand",6100,Haderslev,3595000,Fritidshus,83,4.0,2002,-,458,69.4,2300.0,2669.0,55.19435,9.60414,https://www.boliga.dk/adresse/hejsager-strandby-33-6100-haderslev-431900154
"Alperosevej 7, Ulvshale",4780,Stege,4999000,Fritidshus,95,4.0,1957,-,657,69.5,988.0,3194.0,55.02814,12.30897,https://www.boliga.dk/adresse/alperosevej-7-4780-stege-647496742
Orebyvej 247,4990,Sakskøbing,3995000,Fritidshus,147,6.0,1898,G,42,69.5,1808.0,3064.0,54.81914,11.60802,https://www.boliga.dk/adresse/orebyvej-247-4990-sakskoebing-255742122
"Mågevej 66, Midskov",5370,Mesinge,1395000,Fritidshus,48,2.0,2009,-,57,69.6,3405.0,11222.0,55.51705,10.62743,https://www.boliga.dk/adresse/maagevej-66-5370-mesinge-1362877904
"Poppelvej 13, Hou",9370,Hals,1595000,Fritidshus,198,6.0,1916,D,162,69.8,4884.0,6315.0,57.05966,10.37606,https://www.boliga.dk/adresse/poppelvej-13-9370-hals-1442003212
"Havnsø Møllevej 19, Havnsø",4591,Føllenslev,3495000,Villa/Parcelhus,110,3.0,1969,D,65,69.8,2560.0,3580.0,55.75321,11.31554,https://www.boliga.dk/adresse/havnsoe-moellevej-19-4591-foellenslev-1863467716
Greve Strandvej 153,2670,Greve,11675000,Villa/Parcelhus,138,5.0,1920,e,147,69.9,5014.0,2677.0,55.574,12.29307,https://www.boliga.dk/adresse/greve-strandvej-153-2670-greve-1652098069
Ndr. Strandvej 3M 1,8400,Ebeltoft,2795000,Fritidshus,90,3.0,2004,-,56,70.1,2502.0,1957.0,56.20296,10.67804,https://www.boliga.dk/adresse/ndr-strandvej-3m-1-8400-ebeltoft-1234546739
"Siriusvej 48, Vejlby Fed",5500,Middelfart,4995000,Fritidshus,108,5.0,1984,-,15,70.3,3370.0,3314.0,55.51739,9.85684,https://www.boliga.dk/adresse/siriusvej-48-5500-middelfart-1159043903
Strandgaardsvej 28,4760,Vordingborg,5995000,Fritidshus,92,3.0,2005,-,64,70.4,3635.0,4602.0,54.98202,11.97099,https://www.boliga.dk/adresse/strandgaardsvej-28-4760-vordingborg-578376226
"Tordenskjoldsvej 26, Tåsinge",5700,Svendborg,9995000,Villa/Parcelhus,242,6.0,1989,C,343,70.6,5609.0,1042.0,55.03947,10.60079,https://www.boliga.dk/adresse/tordenskjoldsvej-26-5700-svendborg-1513905634
"Kystvejen 64, Strøby Egede",4600,Køge,4995000,Fritidshus,60,3.0,1977,-,158,70.6,3477.0,8165.0,55.41433,12.25725,https://www.boliga.dk/adresse/kystvejen-64-4600-koege-110918543
"Postgade 2, st Tejn",3770,Allinge,2595000,Fritidshus,183,4.0,1969,D,373,70.8,4510.0,3908.0,55.24717,14.83796,https://www.boliga.dk/adresse/postgade-2-st-3770-allinge-1298573404
"Havnevej 12D, st., Tejn",3770,Allinge,2600000,Fritidshus,73,3.0,2023,-,1100,71.0,4556.0,3362.0,55.25024,14.83128,https://www.boliga.dk/adresse/havnevej-12d-st-3770-allinge-320749604
Vang 75,3790,Hasle,3698000,Helårsgrund,0,0.0,0,-,43,71.0,3604.0,565.0,55.24845,14.7377,https://www.boliga.dk/adresse/vang-75-3790-hasle-270289
Duevej 17A,7080,Børkop,5995000,Fritidshus,125,5.0,1877,-,280,71.1,2035.0,3640.0,55.65495,9.73816,https://www.boliga.dk/adresse/duevej-17a-7080-boerkop-873435814
Nordre Strandvej 261B,3140,Ålsgårde,13995000,Villa/Parcelhus,197,6.0,2019,J,18,71.1,3263.0,7355.0,56.08502,12.51941,https://www.boliga.dk/adresse/nordre-strandvej-261b-3140-aalsgaarde-1912866677
Klintevej 41,3390,Hundested,22000000,Fritidsgrund,114,7.0,1942,-,42,71.2,1500.0,2310.0,55.99882,11.92094,https://www.boliga.dk/adresse/klintevej-41-3390-hundested-181235402
Mads Madsens Vænge 71,7080,Børkop,5995000,Fritidshus,136,5.0,2004,-,156,71.4,2024.0,4031.0,55.6596,9.73372,https://www.boliga.dk/adresse/mads-madsens-vaenge-71-7080-boerkop-1896529791
"Østre Strandvej 249, Hasmark Strand",5450,Otterup,1095000,Fritidshus,44,2.0,1991,-,99,71.6,3774.0,8944.0,55.55569,10.48022,https://www.boliga.dk/adresse/oestre-strandvej-249-5450-otterup-1171200863
"Sommerstedvej 19, Hjerm",7830,Vinderup,2825000,Fritidshus,107,3.0,1998,-,4,71.7,1188.0,6345.0,56.47052,8.68858,https://www.boliga.dk/adresse/sommerstedvej-19-7830-vinderup-1906582376
Enø Kystvej 121,4736,Karrebæksminde,5250000,Villa/Parcelhus,269,7.0,1969,D,363,71.7,4572.0,10053.0,55.17234,11.66612,https://www.boliga.dk/adresse/enoe-kystvej-121-4736-karrebaeksminde-1258644610
Nordre Strandvej 149A,3140,Ålsgårde,5995000,Villa/Parcelhus,215,5.0,1963,b,105,71.9,3820.0,5984.0,56.07357,12.54962,https://www.boliga.dk/adresse/nordre-strandvej-149a-3140-aalsgaarde-813375017
Strandvolden 9,3730,Nexø,5995000,Fritidshus,192,5.0,1920,-,118,71.9,1851.0,2368.0,55.03992,15.10918,https://www.boliga.dk/adresse/strandvolden-9-3730-nexoe-1231827375
Nordre Strandvej 217A,3140,Ålsgårde,8495000,Villa/Parcelhus,182,6.0,1977,C,53,72.0,3601.0,6308.0,56.07902,12.53978,https://www.boliga.dk/adresse/nordre-strandvej-217a-3140-aalsgaarde-1673902
"Strandvejen 13, Hvalpsund",9640,Farsø,895000,Fritidshus,30,2.0,2023,-,29,72.1,3638.0,1097.0,56.69821,9.1897,https://www.boliga.dk/adresse/strandvejen-13-9640-farsoe-1422258534
Præstegårdsvej 6,4660,Store Heddinge,13995000,Villalejlighed,331,8.0,2022,J,370,72.1,1367.0,10182.0,55.27552,12.438,https://www.boliga.dk/adresse/praestegaardsvej-6-4660-store-heddinge-1692662945
"Strandgade 10A, 1.",4230,Skælskør,725000,Landejendom,115,3.0,1999,C,32,72.2,2174.0,2760.0,55.25259,11.29187,https://www.boliga.dk/adresse/strandgade-10a-1-4230-skaelskoer-1072469237
Knudsmade 7,6300,Gråsten,11700000,Villa/Parcelhus,213,5.0,1906,K,44,72.3,2139.0,3250.0,54.87787,9.53397,https://www.boliga.dk/adresse/knudsmade-7-6300-graasten-1017899264
Strandbakken 17,4400,Kalundborg,6475000,Villa/Parcelhus,251,8.0,1962,E,666,72.5,2098.0,4629.0,55.69129,11.0413,https://www.boliga.dk/adresse/strandbakken-17-4400-kalundborg-2097660223
Strandvejen 85A+,3300,Frederiksværk,3695000,Villa/Parcelhus,180,6.0,1942,B,25,72.5,3521.0,912.0,55.95573,12.02218,https://www.boliga.dk/adresse/strandvejen-85-3300-frederiksvaerk-1245598509
"Elses Løkkevej 1, Snogebæk",3730,Nexø,3595000,Fritidshus,133,4.0,1932,F,16,72.5,1509.0,3619.0,55.02559,15.11824,https://www.boliga.dk/adresse/elses-loekkevej-1-3730-nexoe-1014257627
Nødebovejen 111,3390,Hundested,6000000,Fritidshus,92,4.0,1983,-,190,72.6,1671.0,2140.0,55.99251,11.90634,https://www.boliga.dk/adresse/noedebovejen-111-3390-hundested-12674959
Næsvej 70,4540,Fårevejle,17495000,Fritidshus,132,5.0,1968,-,392,72.7,7260.0,8096.0,55.84191,11.36794,https://www.boliga.dk/adresse/naesvej-70-4540-faarevejle-1172419072
"Strandvænget 16, Næsby Strand",4200,Slagelse,3945000,Fritidshus,89,4.0,1927,-,361,72.7,2711.0,7253.0,55.40214,11.21505,https://www.boliga.dk/adresse/strandvaenget-16-4200-slagelse-2017363648
Pallesdamvej 17,7840,Højslev,4945000,Villalejlighed,260,8.0,1901,c,283,72.9,5338.0,3633.0,56.59567,9.09268,https://www.boliga.dk/adresse/pallesdamvej-17-7840-hoejslev-408979686
Havbakken 2,9990,Skagen,24000000,Fritidshus,136,6.0,1920,-,49,73.0,2616.0,3371.0,57.72996,10.52439,https://www.boliga.dk/adresse/havbakken-2-9990-skagen-1529340931
"Mads Madsens Vænge 59, Mørkholt",7080,Børkop,5395000,Fritidshus,110,3.0,2001,-,109,73.0,1975.0,4058.0,55.66012,9.73205,https://www.boliga.dk/adresse/mads-madsens-vaenge-59-7080-boerkop-1724545846
"Røgerivej 2, Havnebyen",4583,Sjællands Odde,4995000,Villa/Parcelhus,90,4.0,1922,C,72,73.0,855.0,14189.0,55.97331,11.36059,https://www.boliga.dk/adresse/roegerivej-2-4583-sjaellands-odde-898409664
Nordre Strandvej 237C,3140,Ålsgårde,5995000,Villa/Parcelhus,156,5.0,1975,C,72,73.0,3463.0,6568.0,56.08067,12.53441,https://www.boliga.dk/adresse/nordre-strandvej-237c-3140-aalsgaarde-1557162529
Kystvej 3,9900,Frederikshavn,2495000,Villa/Parcelhus,117,4.0,1943,I,11,73.2,2582.0,2001.0,57.43018,10.52676,https://www.boliga.dk/adresse/kystvej-3-9900-frederikshavn-429422646
Greve Strandvej 165,2670,Greve,12995000,Villa/Parcelhus,186,4.0,1932,D,78,73.2,4976.0,2692.0,55.57336,12.29171,https://www.boliga.dk/adresse/greve-strandvej-165-2670-greve-1416874032
"Langsand 115, 1.",6960,Hvide Sande,3398000,Fritidshus,101,4.0,2022,-,115,73.4,405.0,562.0,56.00763,8.13494,https://www.boliga.dk/adresse/langsand-115-1-6960-hvide-sande-101491582
"Munkekrogen 23, Bogensø",5390,Martofte,3195000,Fritidshus,68,2.0,1951,-,86,73.5,5112.0,12922.0,55.53176,10.61934,https://www.boliga.dk/adresse/munkekrogen-23-5390-martofte-1799275850
Strandvejen 3,5970,Ærøskøbing,3495000,Fritidshus,121,4.0,1964,D,234,73.5,5835.0,975.0,54.89206,10.40948,https://www.boliga.dk/adresse/strandvejen-3-5970-aeroeskoebing-1412309429
Gilleleje Strandvej 20B,3250,Gilleleje,10980000,Villa/Parcelhus,182,8.0,1910,c,426,73.6,2000.0,8434.0,56.12714,12.30214,https://www.boliga.dk/adresse/gilleleje-strandvej-20b-3250-gilleleje-2058574186
Saltebakken 44,9900,Frederikshavn,3395000,Villa/Parcelhus,213,5.0,1961,B,251,73.6,1846.0,2821.0,57.42248,10.52707,https://www.boliga.dk/adresse/saltebakken-44-9900-frederikshavn-199276060
"Brinken 75, Strøby Egede",4600,Køge,3295000,Helårsgrund,0,0.0,0,-,821,73.7,3028.0,7838.0,55.4122,12.26365,https://www.boliga.dk/adresse/brinken-75-4600-koege-2119776935
Øresunds Alle 61,2791,Dragør,11495000,Villa/Parcelhus,167,6.0,1917,d,59,73.9,8306.0,3649.0,55.59979,12.67084,https://www.boliga.dk/adresse/oeresunds-alle-61-2791-dragoer-438010682
Duevej 15E,7080,Børkop,5795000,Fritidshus,127,4.0,2023,-,484,74.0,2031.0,3674.0,55.65536,9.73783,https://www.boliga.dk/adresse/duevej-15e-7080-boerkop-923351701
Nordre Strandvej 26A,3000,Helsingør,9495000,Villa/Parcelhus,191,5.0,1974,D,107,74.3,5011.0,5437.0,56.04817,12.59763,https://www.boliga.dk/adresse/nordre-strandvej-26a-3000-helsingoer-1584082043
"Skippervej 13, Havnsø",4591,Føllenslev,3300000,Fritidshus,47,3.0,1968,-,545,74.3,2667.0,3836.0,55.75345,11.31088,https://www.boliga.dk/adresse/skippervej-13-4591-foellenslev-1605617249
Haulundsvej 88,9300,Sæby,2098000,Fritidshus,80,4.0,1969,-,545,74.5,4171.0,3206.0,57.34448,10.52118,https://www.boliga.dk/adresse/haulundsvej-88-9300-saeby-474810414
Blåbyvej 11,5700,Svendborg,7100000,Villa/Parcelhus,140,5.0,1968,f,20,74.6,3757.0,1785.0,55.03917,10.65422,https://www.boliga.dk/adresse/blaabyvej-11-5700-svendborg-468088442
Havnevej 84A,7990,Øster Assels,2945000,Fritidshus,164,5.0,1959,E,104,74.6,1858.0,7128.0,56.68135,8.72786,https://www.boliga.dk/adresse/havnevej-84a-7990-oester-assels-853275549
"Fjordvejen 110, Sønderhav",6340,Kruså,4495000,Villa/Parcelhus,228,8.0,1912,D,123,74.6,3372.0,3633.0,54.86405,9.49991,https://www.boliga.dk/adresse/fjordvejen-110-6340-krusaa-1711205345
Samsøvej 8,8300,Odder,4895000,Fritidshus,116,5.0,1972,-,79,74.7,3990.0,4322.0,55.98495,10.2512,https://www.boliga.dk/adresse/samsoevej-8-8300-odder-1750727920
Duevej 15D,7080,Børkop,5995000,Fritidshus,127,4.0,2023,-,45,74.7,2032.0,3692.0,55.65557,9.7377,https://www.boliga.dk/adresse/duevej-15d-7080-boerkop-1343504335
"Strandgade 57, Tåsinge",5700,Svendborg,6995000,Villa/Parcelhus,193,4.0,2019,J,71,74.8,4586.0,768.0,55.03593,10.63869,https://www.boliga.dk/adresse/strandgade-57-5700-svendborg-221870335
Plantagevej 4,3250,Gilleleje,13985000,Fritidshus,81,5.0,1951,-,155,74.8,2172.0,7084.0,56.12167,12.24903,https://www.boliga.dk/adresse/plantagevej-4-3250-gilleleje-1432233819
"Dageløkke Marina 2S, Dageløkke",5953,Tranekær,1395000,Fritidshus,76,4.0,1976,-,46,74.8,754.0,7522.0,55.06229,10.86371,https://www.boliga.dk/adresse/dageloekke-marina-2s-5953-tranekaer-1089527238
Greve Strandvej 161,2670,Greve,10495000,Helårsgrund,85,3.0,1934,g,97,74.9,4986.0,2684.0,55.5736,12.29215,https://www.boliga.dk/adresse/greve-strandvej-161-2670-greve-305308506
"Violvej 5, Lundeborg",5874,Hesselager,2995000,Fritidshus,127,4.0,1955,-,143,74.9,4905.0,5128.0,55.14453,10.78308,https://www.boliga.dk/adresse/violvej-5-5874-hesselager-2001979255
"Hejsager Strandvej 278, Hejsager Strand",6100,Haderslev,1395000,Fritidshus,57,3.0,1989,-,147,75.0,2569.0,1790.0,55.19427,9.59033,https://www.boliga.dk/adresse/hejsager-strandvej-278-6100-haderslev-861623630
Skandsen 7,4900,Nakskov,949000,Villa/Parcelhus,115,4.0,1877,C,157,75.0,2137.0,1639.0,54.82726,11.13622,https://www.boliga.dk/adresse/skandsen-7-4900-nakskov-1752115488
Strandvejen 71,4880,Nysted,1995000,Fritidshus,109,3.0,1887,C,4,75.1,1821.0,696.0,54.66329,11.73137,https://www.boliga.dk/adresse/strandvejen-71-4880-nysted-1888589993
Gåbense Strandvej 23,4840,Nørre Alslev,1495000,Villa/Parcelhus,122,4.0,1909,G,59,75.4,1479.0,6707.0,54.94135,11.87185,https://www.boliga.dk/adresse/gaabense-strandvej-23-4840-noerre-alslev-1722710357
"Havnegade 7, Hasle",3790,Hasle,1125000,Villa/Parcelhus,115,4.0,1900,D,428,75.5,1620.0,2389.0,55.184,14.70398,https://www.boliga.dk/adresse/havnegade-7-3790-hasle-191716743
Fjordhusene 95,4736,Karrebæksminde,1350000,Fritidshus,48,2.0,1980,-,181,75.5,4412.0,10074.0,55.17384,11.66054,https://www.boliga.dk/adresse/fjordhusene-95-4736-karrebaeksminde-963695784
"Vesterhavsgade 1, Thorsminde",6990,Ulfborg,995000,Fritidshus,100,3.0,1967,E,545,75.7,4831.0,6217.0,56.37324,8.12067,https://www.boliga.dk/adresse/vesterhavsgade-1-6990-ulfborg-1188594192
Dovreåsvej 5,3700,Rønne,3350000,Villa/Parcelhus,176,4.0,1961,E,141,75.8,1332.0,1447.0,55.1158,14.70347,https://www.boliga.dk/adresse/dovreaasvej-5-3700-roenne-689765270
"Agerøvej 23, V Hvidbjerg",7960,Karby,1095000,Fritidshus,163,6.0,1870,K,56,76.0,1970.0,7050.0,56.72891,8.5749,https://www.boliga.dk/adresse/ageroevej-23-7960-karby-582065692
"Hareklit 12, Haurvig",6960,Hvide Sande,5000000,Fritidshus,120,4.0,1967,-,56,76.4,10627.0,3010.0,55.90489,8.16879,https://www.boliga.dk/adresse/hareklit-12-6960-hvide-sande-1266062700
Strandgade 7,9300,Sæby,2745000,Fritidshus,139,6.0,1929,c,419,76.5,3601.0,2363.0,57.33313,10.52919,https://www.boliga.dk/adresse/strandgade-7-9300-saeby-458215274
"Hornsherredvej 192, Lyndby",4070,Kirke Hyllinge,11745000,Villa/Parcelhus,203,5.0,1986,C,70,76.6,2519.0,831.0,55.67699,11.94083,https://www.boliga.dk/adresse/hornsherredvej-192-4070-kirke-hyllinge-130091737
"Vestre Strandvej 48, Hasmark Strand",5450,Otterup,1495000,Fritidshus,41,2.0,1992,-,136,76.8,2824.0,9444.0,55.56751,10.45161,https://www.boliga.dk/adresse/vestre-strandvej-48-5450-otterup-96182830
Klitvej 13,2690,Karlslunde,12995000,Villa/Parcelhus,200,5.0,2008,C,7,76.8,3919.0,1766.0,55.55981,12.26457,https://www.boliga.dk/adresse/klitvej-13-2690-karlslunde-1236781815
Næsvej 39,5610,Assens,2475000,Fritidshus,116,4.0,2005,C,3,76.9,2172.0,2344.0,55.26844,9.88323,https://www.boliga.dk/adresse/naesvej-39-5610-assens-1841772376
"Granbakken 3, Kolby Kås",8305,Samsø,3995000,Fritidshus,109,4.0,1949,C,93,76.9,3035.0,5631.0,55.79429,10.53022,https://www.boliga.dk/adresse/granbakken-3-8305-samsoe-1003921918
"Højskolevej 11, Rønshoved",6340,Kruså,3995000,Villa/Parcelhus,179,6.0,1860,C,435,76.9,2343.0,3590.0,54.87552,9.52076,https://www.boliga.dk/adresse/hoejskolevej-11-6340-krusaa-1875384683
Nordre Strandvej 239B,3140,Ålsgårde,8995000,Villa/Parcelhus,176,5.0,2010,C,129,77.0,3435.0,6617.0,56.08085,12.53348,https://www.boliga.dk/adresse/nordre-strandvej-239b-3140-aalsgaarde-1825304926
Rærupvej 50,9310,Vodskov,5995000,Villa/Parcelhus,201,6.0,1850,K,97,77.2,362.0,3188.0,57.08976,10.0115,https://www.boliga.dk/adresse/raerupvej-50-9310-vodskov-1881419007
"Lungsminde 32, Enø",4736,Karrebæksminde,2695000,Fritidshus,51,3.0,2019,-,115,77.5,4256.0,10289.0,55.17296,11.65644,https://www.boliga.dk/adresse/lungsminde-32-4736-karrebaeksminde-794024308
Strandporten 2,5610,Assens,1395000,Villa/Parcelhus,201,6.0,1855,E,128,77.6,2036.0,2119.0,55.27048,9.89094,https://www.boliga.dk/adresse/strandporten-2-5610-assens-11999838
Landervejen 67,4281,Gørlev,2995000,Fritidshus,89,3.0,1969,-,560,77.6,4384.0,5566.0,55.5331,11.09883,https://www.boliga.dk/adresse/landervejen-67-4281-goerlev-1121992853
Søvej 31A,2791,Dragør,7895000,Villa/Parcelhus,167,4.0,1986,B,52,77.6,8893.0,6862.0,55.56958,12.62077,https://www.boliga.dk/adresse/soevej-31a-2791-dragoer-1273420338
"Fiskenæsvej 2, 1. 1",6300,Gråsten,1750000,Fritidshus,63,3.0,2008,-,8,77.6,5342.0,1615.0,54.91811,9.60619,https://www.boliga.dk/adresse/fiskenaesvej-2-1-1-6300-graasten-1608621904
"Fiskenæsvej 2, 1. 4",6300,Gråsten,1599000,Fritidshus,63,3.0,2008,-,315,77.6,5342.0,1615.0,54.91811,9.60619,https://www.boliga.dk/adresse/fiskenaesvej-2-1-4-6300-graasten-241413984
Fiskenæsvej 2 st 5,6300,Gråsten,1695000,Fritidshus,63,3.0,2008,-,3152,77.6,5342.0,1615.0,54.91811,9.60619,https://www.boliga.dk/adresse/fiskenaesvej-2-st-5-6300-graasten-52836439
Johnsens Alle 19,7700,Thisted,2348000,Villa/Parcelhus,168,6.0,1974,D,59,77.7,2356.0,2494.0,56.95366,8.70621,https://www.boliga.dk/adresse/johnsens-alle-19-7700-thisted-912758940
Femvej 7,2670,Greve,13750000,Villa/Parcelhus,215,6.0,2008,C,256,77.8,5611.0,2484.0,55.57988,12.30812,https://www.boliga.dk/adresse/femvej-7-2670-greve-405285241
Smedelinien 61,4400,Kalundborg,16495000,Fritidshus,92,6.0,1928,-,94,77.8,1503.0,4438.0,55.71314,11.00589,https://www.boliga.dk/adresse/smedelinien-61-4400-kalundborg-2047542988
Nederste Midtmarksvej 6B,5960,Marstal,1395000,Fritidshus,35,1.0,2006,-,40,77.9,6242.0,969.0,54.84364,10.50762,https://www.boliga.dk/adresse/nederste-midtmarksvej-6b-5960-marstal-116288248
"Gjelleroddevej 129, Gjellerodde",7620,Lemvig,1850000,Fritidshus,102,4.0,1968,-,92,78.0,1690.0,2417.0,56.5864,8.28299,https://www.boliga.dk/adresse/gjelleroddevej-129-7620-lemvig-2080028534
Ø.Strandløkkevej 7,5300,Kerteminde,995000,Fritidsgrund,0,0.0,0,-,81,78.0,3123.0,6012.0,55.46037,10.59755,https://www.boliga.dk/adresse/oestrandloekkevej-7-5300-kerteminde-24489800
Klitvej 19,2690,Karlslunde,11995000,Villa/Parcelhus,183,5.0,1990,K,477,78.1,3899.0,1715.0,55.55955,12.26388,https://www.boliga.dk/adresse/klitvej-19-2690-karlslunde-235581661
Søvej 57A,2791,Dragør,9795000,Villa/Parcelhus,186,6.0,1930,c,16,78.2,8876.0,7124.0,55.56744,12.61866,https://www.boliga.dk/adresse/soevej-57a-2791-dragoer-975447134
"Toften 3, Kelstrup",4200,Slagelse,1895000,Fritidshus,132,6.0,1961,-,161,78.3,2678.0,5956.0,55.41275,11.20384,https://www.boliga.dk/adresse/toften-3-4200-slagelse-758450749
"Avnøvej 26, Bisserup",4243,Rude,3395000,Fritidshus,60,4.0,1928,-,97,78.5,2401.0,6105.0,55.19967,11.51051,https://www.boliga.dk/adresse/avnoevej-26-4243-rude-3662438
Havnegade 15,7790,Thyholm,1200000,Fritidsgrund,0,0.0,0,-,990,78.7,1252.0,442.0,56.65123,8.63313,https://www.boliga.dk/adresse/havnegade-15-7790-thyholm-664047
Strandhuse 44B,5700,Svendborg,7795000,Villa/Parcelhus,200,7.0,1902,C,25,78.8,4736.0,465.0,55.04707,10.58975,https://www.boliga.dk/adresse/strandhuse-44b-5700-svendborg-1902432276
"Havnevej 12A, Tejn",3770,Allinge,5300000,Fritidshus,146,6.0,2023,J,512,78.8,4548.0,3391.0,55.25005,14.83159,https://www.boliga.dk/adresse/havnevej-12a-3770-allinge-1237758220
"Kristoffervejen 56, pcl. 5., Elsegårde",8400,Ebeltoft,595000,Fritidsgrund,5,2.0,0,-,359,78.9,1201.0,8702.0,56.14429,10.71557,https://www.boliga.dk/adresse/kristoffervejen-56-8400-ebeltoft-172516447
Hulda Lütkens Vej 6A,9900,Frederikshavn,2195000,Villa/Parcelhus,148,6.0,1972,d,83,79.0,883.0,2475.0,57.41032,10.52357,https://www.boliga.dk/adresse/hulda-lütkens-vej-6a-9900-frederikshavn-893307193
Marinavej 28,6320,Egernsund,2995000,Fritidshus,109,4.0,2005,-,158,79.0,4398.0,431.0,54.89941,9.61897,https://www.boliga.dk/adresse/marinavej-28-6320-egernsund-406213114
Toldbodvej 28C,4581,Rørvig,10800000,Villa/Parcelhus,176,6.0,1996,K,441,79.3,4071.0,6078.0,55.94367,11.75837,https://www.boliga.dk/adresse/toldbodvej-28c-4581-roervig-1036498788
"Gudrun Børresensvej 13, Ejby",4070,Kirke Hyllinge,2545000,Fritidshus,145,2.0,1997,-,70,79.4,3710.0,6156.0,55.69362,11.83982,https://www.boliga.dk/adresse/gudrun-boerresensvej-13-4070-kirke-hyllinge-1435646779
Grynderup Strand 15,7870,Roslev,3800000,Fritidshus,85,4.0,1997,-,468,79.4,1999.0,3934.0,56.7707,8.90137,https://www.boliga.dk/adresse/grynderup-strand-15-7870-roslev-730300893
Nordre Strandvej 229A,3140,Ålsgårde,9650000,Villa/Parcelhus,175,6.0,1930,K,108,79.5,3522.0,6449.0,56.07996,12.53681,https://www.boliga.dk/adresse/nordre-strandvej-229a-3140-aalsgaarde-1513765338
Vindeby Vinkelvej 10,5700,Svendborg,8200000,Villa/Parcelhus,156,3.0,1934,d,199,79.6,4475.0,360.0,55.0502,10.61921,https://www.boliga.dk/adresse/vindeby-vinkelvej-10-5700-svendborg-1304132691
Fjordvænget 13,4581,Rørvig,6995000,Fritidshus,189,6.0,1936,-,176,79.8,3980.0,5974.0,55.94306,11.75704,https://www.boliga.dk/adresse/fjordvaenget-13-4581-roervig-1592818984
Mullerup Strandvej 69,4200,Slagelse,2495000,Fritidshus,74,4.0,0,-,125,79.9,1757.0,3317.0,55.49438,11.17551,https://www.boliga.dk/adresse/mullerup-strandvej-69-4200-slagelse-45579895
Strandparken 27d,4941,Bandholm,245700,Helårsgrund,0,0.0,0,-,1209,80.0,3011.0,11376.0,54.83877,11.48087,https://www.boliga.dk/adresse/strandparken-27d-4941-bandholm-614683525
Købmagergade 35,9670,Løgstør,1645000,Fritidshus,300,9.0,1872,C,16,80.0,2606.0,2400.0,56.96909,9.25349,https://www.boliga.dk/adresse/koebmagergade-35-9670-loegstoer-1213075140
"Vinkelhagevej 23, Lemvig Feriecenter, Vinkelhage",7620,Lemvig,835000,Fritidshus,49,3.0,1977,-,168,80.1,2941.0,1792.0,56.56692,8.29495,https://www.boliga.dk/adresse/vinkelhagevej-23-7620-lemvig-1448818204
"Svanevej 4A, Hjarbæk",8831,Løgstrup,2350000,Fritidsgrund,0,0.0,0,-,357,80.2,3171.0,2457.0,56.52926,9.31835,https://www.boliga.dk/adresse/svanevej-4a-8831-loegstrup-2130978506
"Svanevej 4A, Hjarbæk",8831,Løgstrup,2350000,Fritidsgrund,0,0.0,0,-,524,80.2,3171.0,2457.0,56.52926,9.31835,https://www.boliga.dk/adresse/svanevej-4a-8831-loegstrup-1943795
Søndersognsvej 107,4780,Stege,3950000,Fritidshus,193,5.0,1775,g,481,80.2,2196.0,2067.0,54.97602,12.3084,https://www.boliga.dk/adresse/soendersognsvej-107-4780-stege-1344781376
"Strandstien 11A, Listed",3740,Svaneke,6850000,Fritidshus,258,10.0,2004,C,63,80.3,637.0,1624.0,55.1429,15.11684,https://www.boliga.dk/adresse/strandstien-11a-3740-svaneke-716857474
Hejsager Strandvej 280,6100,Haderslev,1699000,Fritidshus,65,3.0,1958,-,1227,80.5,2574.0,1808.0,55.19437,9.59061,https://www.boliga.dk/adresse/hejsager-strandvej-280-6100-haderslev-419985715
Snerlevænget 16,5450,Otterup,3495000,Fritidshus,93,3.0,2011,-,111,80.6,2514.0,11322.0,55.59834,10.38294,https://www.boliga.dk/adresse/snerlevaenget-16-5450-otterup-418941802
"Brinken 45, Strøby Egede",4600,Køge,3800000,Fritidshus,70,4.0,1964,-,512,80.8,3341.0,8059.0,55.41361,12.25903,https://www.boliga.dk/adresse/brinken-45-4600-koege-634665637
Tinkerup Strandvej 34,3250,Gilleleje,15995000,Fritidshus,175,4.0,1932,-,17,80.9,1729.0,7374.0,56.12379,12.25981,https://www.boliga.dk/adresse/tinkerup-strandvej-34-3250-gilleleje-97996896
"Fiskervænget 18, Dyreborg",5600,Faaborg,3495000,Villa/Parcelhus,127,4.0,1889,C,219,80.9,5466.0,11962.0,55.06832,10.21228,https://www.boliga.dk/adresse/fiskervaenget-18-5600-faaborg-1036234276
Strandlysthuse 64,5330,Munkebo,995000,Fritidshus,28,1.0,1950,-,28,81.0,2436.0,7236.0,55.45001,10.55629,https://www.boliga.dk/adresse/strandlysthuse-64-5330-munkebo-429158301
"Glentevej 6, Hvalpsund",9640,Farsø,2295000,Fritidshus,80,4.0,1971,-,166,81.0,3531.0,1338.0,56.69628,9.18666,https://www.boliga.dk/adresse/glentevej-6-9640-farsoe-514827592
"Strandgade 3, Felstedskov",6200,Aabenraa,1995000,Villa/Parcelhus,170,3.0,1967,C,322,81.3,3629.0,4212.0,55.01398,9.49408,https://www.boliga.dk/adresse/strandgade-3-6200-aabenraa-2022944695
"Fiskervænget 12, Dyreborg",5600,Faaborg,3795000,Villa/Parcelhus,127,3.0,1000,B,77,81.3,5505.0,11957.0,55.06874,10.21235,https://www.boliga.dk/adresse/fiskervaenget-12-5600-faaborg-1688714495
Rantzausmindevej 23,5700,Svendborg,16900000,Villa/Parcelhus,279,8.0,1959,d,181,81.5,3512.0,1521.0,55.04145,10.5673,https://www.boliga.dk/adresse/rantzausmindevej-23-5700-svendborg-1259354112
"Grønnekrogen 6, Hasmark Strand",5450,Otterup,1195000,Fritidshus,60,2.0,1951,-,45,81.5,3255.0,8991.0,55.55926,10.46978,https://www.boliga.dk/adresse/groennekrogen-6-5450-otterup-1630165746
"Hou Plantage 13, Hou",5953,Tranekær,2999000,Fritidshus,70,4.0,1919,-,212,81.7,8247.0,1410.0,55.16069,10.94664,https://www.boliga.dk/adresse/hou-plantage-13-5953-tranekaer-1145108145
Helge Rodes Vej 3,9900,Frederikshavn,2495000,Villa/Parcelhus,234,6.0,1976,d,125,81.8,851.0,2410.0,57.40978,10.52316,https://www.boliga.dk/adresse/helge-rodes-vej-3-9900-frederikshavn-1181053930
Vægtergade 17,9670,Løgstør,895000,Fritidshus,101,3.0,1900,c,259,81.8,2668.0,2343.0,56.96803,9.24965,https://www.boliga.dk/adresse/vaegtergade-17-9670-loegstoer-1306039532
"Ved Havnen 4, Stubberup",4880,Nysted,2695000,Fritidshus,162,6.0,1877,C,102,81.8,1281.0,2830.0,54.66499,11.69022,https://www.boliga.dk/adresse/ved-havnen-4-4880-nysted-648467603
Vestre Strandløkkevej 10,5300,Kerteminde,1395000,Fritidshus,41,3.0,1952,-,177,81.9,3004.0,6121.0,55.46088,10.59589,https://www.boliga.dk/adresse/vestre-strandloekkevej-10-5300-kerteminde-1502521590
Strandhuse 44A,5700,Svendborg,6595000,Villa/Parcelhus,138,5.0,1890,C,25,81.9,4742.0,463.0,55.04713,10.58985,https://www.boliga.dk/adresse/strandhuse-44a-5700-svendborg-376922264
Strandparken 27a,4941,Bandholm,227600,Helårsgrund,0,0.0,0,-,1209,82.2,2949.0,11292.0,54.83845,11.4821,https://www.boliga.dk/adresse/strandparken-27a-4941-bandholm-39492401
"Strandvejen 169, Strib",5500,Middelfart,4595000,Villa/Parcelhus,178,7.0,1964,C,324,82.3,3485.0,2074.0,55.53145,9.77092,https://www.boliga.dk/adresse/strandvejen-169-5500-middelfart-1846756690
Dovreåsvej 6,3700,Rønne,4495000,Villa/Parcelhus,254,6.0,1978,C,39,82.3,1323.0,1439.0,55.11594,14.70353,https://www.boliga.dk/adresse/dovreaasvej-6-3700-roenne-1327074455
Melsted Langgade 32,3760,Gudhjem,6498000,Villa/Parcelhus,197,6.0,1852,c,38,82.5,2774.0,8569.0,55.20627,14.97867,https://www.boliga.dk/adresse/melsted-langgade-32-3760-gudhjem-237555630
"Svalevej 12, Nordenhuse",5800,Nyborg,2150000,Fritidshus,60,4.0,1959,-,71,82.8,5090.0,8885.0,55.37346,10.77233,https://www.boliga.dk/adresse/svalevej-12-5800-nyborg-1726928423
Engsvinget 13,5400,Bogense,3995000,Fritidshus,97,6.0,1967,-,71,82.8,9013.0,1420.0,55.53961,10.00419,https://www.boliga.dk/adresse/engsvinget-13-5400-bogense-1319104014
Guldborgvej 215,4862,Guldborg,2695000,Villa/Parcelhus,171,9.0,1869,c,647,82.9,2237.0,7817.0,54.87052,11.7432,https://www.boliga.dk/adresse/guldborgvej-215-4862-guldborg-517758367
"Kysten 7, Lønstrup",9800,Hjørring,7495000,Fritidshus,259,10.0,1920,C,438,83.0,2302.0,1720.0,57.47648,9.79691,https://www.boliga.dk/adresse/kysten-7-9800-hjoerring-2142580584
Marinus Bødkers Vej 20,9900,Frederikshavn,2650000,Villa/Parcelhus,170,6.0,1980,c,520,83.1,1302.0,3153.0,57.41631,10.52605,https://www.boliga.dk/adresse/marinus-boedkers-vej-20-9900-frederikshavn-775269375
"Dæmningen 95, Strib",5500,Middelfart,9500000,Villa/Parcelhus,180,5.0,1892,B,441,83.4,4207.0,3590.0,55.54305,9.78728,https://www.boliga.dk/adresse/daemningen-95-5500-middelfart-2037772296
Dyreborgvej 81,5600,Faaborg,1495000,Villa/Parcelhus,53,3.0,1877,-,128,83.5,5769.0,11580.0,55.07294,10.2183,https://www.boliga.dk/adresse/dyreborgvej-81-5600-faaborg-1167098531
Amalievej 9+11,4581,Rørvig,6995000,Villa/Parcelhus,229,5.0,2005,B,573,83.6,3726.0,5709.0,55.94121,11.75393,https://www.boliga.dk/adresse/amalievej-9--11-4581-roervig-164478646
"Kelstrupvej 90E, Kelstrup Strand",6100,Haderslev,3995000,Fritidshus,180,5.0,1996,-,170,83.8,2440.0,1273.0,55.19189,9.58192,https://www.boliga.dk/adresse/kelstrupvej-90e-6100-haderslev-544325927
Rantzausmindevej 224,5700,Svendborg,5695000,Villa/Parcelhus,165,4.0,1976,K,114,84.0,2250.0,798.0,55.03422,10.53428,https://www.boliga.dk/adresse/rantzausmindevej-224-5700-svendborg-2086716835
Lersøvej 13,3700,Rønne,4695000,Fritidshus,104,4.0,2005,-,143,84.0,4056.0,1133.0,55.08014,14.72465,https://www.boliga.dk/adresse/lersoevej-13-3700-roenne-2001426635
"Olaf Kristiansensvej 37, Ejby",4070,Kirke Hyllinge,2250000,Fritidshus,47,3.0,1948,-,101,84.1,3893.0,6537.0,55.69696,11.83843,https://www.boliga.dk/adresse/olaf-kristiansensvej-37-4070-kirke-hyllinge-895796895
"Egholmvej 7, Korsør Syd",4220,Korsør,4298000,Villa/Parcelhus,159,4.0,1964,C,105,84.1,3297.0,3446.0,55.32073,11.15259,https://www.boliga.dk/adresse/egholmvej-7-4220-korsoer-1468904193
Klitrosevej 10,9990,Skagen,22000000,Fritidshus,170,3.0,2010,b,185,84.3,3012.0,3644.0,57.72755,10.51896,https://www.boliga.dk/adresse/klitrosevej-10-9990-skagen-1000368776
"Fløjvejen 5, Hasmark Strand",5450,Otterup,750000,Fritidshus,38,2.0,1961,-,213,84.3,3425.0,8969.0,55.55804,10.47339,https://www.boliga.dk/adresse/floejvejen-5-5450-otterup-395411336
Vildrosevej 33,4500,Nykøbing Sj,4495000,Fritidshus,68,3.0,1936,-,113,84.4,4974.0,1805.0,55.93796,11.63987,https://www.boliga.dk/adresse/vildrosevej-33-4500-nykoebing-sj-806209670
Brinken 115,4671,Strøby,3250000,Fritidshus,89,5.0,1978,-,49,84.4,2414.0,7393.0,55.40905,12.27215,https://www.boliga.dk/adresse/brinken-115-4671-stroeby-2013399051
"Brinken 57A, Strøby Egede",4600,Køge,3295000,Helårsgrund,78,4.0,1963,-,423,84.4,3219.0,7974.0,55.41308,12.26085,https://www.boliga.dk/adresse/brinken-57a-4600-koege-646282852
Sundvej 53,4780,Stege,1088000,Landejendom,102,3.0,1985,K,158,84.5,1035.0,1157.0,54.99302,12.27783,https://www.boliga.dk/adresse/sundvej-53-4780-stege-1481429921
Villingebæk Strandvej 524A,3120,Dronningmølle,28000000,Fritidshus,150,6.0,1978,-,241,84.6,3710.0,10806.0,56.09904,12.40421,https://www.boliga.dk/adresse/villingebaek-strandvej-524a-3120-dronningmoelle-44535601
Rønne Alle 20,5700,Svendborg,9950000,Villa/Parcelhus,193,7.0,1907,d,63,84.7,5044.0,740.0,55.05189,10.60358,https://www.boliga.dk/adresse/roenne-alle-20-5700-svendborg-1283707003
A W Holmsvej 7,3250,Gilleleje,34800000,Fritidshus,283,8.0,1962,c,483,84.8,1868.0,8340.0,56.1269,12.29934,https://www.boliga.dk/adresse/a-w-holmsvej-7-3250-gilleleje-614977981
"Bundgarnet 121, Råbylille",4780,Stege,4495000,Villalejlighed,182,5.0,1908,K,432,84.8,2604.0,7613.0,54.96409,12.4069,https://www.boliga.dk/adresse/bundgarnet-121-4780-stege-1634518671
Nørregade 3,7620,Lemvig,1895000,Villa/Parcelhus,127,6.0,1900,D,513,84.9,2189.0,3206.0,56.55034,8.30849,https://www.boliga.dk/adresse/noerregade-3-7620-lemvig-1774887410
"Strandvejen 23, st. tv.",7600,Struer,2075000,Fritidshus,190,5.0,1897,C,990,84.9,3507.0,292.0,56.49281,8.58915,https://www.boliga.dk/adresse/strandvejen-23-st-tv-7600-struer-1387068338
Pilebækken 27,5970,Ærøskøbing,1395000,Villa/Parcelhus,77,2.0,1905,F,11,84.9,5424.0,267.0,54.88618,10.41371,https://www.boliga.dk/adresse/pilebaekken-27-5970-aeroeskoebing-1778056488
Stødby Strandvej 62,4983,Dannemare,1275000,Fritidshus,47,2.0,1937,-,148,84.9,1439.0,8659.0,54.73303,11.13561,https://www.boliga.dk/adresse/stoedby-strandvej-62-4983-dannemare-478188225
Hyttevej 11,5464,Brenderup Fyn,1145000,Fritidshus,40,2.0,1960,-,33,85.0,5117.0,2440.0,55.51776,9.95597,https://www.boliga.dk/adresse/hyttevej-11-5464-brenderup-fyn-358442825
Johnsens Alle 7,7700,Thisted,3275000,Villa/Parcelhus,164,4.0,1917,C,108,85.1,2341.0,2606.0,56.95378,8.70438,https://www.boliga.dk/adresse/johnsens-alle-7-7700-thisted-981503073
"Havnevej 36, Havnsø",4591,Føllenslev,2325000,Villa/Parcelhus,134,4.0,1917,B,140,85.2,1810.0,2933.0,55.75235,11.32765,https://www.boliga.dk/adresse/havnevej-36-4591-foellenslev-1772260337
Strandvejen 25B,7600,Struer,3595000,Fritidshus,176,5.0,2023,J,231,85.4,3505.0,275.0,56.49285,8.58882,https://www.boliga.dk/adresse/strandvejen-25b-7600-struer-1176632159
"Sønder Alle 29, Strib",5500,Middelfart,4495000,Villa/Parcelhus,121,4.0,1904,C,22,85.4,4591.0,3065.0,55.54042,9.76288,https://www.boliga.dk/adresse/soender-alle-29-5500-middelfart-1670450928
"Simons Bakke 27, Tilsted",7700,Thisted,3500000,Fritidshus,118,4.0,1939,E,437,85.4,2354.0,4126.0,56.94568,8.66227,https://www.boliga.dk/adresse/simons-bakke-27-7700-thisted-1060964271
Sæbyvej 109B,9900,Frederikshavn,3595000,Villa/Parcelhus,183,4.0,1981,c,545,85.5,900.0,2594.0,57.41151,10.52333,https://www.boliga.dk/adresse/saebyvej-109b-9900-frederikshavn-93943669
"Bækvej 1, Vemmingbund",6310,Broager,2395000,Fritidshus,88,3.0,1992,-,158,85.6,3737.0,1864.0,54.89552,9.70008,https://www.boliga.dk/adresse/baekvej-1-6310-broager-1552000563
"Frederiksborgvej 220, Himmelev",4000,Roskilde,8995000,Villa/Parcelhus,139,4.0,1951,E,164,85.7,1619.0,1754.0,55.6695,12.09206,https://www.boliga.dk/adresse/frederiksborgvej-220-4000-roskilde-141728007
Rudbæksbanke 22,5500,Middelfart,4495000,Villa/Parcelhus,122,5.0,1963,e,181,85.8,3369.0,1917.0,55.53004,9.77072,https://www.boliga.dk/adresse/rudbaeksbanke-22-5500-middelfart-1173085917
Store Orebjergvej 67B,3210,Vejby,12995000,Fritidshus,131,5.0,2011,-,242,85.9,2269.0,3824.0,56.10451,12.174,https://www.boliga.dk/adresse/store-orebjergvej-67b-3210-vejby-763978669
Strandvejen 25A,7600,Struer,3595000,Fritidshus,183,5.0,2023,J,231,85.9,3505.0,280.0,56.49283,8.58893,https://www.boliga.dk/adresse/strandvejen-25a-7600-struer-1710624656
"Hjelmevej 10, Thorsminde",6990,Ulfborg,3350000,Fritidshus,189,5.0,2008,B,46,86.1,4465.0,6058.0,56.37929,8.1213,https://www.boliga.dk/adresse/hjelmevej-10-6990-ulfborg-1650174087
"Brogade 6H, 1.",4990,Sakskøbing,275000,Landejendom,64,1.0,1991,C,164,86.2,1154.0,2650.0,54.80072,11.63651,https://www.boliga.dk/adresse/brogade-6h-1-4990-sakskoebing-263227691
Munkerup Have 10,3120,Dronningmølle,6295000,Fritidshus,169,3.0,2002,-,484,86.2,1479.0,9382.0,56.10822,12.36793,https://www.boliga.dk/adresse/munkerup-have-10-3120-dronningmoelle-1952040323
Thyravej 19E,4791,Borre,3795000,Fritidshus,109,4.0,2026,-,8,86.4,6177.0,11632.0,54.9529,12.4706,https://www.boliga.dk/adresse/thyravej-19e-4791-borre-386494289
Fjordvænget 17,4581,Rørvig,7250000,Fritidshus,117,5.0,1935,-,183,86.4,3954.0,5940.0,55.94289,11.75659,https://www.boliga.dk/adresse/fjordvaenget-17-4581-roervig-159463874
"Vestre Strandvej 53A, Landborup",8420,Knebel,2995000,Fritidshus,61,3.0,1980,-,892,86.7,7975.0,7229.0,56.17692,10.37852,https://www.boliga.dk/adresse/vestre-strandvej-53a-8420-knebel-408174027
"Frederiksborgvej 222A, Himmelev",4000,Roskilde,13995000,Villa/Parcelhus,165,5.0,2014,B,78,86.8,1593.0,1727.0,55.66973,12.09222,https://www.boliga.dk/adresse/frederiksborgvej-222a-4000-roskilde-1306440808
Villingebæk Strandvej 591B,3120,Dronningmølle,9795000,Fritidshus,156,6.0,1918,c,135,86.8,3524.0,10639.0,56.0991,12.4012,https://www.boliga.dk/adresse/villingebaek-strandvej-591b-3120-dronningmoelle-1954636487
Thyravej 19G,4791,Borre,3595000,Fritidshus,109,4.0,2026,-,8,87.3,6165.0,11615.0,54.95294,12.47033,https://www.boliga.dk/adresse/thyravej-19g-4791-borre-2045024303
Kærmindestien 11,3390,Hundested,5995000,Fritidshus,65,3.0,1962,-,140,87.4,5582.0,2302.0,55.9429,11.88619,https://www.boliga.dk/adresse/kaermindestien-11-3390-hundested-1807492836
"Hvirpgade 13, Hvirp",7884,Fur,1695000,Fritidshus,104,3.0,1950,-,22,87.5,2092.0,8669.0,56.81768,9.02747,https://www.boliga.dk/adresse/hvirpgade-13-7884-fur-960501761
Langsand 139,6960,Hvide Sande,2850000,Fritidshus,72,3.0,2022,-,137,87.5,470.0,512.0,56.00742,8.13395,https://www.boliga.dk/adresse/langsand-139-6960-hvide-sande-2001707287
Stødby Strandvej 27,4983,Dannemare,699000,Fritidshus,63,3.0,1962,-,331,87.6,1716.0,8928.0,54.73432,11.13163,https://www.boliga.dk/adresse/stoedby-strandvej-27-4983-dannemare-1736659719
"Marinaen 1, Hvalpsund",9640,Farsø,2695000,Fritidshus,119,4.0,2025,-,513,87.7,4360.0,473.0,56.70425,9.20372,https://www.boliga.dk/adresse/marinaen-1-9640-farsoe-186245722
"Lille Søstræde 4, Rønne",3700,Rønne,1950000,Villa/Parcelhus,130,4.0,1904,D,336,87.8,2714.0,1438.0,55.10245,14.6936,https://www.boliga.dk/adresse/lille-soestraede-4-3700-roenne-1879650126
"Åsvej 29, Ås",7700,Thisted,5995000,Fritidshus,61,3.0,2012,-,29,87.8,1272.0,4043.0,56.9169,8.64568,https://www.boliga.dk/adresse/aasvej-29-7700-thisted-1765495929
Strandvej 38,4800,Nykøbing F,2195000,Villa/Parcelhus,131,5.0,1952,D,97,87.9,3727.0,2733.0,54.77547,11.86232,https://www.boliga.dk/adresse/strandvej-38-4800-nykoebing-f-1734786762
Hestehavevej 74,4720,Præstø,2495000,Villa/Parcelhus,102,4.0,1947,E,288,88.0,1492.0,1397.0,55.12128,12.06175,https://www.boliga.dk/adresse/hestehavevej-74-4720-praestoe-727684595
"Sælvig 44, Sælvig",8305,Samsø,1795000,Fritidshus,216,6.0,1900,D,517,88.0,2077.0,4224.0,55.86288,10.55046,https://www.boliga.dk/adresse/saelvig-44-8305-samsoe-1181324444
"Skyttevej 6, Baaring Skov",5466,Asperup,10500000,Villa/Parcelhus,283,5.0,1860,K,51,88.0,2633.0,2873.0,55.50839,9.91667,https://www.boliga.dk/adresse/skyttevej-6-5466-asperup-2043763072
Strandparksvej 2A,4600,Køge,5075000,Villa/Parcelhus,150,4.0,1987,K,108,88.1,4814.0,9090.0,55.4191,12.23636,https://www.boliga.dk/adresse/strandparksvej-2a-4600-koege-149960501
Skovlyvej 12A,2690,Karlslunde,12750000,Villa/Parcelhus,214,5.0,2012,I,102,88.2,3806.0,1390.0,55.55767,12.25968,https://www.boliga.dk/adresse/skovlyvej-12a-2690-karlslunde-1923357771
"Fjordstræde 13, Doverodde",7760,Hurup Thy,1145000,Villa/Parcelhus,138,5.0,1960,C,43,88.2,1149.0,2932.0,56.71872,8.47042,https://www.boliga.dk/adresse/fjordstraede-13-7760-hurup-thy-1480069225
Frydenlundsvej 5,3700,Rønne,6495000,Villa/Parcelhus,193,5.0,1900,D,67,88.2,1309.0,1427.0,55.11673,14.70331,https://www.boliga.dk/adresse/frydenlundsvej-5-3700-roenne-1071027734
Strandmøllevej 134A,4300,Holbæk,4995000,Villa/Parcelhus,79,2.0,1935,F,121,88.3,3736.0,4135.0,55.72014,11.74098,https://www.boliga.dk/adresse/strandmoellevej-134a-4300-holbaek-1975310159
Strandvejen 213,4600,Køge,1350000,Fritidshus,54,2.0,1929,-,99,88.5,7252.0,7218.0,55.43388,12.20788,https://www.boliga.dk/adresse/strandvejen-213-4600-koege-1561762103
Thyravej 19D,4791,Borre,3595000,Fritidshus,109,4.0,2026,-,8,88.7,6186.0,11648.0,54.95289,12.47085,https://www.boliga.dk/adresse/thyravej-19d-4791-borre-271061475
Hasseløvej 7,4873,Væggerløse,845000,Fritidshus,138,4.0,1900,d,535,88.9,424.0,1241.0,54.72111,11.89759,https://www.boliga.dk/adresse/hasseloevej-7-4873-vaeggerloese-233305356
"Bølshavn 13B, Bølshavn",3740,Svaneke,4995000,Fritidshus,236,5.0,1938,F,134,89.3,830.0,258.0,55.1549,15.07388,https://www.boliga.dk/adresse/boelshavn-13b-3740-svaneke-568365086
Digterstien 5,2670,Greve,6450000,Villa/Parcelhus,123,4.0,1944,C,60,89.3,4790.0,2819.0,55.57071,12.28682,https://www.boliga.dk/adresse/digterstien-5-2670-greve-1059431647
Kystvej 29,3210,Vejby,23950000,Fritidsgrund,53,4.0,1937,-,114,89.4,4827.0,1853.0,56.07703,12.11089,https://www.boliga.dk/adresse/kystvej-29-3210-vejby-328166040
"Fuglevænget 22, Thorsminde",6990,Ulfborg,1595000,Fritidshus,170,5.0,1975,C,140,89.4,4877.0,6230.0,56.36944,8.12233,https://www.boliga.dk/adresse/fuglevaenget-22-6990-ulfborg-826976557
"Halevejen 6, Ristinge",5932,Humble,545000,Helårsgrund,0,0.0,0,-,422,89.7,3713.0,5829.0,54.83454,10.61206,https://www.boliga.dk/adresse/halevejen-6-5932-humble-5438650
Brostræde 6,4771,Kalvehave,1350000,Fritidshus,140,4.0,1930,D,228,89.7,2578.0,4142.0,54.99667,12.15732,https://www.boliga.dk/adresse/brostraede-6-4771-kalvehave-525431842
Klintevej 1A,3600,Frederikssund,3495000,Villa/Parcelhus,118,3.0,1960,D,187,89.8,4164.0,3340.0,55.84542,12.04472,https://www.boliga.dk/adresse/klintevej-1a-3600-frederikssund-60710517
"Vagtelvej 11, Frølunde Fed",4220,Korsør,3895000,Fritidshus,131,3.0,1951,-,1008,89.9,1196.0,5281.0,55.38163,11.20061,https://www.boliga.dk/adresse/vagtelvej-11-4220-korsoer-17441134
Trøjborgvej 3,6340,Kruså,8750000,Villa/Parcelhus,256,8.0,2006,b,2,90.0,6051.0,811.0,54.83923,9.45368,https://www.boliga.dk/adresse/troejborgvej-3-6340-krusaa-385866485
Kystvejen 328,4671,Strøby,6695000,Fritidshus,172,6.0,1999,-,534,90.1,1099.0,6326.0,55.3996,12.30608,https://www.boliga.dk/adresse/kystvejen-328-4671-stroeby-715831949
Illerstrandvej 26,6310,Broager,4495000,Fritidshus,120,4.0,1870,c,65,90.2,975.0,2228.0,54.87126,9.64869,https://www.boliga.dk/adresse/illerstrandvej-26-6310-broager-305689148
Nordre Strandvej 257C,3140,Ålsgårde,6495000,Villa/Parcelhus,155,4.0,1949,D,36,90.2,3243.0,7261.0,56.0842,12.52126,https://www.boliga.dk/adresse/nordre-strandvej-257c-3140-aalsgaarde-80425137
"Møllevænget 18, Hostrupskov",6200,Aabenraa,4500000,Villa/Parcelhus,158,4.0,1999,B,23,90.4,5832.0,2376.0,55.01671,9.44945,https://www.boliga.dk/adresse/moellevaenget-18-6200-aabenraa-715269745
Fjordvej 15,7900,Nykøbing M,3195000,Villa/Parcelhus,237,6.0,1974,I,100,90.4,2405.0,2288.0,56.8027,8.87541,https://www.boliga.dk/adresse/fjordvej-15-7900-nykoebing-m-340467869
"Fjordvejen 10, Bremdal",7600,Struer,4795000,Villa/Parcelhus,291,8.0,1979,B,114,90.7,2748.0,1056.0,56.50141,8.58272,https://www.boliga.dk/adresse/fjordvejen-10-7600-struer-232534884
Lille Orebjergvej 2,3210,Vejby,27995000,Fritidshus,351,10.0,1912,-,176,90.7,2261.0,3871.0,56.10477,12.17465,https://www.boliga.dk/adresse/lille-orebjergvej-2-3210-vejby-1527275244
Greve Strandvej 87A,2670,Greve,16495000,Villa/Parcelhus,268,6.0,1971,b,269,91.1,5293.0,2696.0,55.57766,12.30121,https://www.boliga.dk/adresse/greve-strandvej-87a-2670-greve-1284751685
Klostermøllevej 15,7770,Vestervig,1295000,Villa/Parcelhus,195,5.0,1927,E,473,91.2,720.0,7676.0,56.77078,8.28024,https://www.boliga.dk/adresse/klostermoellevej-15-7770-vestervig-1478670443
Gammelgade 15A,4230,Skælskør,5900000,Villa/Parcelhus,251,8.0,1830,K,134,91.3,2492.0,3075.0,55.25348,11.28635,https://www.boliga.dk/adresse/gammelgade-15a-4230-skaelskoer-11831062
Digevej 12,4872,Idestrup,4495000,Fritidshus,91,4.0,2005,-,127,91.3,2234.0,4025.0,54.70679,11.98347,https://www.boliga.dk/adresse/digevej-12-4872-idestrup-503413112
"Ypnasted 1, Ypnasted",3751,Østermarie,4995000,Fritidshus,86,4.0,1953,-,133,91.5,1891.0,1292.0,55.15992,15.05914,https://www.boliga.dk/adresse/ypnasted-1-3751-oestermarie-1948123770
Østerøvej 42,5800,Nyborg,2995000,Helårsgrund,0,6.0,0,-,327,91.5,8236.0,7101.0,55.31364,10.8145,https://www.boliga.dk/adresse/oesteroevej-42-5800-nyborg-286931532
V Strandsbjerg 6,6950,Ringkøbing,3995000,Villa/Parcelhus,217,6.0,1900,C,87,91.5,2534.0,2757.0,56.08913,8.24022,https://www.boliga.dk/adresse/v-strandsbjerg-6-6950-ringkoebing-1976250801
Vesterled 4,4874,Gedser,2595000,Fritidshus,72,2.0,2005,-,115,91.6,3120.0,818.0,54.58048,11.92451,https://www.boliga.dk/adresse/vesterled-4-4874-gedser-470757926
Forstranden 11,8300,Odder,6498000,Fritidshus,56,4.0,1937,-,365,91.6,4223.0,4091.0,55.95972,10.26467,https://www.boliga.dk/adresse/forstranden-11-8300-odder-1504102068
Nordre Strandvej 24,3220,Tisvildeleje,21500000,Fritidsgrund,60,3.0,1939,-,141,91.6,5773.0,2969.0,56.06987,12.09403,https://www.boliga.dk/adresse/nordre-strandvej-24-3220-tisvildeleje-239121302
Vornæs Skovvej 28,5700,Svendborg,9995000,Villalejlighed,139,5.0,1879,b,21,92.0,1685.0,2709.0,55.00495,10.51541,https://www.boliga.dk/adresse/vornaes-skovvej-28-5700-svendborg-131211242
Nordhøjvej 37,3250,Gilleleje,4895000,Villa/Parcelhus,54,3.0,2016,-,238,92.1,1693.0,8245.0,56.12818,12.28899,https://www.boliga.dk/adresse/nordhoejvej-37-3250-gilleleje-304687833
Snøde Strandvej 2,5953,Tranekær,5695000,Fritidshus,230,8.0,1902,d,104,92.4,3169.0,6937.0,55.08637,10.93419,https://www.boliga.dk/adresse/snoede-strandvej-2-5953-tranekaer-340421199
Hasselø Strandvej 11,4800,Nykøbing F,3495000,Villa/Parcelhus,210,7.0,1936,b,119,92.6,2122.0,1631.0,54.74075,11.87645,https://www.boliga.dk/adresse/hasseloe-strandvej-11-4800-nykoebing-f-301847472
Becksvej 26,7080,Børkop,3998000,Fritidshus,65,2.0,1955,-,383,92.6,2362.0,2546.0,55.64167,9.74278,https://www.boliga.dk/adresse/becksvej-26-7080-boerkop-959999784
Chr. Møllers Vej 6F,9990,Skagen,1195000,Fritidshus,72,3.0,1987,D,114,92.7,2862.0,3536.0,57.72844,10.52103,https://www.boliga.dk/adresse/chr-moellers-vej-6f-9990-skagen-256484869
"Klintebakken 4, Svallerup",4400,Kalundborg,4395000,Fritidshus,95,4.0,2018,-,175,92.8,506.0,4176.0,55.60351,11.13876,https://www.boliga.dk/adresse/klintebakken-4-4400-kalundborg-434732064
Hestmaevej 8,5700,Svendborg,1095000,Fritidshus,95,4.0,1877,-,86,92.8,5925.0,8829.0,54.96939,10.43752,https://www.boliga.dk/adresse/hestmaevej-8-5700-svendborg-450624799
"Kystvejen 60, Strøby Egede",4600,Køge,4895000,Helårsgrund,0,4.0,0,-,14,92.9,3507.0,8178.0,55.41436,12.25662,https://www.boliga.dk/adresse/kystvejen-60-4600-koege-1741179580
Flakket 9,9800,Hjørring,4295000,Fritidshus,95,5.0,1980,-,13,92.9,2490.0,1198.0,57.47194,9.79294,https://www.boliga.dk/adresse/flakket-9-9800-hjoerring-98739879
"Sundvej 52, Hvalpsund",9640,Farsø,645000,Helårsgrund,0,0.0,0,-,162,93.0,4148.0,475.0,56.70123,9.19953,https://www.boliga.dk/adresse/sundvej-52-9640-farsoe-1234878344
"Storstrømsvej 32, Guldborg",4862,Guldborg,3500000,Fritidshus,280,4.0,1912,E,67,93.6,1421.0,8603.0,54.8737,11.75479,https://www.boliga.dk/adresse/storstroemsvej-32-4862-guldborg-1603131107
"Guldborgvej 201, Guldborg",4862,Guldborg,895000,Fritidshus,120,4.0,1915,C,32,93.9,2284.0,7761.0,54.87011,11.74268,https://www.boliga.dk/adresse/guldborgvej-201-4862-guldborg-1275948034
"Strandvejen 238, Havhusene",8543,Hornslet,3798000,Fritidshus,184,4.0,1857,-,169,93.9,3381.0,4854.0,56.28566,10.38045,https://www.boliga.dk/adresse/strandvejen-238-8543-hornslet-1819117880
"Digeager 1, Overby Lyng",4583,Sjællands Odde,1895000,Fritidshus,80,4.0,1982,-,99,94.0,1234.0,9478.0,55.96038,11.43413,https://www.boliga.dk/adresse/digeager-1-4583-sjaellands-odde-526468018
Frydensbergvej 18,5600,Faaborg,1995000,Villa/Parcelhus,107,4.0,1960,D,23,94.0,6315.0,10371.0,55.09958,10.22239,https://www.boliga.dk/adresse/frydensbergvej-18-5600-faaborg-1281070483
Ø.Strandløkkevej 13,5300,Kerteminde,2795000,Fritidshus,48,2.0,2019,-,81,94.1,3154.0,5988.0,55.46043,10.59832,https://www.boliga.dk/adresse/oestrandloekkevej-13-5300-kerteminde-1494338778
Landervejen 74,4281,Gørlev,5500000,Fritidshus,125,4.0,1971,-,786,94.3,4668.0,5699.0,55.53466,11.09527,https://www.boliga.dk/adresse/landervejen-74-4281-goerlev-1514937880
Østerbakken 18,7700,Thisted,1975000,Villa/Parcelhus,187,6.0,1970,D,466,94.4,2184.0,2925.0,56.95516,8.69946,https://www.boliga.dk/adresse/oesterbakken-18-7700-thisted-1269939123
Rantzausmindevej 21B,5700,Svendborg,8900000,Villa/Parcelhus,250,5.0,2005,K,38,94.5,3525.0,1491.0,55.0417,10.5677,https://www.boliga.dk/adresse/rantzausmindevej-21b-5700-svendborg-1579449174
Klostermøllevej 8,7770,Vestervig,2950000,Fritidshus,138,6.0,1988,c,78,94.6,679.0,7603.0,56.77045,8.28135,https://www.boliga.dk/adresse/klostermoellevej-8-7770-vestervig-493305974
Teglgade 2,5960,Marstal,2195000,Fritidshus,219,6.0,1880,D,506,94.7,7339.0,975.0,54.85661,10.51944,https://www.boliga.dk/adresse/teglgade-2-5960-marstal-935262256
Enø Kystvej 67,4736,Karrebæksminde,1895000,Fritidshus,63,3.0,1995,b,92,94.9,4008.0,10080.0,55.17564,11.65501,https://www.boliga.dk/adresse/enoe-kystvej-67-4736-karrebaeksminde-593837450
Lille Fjordgade 7,9370,Hals,2995000,Fritidshus,154,5.0,1911,B,448,95.2,6039.0,1901.0,56.99411,10.30397,https://www.boliga.dk/adresse/lille-fjordgade-7-9370-hals-480961909
Købmagergade 26,9670,Løgstør,595000,Villa/Parcelhus,203,6.0,1900,E,783,95.2,2591.0,2386.0,56.96899,9.25375,https://www.boliga.dk/adresse/koebmagergade-26-9670-loegstoer-131295105
Sundvej 6,4862,Guldborg,1398000,Fritidshus,136,5.0,1958,c,176,95.3,2823.0,7123.0,54.86476,11.73774,https://www.boliga.dk/adresse/sundvej-6-4862-guldborg-1112135151
"Gammel Færgegårdsvej 84, Tørslev Hage",3630,Jægerspris,1995000,Fritidshus,30,2.0,1927,-,11,95.3,4151.0,3666.0,55.81124,12.05013,https://www.boliga.dk/adresse/gammel-faergegaardsvej-84-3630-jaegerspris-1985580067
Island 7,6320,Egernsund,295000,Helårsgrund,0,0.0,0,-,381,95.4,5370.0,1660.0,54.91041,9.61458,https://www.boliga.dk/adresse/island-7-6320-egernsund-2053983183
Strandvejen 35,3740,Svaneke,6800000,Fritidshus,288,8.0,1857,e,26,95.5,3224.0,3271.0,55.11178,15.14297,https://www.boliga.dk/adresse/strandvejen-35-3740-svaneke-1297797938
Villingebæk Strandvej 601,3120,Dronningmølle,6995000,Fritidshus,134,4.0,1976,-,189,95.6,3442.0,10560.0,56.09903,12.39984,https://www.boliga.dk/adresse/villingebaek-strandvej-601-3120-dronningmoelle-1173301553
C.A. Nielsensvej 36,3310,Ølsted,8500000,Fritidshus,117,4.0,1922,-,122,95.7,7314.0,1627.0,55.92218,12.04582,https://www.boliga.dk/adresse/ca-nielsensvej-36-3310-oelsted-309493296
Lille Færgestræde 3,4220,Korsør,1595000,Villa/Parcelhus,227,7.0,1900,C,388,95.7,1601.0,1485.0,55.33715,11.13326,https://www.boliga.dk/adresse/lille-faergestraede-3-4220-korsoer-1311298868
"Skarvigen 7, Aarsdale",3740,Svaneke,1395000,Helårsgrund,0,4.0,0,-,28,95.7,3908.0,3853.0,55.10564,15.14544,https://www.boliga.dk/adresse/skarvigen-7-3740-svaneke-322306396
Kystvejen 52,4600,Køge,5195000,Villa/Parcelhus,126,4.0,1998,c,447,95.8,3588.0,8237.0,55.41472,12.25544,https://www.boliga.dk/adresse/kystvejen-52-4600-koege-1965517863
Bros Alle 11,5500,Middelfart,8000000,Villa/Parcelhus,152,4.0,1937,C,94,95.9,3516.0,458.0,55.50626,9.74857,https://www.boliga.dk/adresse/bros-alle-11-5500-middelfart-503898284
"Mågevej 23, Midskov",5370,Mesinge,1295000,Fritidshus,48,3.0,2007,-,185,96.1,3337.0,11124.0,55.51604,10.62614,https://www.boliga.dk/adresse/maagevej-23-5370-mesinge-1637205867
"Klintebakken 16, Svallerup",4400,Kalundborg,2595000,Fritidshus,69,4.0,1984,-,21,96.1,388.0,4028.0,55.60496,11.13751,https://www.boliga.dk/adresse/klintebakken-16-4400-kalundborg-997100638
H C Jeppesens Alle 16,2670,Greve,11995000,Villa/Parcelhus,186,5.0,1978,c,395,96.2,4674.0,3054.0,55.56787,12.28377,https://www.boliga.dk/adresse/h-c-jeppesens-alle-16-2670-greve-721745552
Klitrosevej 5,8961,Allingåbro,1100000,Fritidshus,53,2.0,1950,-,491,96.2,3006.0,1828.0,56.52062,10.45809,https://www.boliga.dk/adresse/klitrosevej-5-8961-allingaabro-1661401587
"Mågevej 69, Midskov",5370,Mesinge,1195000,Fritidshus,48,3.0,2002,-,115,96.3,3445.0,11294.0,55.51785,10.62913,https://www.boliga.dk/adresse/maagevej-69-5370-mesinge-1121514328
Ndr. Strandvej 8,3770,Allinge,1498000,Villa/Parcelhus,135,4.0,1911,d,8,96.3,4441.0,3603.0,55.24826,14.8334,https://www.boliga.dk/adresse/ndr-strandvej-8-3770-allinge-460009036
"Bølshavn 9, . 6 Bølshavn",3740,Svaneke,6885000,Fritidshus,153,5.0,1904,-,84,96.3,978.0,384.0,55.15553,15.07158,https://www.boliga.dk/adresse/boelshavn-9-6-3740-svaneke-752097677
Ø.Strandløkkevej 3,5300,Kerteminde,2675000,Fritidshus,60,3.0,1997,-,115,96.4,3090.0,6045.0,55.46057,10.59714,https://www.boliga.dk/adresse/oestrandloekkevej-3-5300-kerteminde-1175983157
Horsemosevej 4,8420,Knebel,2995000,Fritidshus,222,6.0,1986,-,190,96.4,2170.0,7126.0,56.14497,10.51893,https://www.boliga.dk/adresse/horsemosevej-4-8420-knebel-1907701524
Hedevej 9,2680,Solrød Strand,9995000,Helårsgrund,135,3.0,1998,D,9,96.4,3706.0,2464.0,55.532,12.22849,https://www.boliga.dk/adresse/hedevej-9-2680-solroed-strand-1880463166
Krogebakke 6A,3140,Ålsgårde,8800000,Villa/Parcelhus,181,5.0,1919,d,408,96.5,3693.0,6120.0,56.07587,12.54526,https://www.boliga.dk/adresse/krogebakke-6a-3140-aalsgaarde-1823545868
"Violvej 98, Tørring",7620,Lemvig,2895000,Fritidshus,64,4.0,1973,-,192,96.5,1682.0,1664.0,56.57855,8.28269,https://www.boliga.dk/adresse/violvej-98-7620-lemvig-1066724247
Gl Strandvej 85,5500,Middelfart,4595000,Villa/Parcelhus,153,4.0,1990,B,63,96.5,3024.0,572.0,55.51594,9.75935,https://www.boliga.dk/adresse/gl-strandvej-85-5500-middelfart-592532205
Strandvejen 316,3060,Espergærde,11995000,Villa/Parcelhus,185,5.0,1900,C,104,96.7,5272.0,3934.0,55.99695,12.5642,https://www.boliga.dk/adresse/strandvejen-316-3060-espergaerde-1551894911
Øresunds Alle 79,2791,Dragør,10495000,Villa/Parcelhus,197,4.0,1955,F,8,96.8,8182.0,3525.0,55.60085,12.67019,https://www.boliga.dk/adresse/oeresunds-alle-79-2791-dragoer-251397767
"Åsvej 89, Vilsund",7700,Thisted,675000,Fritidshus,50,2.0,1950,-,21,96.9,1427.0,176.0,56.88343,8.62617,https://www.boliga.dk/adresse/aasvej-89-7700-thisted-756834755
"Gudrun Børresensvej 18, Ejby",4070,Kirke Hyllinge,2000000,Fritidshus,55,4.0,1982,-,157,97.1,3763.0,6207.0,55.69409,11.83984,https://www.boliga.dk/adresse/gudrun-boerresensvej-18-4070-kirke-hyllinge-686582247
"Platanvej 11, Tørresø Strand",5450,Otterup,2595000,Fritidshus,63,3.0,1936,-,168,97.2,2946.0,11126.0,55.59455,10.39462,https://www.boliga.dk/adresse/platanvej-11-5450-otterup-720938662
Strandporten 1A,5610,Assens,1295000,Villa/Parcelhus,98,3.0,1930,F,136,97.3,2006.0,2088.0,55.27028,9.89127,https://www.boliga.dk/adresse/strandporten-1a-5610-assens-1644542333
Kirkestræde 23,3700,Rønne,1045000,Villa/Parcelhus,66,3.0,1900,D,21,97.4,2916.0,812.0,55.09777,14.69901,https://www.boliga.dk/adresse/kirkestraede-23-3700-roenne-1412622078
"Pumavej 20, Overby Lyng",4583,Sjællands Odde,1095000,Fritidshus,58,2.0,2025,-,375,97.5,2951.0,7736.0,55.95968,11.46199,https://www.boliga.dk/adresse/pumavej-20-4583-sjaellands-odde-1193450145
Klintevej 18,5300,Kerteminde,3495000,Villa/Parcelhus,136,5.0,1948,D,107,97.6,4780.0,3076.0,55.444,10.66892,https://www.boliga.dk/adresse/klintevej-18-5300-kerteminde-1284169463
"Sønder Alle 4, Strib",5500,Middelfart,3495000,Villa/Parcelhus,133,5.0,1907,C,171,97.6,4375.0,2883.0,55.53885,9.7649,https://www.boliga.dk/adresse/soender-alle-4-5500-middelfart-1184249257
"Digevej 16, Sildestrup Strand",4872,Idestrup,5950000,Fritidshus,134,4.0,2013,-,164,97.8,2256.0,4011.0,54.70663,11.98315,https://www.boliga.dk/adresse/digevej-16-4872-idestrup-1383055192
Stengeroddevej 14,6300,Gråsten,2050000,Villa/Parcelhus,146,4.0,1936,d,263,98.0,4851.0,1374.0,54.9205,9.59934,https://www.boliga.dk/adresse/stengeroddevej-14-6300-graasten-2099411157
Kystvejen 47A,8400,Ebeltoft,1995000,Fritidshus,94,4.0,1947,-,94,98.0,6722.0,2978.0,56.22848,10.62484,https://www.boliga.dk/adresse/kystvejen-47a-8400-ebeltoft-1405468837
Flensborgvej 94C,6200,Aabenraa,10500000,Villa/Parcelhus,264,6.0,2009,C,84,98.2,4958.0,581.0,55.02658,9.42152,https://www.boliga.dk/adresse/flensborgvej-94c-6200-aabenraa-75898361
Smedegade 10,5970,Ærøskøbing,3695000,Villa/Parcelhus,223,6.0,1870,D,143,98.3,5714.0,720.0,54.89007,10.41166,https://www.boliga.dk/adresse/smedegade-10-5970-aeroeskoebing-1635495497
Enghavevej 2,6950,Ringkøbing,1898000,Villa/Parcelhus,178,4.0,1959,D,457,98.3,2549.0,2811.0,56.09001,8.23899,https://www.boliga.dk/adresse/enghavevej-2-6950-ringkoebing-639344479
Klosternakken 7,4720,Præstø,7495000,Villa/Parcelhus,174,4.0,1897,C,71,98.4,1904.0,1204.0,55.12441,12.04614,https://www.boliga.dk/adresse/klosternakken-7-4720-praestoe-1747250658
"Bjergevang 17, Bjerge Str",4480,Store Fuglede,4495000,Fritidshus,100,4.0,2012,-,3,98.4,1459.0,3838.0,55.58581,11.15184,https://www.boliga.dk/adresse/bjergevang-17-4480-store-fuglede-264293198
"Stoense Havnvej 6, Stoense Havn",5953,Tranekær,4495000,Villa/Parcelhus,185,7.0,1900,C,93,98.4,1528.0,5815.0,55.11025,10.88634,https://www.boliga.dk/adresse/stoense-havnvej-6-5953-tranekaer-945461188
"Bogenshovedvej 7, Bogens Strand",8400,Ebeltoft,8800000,Fritidshus,117,5.0,2017,-,389,98.5,5873.0,5731.0,56.20529,10.57526,https://www.boliga.dk/adresse/bogenshovedvej-7-8400-ebeltoft-248513740
Mosebøllevej 16,4500,Nykøbing Sj,11800000,Fritidshus,76,4.0,1934,-,10,98.6,4934.0,3321.0,55.94623,11.694,https://www.boliga.dk/adresse/moseboellevej-16-4500-nykoebing-sj-389015623
Strandlinien 29,2791,Dragør,10995000,Villa/Parcelhus,155,6.0,1897,D,110,98.7,9097.0,4439.0,55.59297,12.67434,https://www.boliga.dk/adresse/strandlinien-29-2791-dragoer-1511463483
Engdraget 5,5464,Brenderup Fyn,6995000,Fritidshus,113,4.0,2022,-,66,98.7,4749.0,2193.0,55.51537,9.95188,https://www.boliga.dk/adresse/engdraget-5-5464-brenderup-fyn-507434014
"Havnevej 10A, 1 række til havnen på Reersø",4281,Gørlev,1795000,Fritidshus,120,4.0,1975,E,105,99.0,2622.0,5677.0,55.51756,11.11668,https://www.boliga.dk/adresse/havnevej-10a-1-4281-goerlev-1298313760
Strandlysthuse 82,5330,Munkebo,1195000,Fritidshus,50,3.0,1952,-,63,99.1,2469.0,7252.0,55.44968,10.55567,https://www.boliga.dk/adresse/strandlysthuse-82-5330-munkebo-673366882
Præstegyden 7,5450,Otterup,2395000,Fritidshus,87,4.0,2011,-,87,99.1,3651.0,10746.0,55.58316,10.42438,https://www.boliga.dk/adresse/praestegyden-7-5450-otterup-1378945346
"Niels Pedersensvej 20A, Mørkholt",7080,Børkop,4995000,Villa/Parcelhus,215,5.0,1958,D,466,99.2,2078.0,3354.0,55.65151,9.7403,https://www.boliga.dk/adresse/niels-pedersensvej-20a-7080-boerkop-804254198
Vestergade 43,7620,Lemvig,595000,Helårsgrund,0,0.0,0,-,202,99.2,2134.0,3011.0,56.54933,8.30306,https://www.boliga.dk/adresse/vestergade-43-7620-lemvig-963823238
Kystvej 14,9900,Frederikshavn,1695000,Villa/Parcelhus,123,4.0,1924,C,24,99.4,2526.0,2020.0,57.42983,10.52592,https://www.boliga.dk/adresse/kystvej-14-9900-frederikshavn-1775962954
Strandvej 8,6340,Kruså,8395000,Fritidshus,326,9.0,1976,d,910,99.4,2492.0,4049.0,54.87257,9.51239,https://www.boliga.dk/adresse/strandvej-8-6340-krusaa-1894747369
Romerdammen 2,7990,Øster Assels,2250000,Fritidshus,182,7.0,1910,d,63,99.8,1658.0,7374.0,56.68293,8.73085,https://www.boliga.dk/adresse/romerdammen-2-7990-oester-assels-1535179714
"Kærnebidervej 14, Bremdal",7600,Struer,2995000,Villa/Parcelhus,245,5.0,1974,C,100,99.8,2011.0,1879.0,56.50869,8.58901,https://www.boliga.dk/adresse/kaernebidervej-14-7600-struer-838259506
Strandvejen 6,3220,Tisvildeleje,19500000,Fritidshus,134,5.0,2010,-,175,99.9,6969.0,4336.0,56.06223,12.07522,https://www.boliga.dk/adresse/strandvejen-6-3220-tisvildeleje-1942630144
Birkestien 15,4944,Fejø,1795000,Fritidshus,77,4.0,1970,-,84,100.0,3119.0,2276.0,54.93415,11.38101,https://www.boliga.dk/adresse/birkestien-15-4944-fejoe-1037287903
"Strandgade 27, Hasle",3790,Hasle,2395000,Villa/Parcelhus,100,4.0,1965,F,220,100.0,1846.0,2394.0,55.18184,14.70346,https://www.boliga.dk/adresse/strandgade-27-3790-hasle-392349360
"Havhusevej 17, Egens",8410,Rønde,2995000,Villa/Parcelhus,150,4.0,2004,K,321,100.2,2190.0,4431.0,56.27444,10.50702,https://www.boliga.dk/adresse/havhusevej-17-8410-roende-615057392
Kalkværksvej 1,4873,Væggerløse,1495000,Fritidshus,160,6.0,1912,c,364,100.3,557.0,1960.0,54.72423,11.88682,https://www.boliga.dk/adresse/kalkvaerksvej-1-4873-vaeggerloese-899860704
"Dæmningen 4, Hovsør",7700,Thisted,395000,Fritidshus,159,4.0,1973,C,322,100.4,534.0,1469.0,56.99453,8.832,https://www.boliga.dk/adresse/daemningen-4-7700-thisted-209542178
"Vigen 34, Føns",5580,Nørre Aaby,4650000,Fritidshus,107,3.0,1962,-,193,100.5,1803.0,6424.0,55.42602,9.82217,https://www.boliga.dk/adresse/vigen-34-5580-noerre-aaby-490840969
Færgestræde 17,5960,Marstal,995000,Fritidshus,71,3.0,1877,c,133,100.6,7482.0,958.0,54.85252,10.52114,https://www.boliga.dk/adresse/faergestraede-17-5960-marstal-1959052185
"Mikkels Banke 9, Karrebæk",4736,Karrebæksminde,1495000,Helårsgrund,73,4.0,1996,-,573,100.6,3411.0,8719.0,55.19004,11.65599,https://www.boliga.dk/adresse/mikkels-banke-9-4736-karrebaeksminde-974535323
"Sønderballevej 103, Genner Strand",6230,Rødekro,1895000,Fritidshus,55,2.0,1959,-,106,100.7,3510.0,8784.0,55.1322,9.47342,https://www.boliga.dk/adresse/soenderballevej-103-6230-roedekro-1130515210
"Birkevænget 3, Ajstrup Strand",8340,Malling,3198000,Fritidshus,64,4.0,1946,-,344,100.7,3675.0,8975.0,56.03413,10.26791,https://www.boliga.dk/adresse/birkevaenget-3-8340-malling-1403466465
Sydvej 5B,4400,Kalundborg,4295000,Fritidshus,107,4.0,1947,-,3,101.0,1921.0,3825.0,55.7189,11.00154,https://www.boliga.dk/adresse/sydvej-5b-4400-kalundborg-1740161170
"Hjertegræsset 52, Langø",5390,Martofte,2895000,Fritidshus,63,3.0,1967,-,107,101.0,8877.0,15227.0,55.56504,10.60636,https://www.boliga.dk/adresse/hjertegraesset-52-5390-martofte-643079839
"Hulager 8, Hjarbæk",8831,Løgstrup,995000,Fritidsgrund,0,3.0,0,-,57,101.1,4541.0,2582.0,56.53917,9.33519,https://www.boliga.dk/adresse/hulager-8-8831-loegstrup-852983391
Nordre Strandvej 25,3000,Helsingør,5950000,Villa/Parcelhus,75,2.0,2019,J,210,101.2,4886.0,5527.0,56.04942,12.59496,https://www.boliga.dk/adresse/nordre-strandvej-25-3000-helsingoer-612980726
"Klitten 1, Lønstrup",9800,Hjørring,6495000,Fritidshus,77,4.0,1934,-,151,101.3,2266.0,1740.0,57.4766,9.79758,https://www.boliga.dk/adresse/klitten-1-9800-hjoerring-193204001
Strandgade 2,5935,Bagenkop,595000,Fritidshus,104,4.0,1850,G,134,101.3,1071.0,5987.0,54.74964,10.67157,https://www.boliga.dk/adresse/strandgade-2-5935-bagenkop-1278634229
Kongsnæsparken 98,4850,Stubbekøbing,1995000,Fritidshus,100,4.0,2009,-,127,101.3,3133.0,983.0,54.88854,12.05485,https://www.boliga.dk/adresse/kongsnaesparken-98-4850-stubbekoebing-783270002
Fur Landevej 89,7870,Roslev,1195000,Fritidshus,111,4.0,1906,-,384,101.5,1925.0,6388.0,56.79729,9.03213,https://www.boliga.dk/adresse/fur-landevej-89-7870-roslev-766696088
Vedhammer Lyngvej 3,4500,Nykøbing Sj,19500000,Fritidshus,130,5.0,1939,-,121,101.5,1736.0,5397.0,55.9343,11.50824,https://www.boliga.dk/adresse/vedhammer-lyngvej-3-4500-nykoebing-sj-965368731
Munkerup Have 9,3120,Dronningmølle,5995000,Fritidshus,160,4.0,2007,-,93,101.6,1452.0,9370.0,56.10853,12.36728,https://www.boliga.dk/adresse/munkerup-have-9-3120-dronningmoelle-266436743
"Fællesskoven 4, Overby Lyng",4583,Sjællands Odde,3295000,Fritidshus,108,3.0,1961,-,25,101.6,2232.0,8459.0,55.95981,11.45042,https://www.boliga.dk/adresse/faellesskoven-4-4583-sjaellands-odde-2050106364
Udsigten 1,4040,Jyllinge,9995000,Villa/Parcelhus,136,5.0,1930,c,7,101.7,3505.0,4839.0,55.74875,12.10199,https://www.boliga.dk/adresse/udsigten-1-4040-jyllinge-1861657252
Skippergade 7,6320,Egernsund,895000,Villa/Parcelhus,159,5.0,1880,D,37,101.8,4737.0,1784.0,54.90628,9.60121,https://www.boliga.dk/adresse/skippergade-7-6320-egernsund-859436800
Gedser Feriepark 21,4874,Gedser,685000,Fritidshus,41,3.0,1988,-,176,101.9,2831.0,1031.0,54.583,11.92339,https://www.boliga.dk/adresse/gedser-feriepark-21-4874-gedser-1688950120
Svelnavej 5,4581,Rørvig,4495000,Villa/Parcelhus,189,6.0,2016,K,95,101.9,3785.0,5746.0,55.94173,11.75415,https://www.boliga.dk/adresse/svelnavej-5-4581-roervig-2055411891
Klintegårdsvej 27,4736,Karrebæksminde,3995000,Fritidshus,86,4.0,1975,-,175,101.9,3741.0,10857.0,55.16209,11.67507,https://www.boliga.dk/adresse/klintegaardsvej-27-4736-karrebaeksminde-496928830
"Vinkelhagevej 91, Heldum",7620,Lemvig,1895000,Fritidshus,98,3.0,1977,-,438,102.0,2825.0,1842.0,56.5651,8.29559,https://www.boliga.dk/adresse/vinkelhagevej-91-7620-lemvig-519506246
"Poppelvej 11, Hou",9370,Hals,1225000,Fritidshus,227,6.0,1900,D,651,102.0,4852.0,6307.0,57.05973,10.37554,https://www.boliga.dk/adresse/poppelvej-11-9370-hals-765790715
"Strandvejen 4A, Hørby",4300,Holbæk,3495000,Villa/Parcelhus,159,6.0,1999,C,7,102.0,1056.0,1848.0,55.73575,11.704,https://www.boliga.dk/adresse/strandvejen-4a-4300-holbaek-2097961057
Kystvej 8,3360,Liseleje,17900000,Fritidshus,207,6.0,2009,K,115,102.0,3086.0,4034.0,56.01375,11.96222,https://www.boliga.dk/adresse/kystvej-8-3360-liseleje-1326861344
"Poppelvej 1A, Vemmingbund",6310,Broager,3295000,Fritidshus,181,6.0,2000,-,8,102.0,4073.0,2160.0,54.89882,9.70125,https://www.boliga.dk/adresse/poppelvej-1a-6310-broager-4668288
"Fur Landevej 122, Branden",7870,Roslev,1495000,Fritidshus,187,6.0,1920,-,513,102.1,1800.0,6514.0,56.79827,9.03067,https://www.boliga.dk/adresse/fur-landevej-122-7870-roslev-1837303370
"Kisserup Strand Vest 38, Kisserup",4300,Holbæk,1395000,Fritidsgrund,0,0.0,0,-,141,102.1,2257.0,2206.0,55.7901,11.71875,https://www.boliga.dk/adresse/kisserup-strand-vest-38-4300-holbaek-2043354530
"Strandgade 55, Tåsinge",5700,Svendborg,3495000,Villa/Parcelhus,58,2.0,1970,-,40,102.2,4613.0,753.0,55.03573,10.63844,https://www.boliga.dk/adresse/strandgade-55-5700-svendborg-1891604217
Odensevej 9,5300,Kerteminde,3650000,Villa/Parcelhus,226,8.0,1927,d,49,102.2,4506.0,3102.0,55.44527,10.65877,https://www.boliga.dk/adresse/odensevej-9-5300-kerteminde-1608857979
Fællesdigevej 33A,4874,Gedser,2695000,Fritidshus,71,3.0,1988,-,83,102.3,3390.0,3122.0,54.59813,11.968,https://www.boliga.dk/adresse/faellesdigevej-33a-4874-gedser-1040822275
Kystvej 35,5700,Svendborg,7249000,Villa/Parcelhus,195,7.0,2018,I,86,102.3,5171.0,348.0,55.04611,10.61071,https://www.boliga.dk/adresse/kystvej-35-5700-svendborg-1066964365
Krårupvej 48,4990,Sakskøbing,2800000,Fritidshus,143,3.0,1880,F,44,102.4,1897.0,6247.0,54.82489,11.5584,https://www.boliga.dk/adresse/kraarupvej-48-4990-sakskoebing-969337276
"På Lyngen 17, Lynæs",3390,Hundested,3895000,Fritidshus,76,3.0,1937,-,218,102.4,6254.0,2133.0,55.95094,11.8535,https://www.boliga.dk/adresse/paa-lyngen-17-3390-hundested-1892675921
Hafavej 95,6950,Ringkøbing,4495000,Fritidshus,108,4.0,1993,-,105,102.5,7513.0,1260.0,56.1309,8.11227,https://www.boliga.dk/adresse/hafavej-95-6950-ringkoebing-267526927
Mågevej 15,7600,Struer,3095000,Villa/Parcelhus,167,5.0,1967,C,98,102.6,2275.0,1576.0,56.50605,8.58755,https://www.boliga.dk/adresse/maagevej-15-7600-struer-1893250433
Udsigten 2,7080,Børkop,1995000,Villa/Parcelhus,120,4.0,1877,F,44,102.6,2240.0,2701.0,55.64389,9.742,https://www.boliga.dk/adresse/udsigten-2-7080-boerkop-171337516
"Rødtjørnevej 2, Maglehøj",4983,Dannemare,835000,Fritidshus,41,2.0,1923,-,100,102.8,2473.0,9655.0,54.7376,11.12091,https://www.boliga.dk/adresse/roedtjoernevej-2-4983-dannemare-745970652
Æblehaven 1,6300,Gråsten,1995000,Fritidshus,102,5.0,1977,-,189,102.8,3089.0,2988.0,54.8928,9.57679,https://www.boliga.dk/adresse/aeblehaven-1-6300-graasten-772516260
"Engdraget 35, Varbjerg Strand",5464,Brenderup Fyn,2395000,Fritidshus,60,3.0,1997,-,3,102.8,4598.0,2106.0,55.51442,9.95016,https://www.boliga.dk/adresse/engdraget-35-5464-brenderup-fyn-833593931
Strandmøllevej 102B,4300,Holbæk,5495000,Villa/Parcelhus,212,7.0,1976,E,274,103.0,3631.0,4091.0,55.71915,11.73623,https://www.boliga.dk/adresse/strandmoellevej-102b-4300-holbaek-1788296540
Holmbovej 30,9900,Frederikshavn,1495000,Villa/Parcelhus,80,3.0,1940,C,164,103.2,1717.0,2929.0,57.42136,10.52625,https://www.boliga.dk/adresse/holmbovej-30-9900-frederikshavn-1983589519
"Nøddestien 9, Slude Strand",5871,Frørup,1295000,Fritidsgrund,0,0.0,0,-,890,103.2,2006.0,1189.0,55.24756,10.80196,https://www.boliga.dk/adresse/noeddestien-9-5871-froerup-1273860867
"Langsand 116, 1.",6960,Hvide Sande,3500000,Fritidshus,101,3.0,2020,-,212,103.2,386.0,526.0,56.00702,8.13551,https://www.boliga.dk/adresse/langsand-116-1-6960-hvide-sande-554788148
Kongsmarkvej 194,4200,Slagelse,1895000,Fritidshus,65,3.0,1964,-,160,103.4,2872.0,5364.0,55.41763,11.19713,https://www.boliga.dk/adresse/kongsmarkvej-194-4200-slagelse-503702024
Lundevej 19,4400,Kalundborg,1745000,Villa/Parcelhus,81,3.0,1898,E,9,103.7,1873.0,3146.0,55.67974,11.08016,https://www.boliga.dk/adresse/lundevej-19-4400-kalundborg-1251722098
Bryggergade 6B,7900,Nykøbing M,1295000,Fritidshus,93,3.0,1864,C,93,104.2,1882.0,1839.0,56.79642,8.86364,https://www.boliga.dk/adresse/bryggergade-6b-7900-nykoebing-m-1859925998
Thyravej 19C,4791,Borre,3995000,Fritidshus,112,4.0,2026,-,8,104.2,6170.0,11644.0,54.95304,12.47079,https://www.boliga.dk/adresse/thyravej-19c-4791-borre-72859667
Brøndstræde 3,3770,Allinge,2450000,Villa/Parcelhus,110,3.0,1920,C,35,104.2,6246.0,1239.0,55.27507,14.80348,https://www.boliga.dk/adresse/broendstraede-3-3770-allinge-1302260631
Strandvangsvej 47,2650,Hvidovre,13845000,Villa/Parcelhus,195,8.0,1924,D,95,104.2,1646.0,1069.0,55.62398,12.49501,https://www.boliga.dk/adresse/strandvangsvej-47-2650-hvidovre-836867248
Øresunds Alle 34,2791,Dragør,7995000,Villa/Parcelhus,126,5.0,1919,G,52,104.3,8453.0,3797.0,55.59839,12.67055,https://www.boliga.dk/adresse/oeresunds-alle-34-2791-dragoer-656539204
Lundevej 28,4400,Kalundborg,8975000,Villa/Parcelhus,248,6.0,2017,J,157,104.4,1769.0,3287.0,55.68164,11.07483,https://www.boliga.dk/adresse/lundevej-28-4400-kalundborg-2007487112
Fiskergade 22,4880,Nysted,2695000,Fritidshus,116,5.0,1830,C,18,104.4,1785.0,768.0,54.66244,11.7323,https://www.boliga.dk/adresse/fiskergade-22-4880-nysted-1783061689
"Bakken 19, Glyngøre",7870,Roslev,4995000,Villa/Parcelhus,252,5.0,1930,B,64,104.6,1351.0,4457.0,56.75458,8.87294,https://www.boliga.dk/adresse/bakken-19-7870-roslev-1102844843
"Mågevej 2, Thorsminde",6990,Ulfborg,1095000,Fritidshus,100,4.0,1963,C,25,104.6,4766.0,6128.0,56.3707,8.12337,https://www.boliga.dk/adresse/maagevej-2-6990-ulfborg-589698437
"Brøddegade 26, Gudhjem",3760,Gudhjem,3850000,Villa/Parcelhus,283,9.0,1877,D,902,104.7,2424.0,9333.0,55.21147,14.9708,https://www.boliga.dk/adresse/broeddegade-26-3760-gudhjem-157828838
Strandhøjen 22,3600,Frederikssund,8495000,Villa/Parcelhus,166,5.0,1963,C,137,104.7,5227.0,3275.0,55.82543,12.06457,https://www.boliga.dk/adresse/strandhoejen-22-3600-frederikssund-1236352217
Havblikvej 1,8420,Knebel,3495000,Fritidshus,206,6.0,1979,K,120,104.8,922.0,640.0,56.21142,10.48116,https://www.boliga.dk/adresse/havblikvej-1-8420-knebel-1514338319
Nørregade 33,6960,Hvide Sande,1595000,Villa/Parcelhus,122,6.0,1951,D,403,104.9,743.0,642.0,56.00904,8.12958,https://www.boliga.dk/adresse/noerregade-33-6960-hvide-sande-947213019
Gl Strandvej 234,3050,Humlebæk,15495000,Villa/Parcelhus,212,5.0,1944,E,219,105.0,9591.0,4213.0,55.95131,12.53124,https://www.boliga.dk/adresse/gl-strandvej-234-3050-humlebaek-60092254
Hyllingebjergvej 73,3360,Liseleje,7780000,Fritidshus,60,3.0,1934,-,168,105.1,2423.0,3443.0,56.00828,11.94665,https://www.boliga.dk/adresse/hyllingebjergvej-73-3360-liseleje-1804684370
Thyravej 19F,4791,Borre,3995000,Fritidshus,112,4.0,2026,-,8,105.1,6158.0,11627.0,54.95308,12.47053,https://www.boliga.dk/adresse/thyravej-19f-4791-borre-323802868
Ulvshalevej 122,4780,Stege,2495000,Villa/Parcelhus,95,3.0,1969,e,113,105.1,1171.0,3408.0,55.03173,12.29739,https://www.boliga.dk/adresse/ulvshalevej-122-4780-stege-901177817
"Fuglsøvej 62, Bogensholm",8400,Ebeltoft,3595000,Fritidshus,74,3.0,2024,-,155,105.1,5646.0,5842.0,56.21065,10.57664,https://www.boliga.dk/adresse/fuglsoevej-62-8400-ebeltoft-171418310
Strandvej 28,4900,Nakskov,2295000,Villa/Parcelhus,160,5.0,1967,C,74,105.2,1629.0,3402.0,54.83371,11.1111,https://www.boliga.dk/adresse/strandvej-28-4900-nakskov-223300929
Strandholm 9,4640,Faxe,5195000,Fritidshus,176,6.0,1900,c,211,105.3,4438.0,4470.0,55.17333,12.05272,https://www.boliga.dk/adresse/strandholm-9-4640-faxe-1846434001
"Marius Hansensvej 12, Mørkholt",7080,Børkop,3795000,Fritidshus,86,3.0,2005,-,149,105.3,2016.0,3760.0,55.65643,9.73679,https://www.boliga.dk/adresse/marius-hansensvej-12-7080-boerkop-1567493502
"Hvidbjergvej 94, Mørkholt",7080,Børkop,2295000,Fritidshus,133,4.0,1911,-,573,105.4,2132.0,2936.0,55.64682,9.74123,https://www.boliga.dk/adresse/hvidbjergvej-94-7080-boerkop-323710642
Venslev Strand 20,4050,Skibby,7495000,Fritidshus,164,4.0,1959,-,3,105.6,3876.0,7873.0,55.78405,11.86394,https://www.boliga.dk/adresse/venslev-strand-20-4050-skibby-493084784
"Egernvej 20, Maemosen",5871,Frørup,1845000,Fritidshus,84,4.0,2003,-,106,105.7,1933.0,1266.0,55.2468,10.80265,https://www.boliga.dk/adresse/egernvej-20-5871-froerup-2032549287
Langøvej 521,5390,Martofte,7995000,Villalejlighed,270,9.0,1905,b,111,105.8,9816.0,15595.0,55.57325,10.60282,https://www.boliga.dk/adresse/langoevej-521-5390-martofte-1007716707
"Sundvænget 5, Hasselø Pl",4800,Nykøbing F,1950000,Villa/Parcelhus,210,7.0,1955,C,276,105.9,1948.0,1809.0,54.73864,11.8766,https://www.boliga.dk/adresse/sundvaenget-5-4800-nykoebing-f-676689008
Haulundsvej 72,9300,Sæby,2595000,Fritidshus,72,3.0,1967,-,79,105.9,4058.0,3076.0,57.34322,10.52118,https://www.boliga.dk/adresse/haulundsvej-72-9300-saeby-740123467
Horseklint 170,5390,Martofte,11500000,Fritidshus,167,6.0,2022,-,288,105.9,10906.0,19607.0,55.6152,10.62082,https://www.boliga.dk/adresse/horseklint-170-5390-martofte-779497401
Over Stranden 1,8961,Allingåbro,2675000,Fritidshus,94,3.0,2000,-,213,106.0,2906.0,1895.0,56.52016,10.46227,https://www.boliga.dk/adresse/over-stranden-1-8961-allingaabro-1994150657
"Svinget 4, Mørkholt",7080,Børkop,3400000,Fritidshus,59,3.0,1973,-,528,106.0,2079.0,3251.0,55.65039,9.74052,https://www.boliga.dk/adresse/svinget-4-7080-boerkop-1378837404
Gåsehagevej 19H,8400,Ebeltoft,2545000,Fritidshus,113,6.0,2004,-,178,106.2,1563.0,7644.0,56.15166,10.68473,https://www.boliga.dk/adresse/gaasehagevej-19h-8400-ebeltoft-351159153
Hvirpgade 26,7884,Fur,595000,Fritidshus,171,5.0,1933,c,135,106.5,2459.0,8942.0,56.82049,9.0308,https://www.boliga.dk/adresse/hvirpgade-26-7884-fur-1150473289
Augustenhofvej 35,6430,Nordborg,3250000,Fritidshus,281,10.0,1915,-,71,106.8,4502.0,5443.0,55.07807,9.71108,https://www.boliga.dk/adresse/augustenhofvej-35-6430-nordborg-1522789097
Søstræde 7,3250,Gilleleje,5995000,Villa/Parcelhus,160,3.0,1850,D,423,107.0,2248.0,8429.0,56.12457,12.3113,https://www.boliga.dk/adresse/soestraede-7-3250-gilleleje-916942789
Flensborgvej 94B,6200,Aabenraa,4295000,Villa/Parcelhus,180,5.0,1959,C,107,107.0,4961.0,582.0,55.02678,9.42126,https://www.boliga.dk/adresse/flensborgvej-94b-6200-aabenraa-1810337489
Kongsdalparken 16,9550,Mariager,4595000,Villa/Parcelhus,175,5.0,2012,B,58,107.0,2934.0,6480.0,56.6821,10.07294,https://www.boliga.dk/adresse/kongsdalparken-16-9550-mariager-1794172386
"Duevej 15B, Mørkholt",7080,Børkop,6249000,Fritidshus,151,5.0,2026,-,37,107.1,1998.0,3651.0,55.65525,9.73734,https://www.boliga.dk/adresse/duevej-15b-7080-boerkop-1999455874
Skansørevej 5,3000,Helsingør,11495000,Villa/Parcelhus,164,5.0,1938,C,116,107.2,5459.0,6113.0,56.02386,12.60392,https://www.boliga.dk/adresse/skansoerevej-5-3000-helsingoer-703025716
Soløje Strandvej 13,4750,Lundby,3995000,Fritidshus,119,6.0,2024,-,42,107.4,4436.0,9129.0,55.11871,11.72135,https://www.boliga.dk/adresse/soloeje-strandvej-13-4750-lundby-718008893
Nordre Strandvej 69,3000,Helsingør,7195000,Villa/Parcelhus,119,4.0,1984,c,105,107.5,4505.0,5660.0,56.05344,12.58587,https://www.boliga.dk/adresse/nordre-strandvej-69-3000-helsingoer-1429015565
"Vikingevej 7, Kulhuse",3630,Jægerspris,2645000,Fritidshus,83,3.0,1991,-,280,107.6,4751.0,4083.0,55.93429,11.91975,https://www.boliga.dk/adresse/vikingevej-7-3630-jaegerspris-2115646402
"Bakkevænget 18, Egenæs",4571,Grevinge,2795000,Fritidshus,75,5.0,1966,-,80,107.6,3109.0,3784.0,55.80542,11.65048,https://www.boliga.dk/adresse/bakkevaenget-18-4571-grevinge-82017489
"Haslevgaarde Bakker 51, Haslevgaarde",9560,Hadsund,3195000,Fritidshus,137,5.0,1972,-,519,107.7,4707.0,2228.0,56.77044,10.2876,https://www.boliga.dk/adresse/haslevgaarde-bakker-51-9560-hadsund-209280065
Stengeroddevej 12,6300,Gråsten,2595000,Villa/Parcelhus,140,4.0,1937,C,75,107.8,4844.0,1381.0,54.92047,9.59911,https://www.boliga.dk/adresse/stengeroddevej-12-6300-graasten-1321389808
"Uglevej 9, Idestrup",4872,Idestrup,3895000,Fritidshus,83,4.0,1972,-,2,107.8,1798.0,4256.0,54.71041,11.98894,https://www.boliga.dk/adresse/uglevej-9-4872-idestrup-1915704515
Sct Olai Gade 55,3000,Helsingør,9995000,Villa/Parcelhus,425,13.0,1852,-,378,107.8,5889.0,5152.0,56.03632,12.61412,https://www.boliga.dk/adresse/sct-olai-gade-55-3000-helsingoer-1407854426
Sønderskovvej 16,7600,Struer,4785000,Fritidshus,261,8.0,1971,C,807,107.8,3185.0,3372.0,56.54188,8.62305,https://www.boliga.dk/adresse/soenderskovvej-16-7600-struer-1011314725
"Klostervej 12, Lendrup",9670,Løgstør,3250000,Fritidshus,170,4.0,1890,D,136,107.8,2081.0,713.0,56.93834,9.20998,https://www.boliga.dk/adresse/klostervej-12-9670-loegstoer-1415928133
"Gyldenbjergvej 33, Sdr Egebølle",4983,Dannemare,1099000,Fritidshus,83,3.0,1972,-,112,107.9,822.0,8043.0,54.73176,11.14503,https://www.boliga.dk/adresse/gyldenbjergvej-33-4983-dannemare-378536773
"Rønbjerghage 3, Nørlem",7620,Lemvig,2495000,Villa/Parcelhus,182,8.0,1966,C,18,108.0,2879.0,2759.0,56.55755,8.30738,https://www.boliga.dk/adresse/roenbjerghage-3-7620-lemvig-12852093
"Storkenhøjvej 155, Fogense Enge",5400,Bogense,3495000,Fritidshus,116,4.0,1959,-,64,108.1,7987.0,1394.0,55.55674,10.04069,https://www.boliga.dk/adresse/storkenhoejvej-155-5400-bogense-221190241
"Østpassagen 13, Rude Strand",8300,Odder,11500000,Fritidshus,128,4.0,1990,-,99,108.1,3468.0,4968.0,55.99419,10.25253,https://www.boliga.dk/adresse/oestpassagen-13-8300-odder-562019594
Poppelvej 24,4500,Nykøbing Sj,12500000,Fritidshus,177,4.0,2002,-,132,108.2,5496.0,2424.0,55.94397,11.67487,https://www.boliga.dk/adresse/poppelvej-24-4500-nykoebing-sj-2049074339
"Durupvej 17, Glyngøre",7870,Roslev,5895000,Fritidshus,216,4.0,2003,B,58,108.4,1741.0,4829.0,56.76194,8.87138,https://www.boliga.dk/adresse/durupvej-17-7870-roslev-1147873806
Mejsevænget 62,4050,Skibby,7645000,Fritidshus,144,4.0,2009,-,9,108.4,4090.0,8249.0,55.74012,11.85675,https://www.boliga.dk/adresse/mejsevaenget-62-4050-skibby-1022085415
"Hagen 10, Lønstrup",9800,Hjørring,1345000,Fritidshus,60,4.0,1973,-,123,108.4,2607.0,855.0,57.46878,9.79082,https://www.boliga.dk/adresse/hagen-10-9800-hjoerring-1647273666
"Aborg Strandvej 43, Aborg",5610,Assens,4995000,Fritidshus,128,3.0,2020,-,427,108.4,5099.0,4778.0,55.30002,9.89309,https://www.boliga.dk/adresse/aborg-strandvej-43-5610-assens-545745389
"Fjorddalsvej 39, Markeslev",4300,Holbæk,3395000,Fritidshus,140,5.0,1977,-,42,108.4,2369.0,2314.0,55.74036,11.73805,https://www.boliga.dk/adresse/fjorddalsvej-39-4300-holbaek-1392401170
Tværgade 5,5960,Marstal,1325000,Fritidshus,78,3.0,1900,f,132,108.5,7444.0,925.0,54.85435,10.52019,https://www.boliga.dk/adresse/tvaergade-5-5960-marstal-326455494
Hans Schacksvej 182,5300,Kerteminde,4997000,Villa/Parcelhus,210,8.0,1920,C,106,108.5,3394.0,4220.0,55.4536,10.63507,https://www.boliga.dk/adresse/hans-schacksvej-182-5300-kerteminde-768110792
Fyrrevang 1,4560,Vig,4250000,Fritidshus,87,4.0,2024,-,135,108.6,1777.0,1758.0,55.81804,11.67413,https://www.boliga.dk/adresse/fyrrevang-1-4560-vig-1246206020
"Tjørnevænget 4, Sortsø",4850,Stubbekøbing,2295000,Fritidshus,85,4.0,1967,-,112,108.7,2587.0,4300.0,54.93003,11.97731,https://www.boliga.dk/adresse/tjoernevaenget-4-4850-stubbekoebing-30842073
"Remmerstrandvej 64, Gudum",7620,Lemvig,245000,Fritidsgrund,0,0.0,1979,-,1135,108.8,2697.0,9507.0,56.55406,8.47843,https://www.boliga.dk/adresse/remmerstrandvej-64-7620-lemvig-304242131
"Parkvej 4, Vilsund",7700,Thisted,865000,Fritidshus,212,5.0,1955,F,531,108.8,1567.0,406.0,56.87964,8.62748,https://www.boliga.dk/adresse/parkvej-4-7700-thisted-683879273
"Thorsvej 51, Boderne",3140,Ålsgårde,12750000,Villa/Parcelhus,172,4.0,2013,K,108,108.9,3632.0,6208.0,56.07705,12.54283,https://www.boliga.dk/adresse/thorsvej-51-3140-aalsgaarde-438067155
"Koglevej 12, Dalby Strand",4281,Gørlev,995000,Fritidshus,39,1.0,1966,-,65,109.0,666.0,4996.0,55.51349,11.14687,https://www.boliga.dk/adresse/koglevej-12-4281-goerlev-825474687
Venslev Strand 10,4050,Skibby,3795000,Fritidshus,120,4.0,1977,-,13,109.1,3808.0,7861.0,55.78477,11.86369,https://www.boliga.dk/adresse/venslev-strand-10-4050-skibby-851529775
"Strandjægervej 30, Kulhuse",3630,Jægerspris,2695000,Fritidshus,68,6.0,1972,-,172,109.1,4564.0,4491.0,55.93342,11.92804,https://www.boliga.dk/adresse/strandjaegervej-30-3630-jaegerspris-1946333160
Kildeengen 52,4736,Karrebæksminde,4750000,Fritidshus,171,7.0,2022,-,1065,109.1,4548.0,10091.0,55.17191,11.66625,https://www.boliga.dk/adresse/kildeengen-52-4736-karrebaeksminde-1695814827
Hovedgade 5,3730,Nexø,5998000,Villa/Parcelhus,273,9.0,1978,c,343,109.1,1409.0,3602.0,55.02453,15.1166,https://www.boliga.dk/adresse/hovedgade-5-3730-nexoe-1531436791
Livøvej 129,9681,Ranum,595000,Helårsgrund,0,0.0,0,-,129,109.3,1224.0,3255.0,56.88961,9.16746,https://www.boliga.dk/adresse/livoevej-129-9681-ranum-202375590
Hunsballevej 51,7600,Struer,3795000,Villa/Parcelhus,154,5.0,1952,D,9,109.5,2329.0,2000.0,56.48201,8.61167,https://www.boliga.dk/adresse/hunsballevej-51-7600-struer-1731852012
"Fællesskov Strandvej 6, Ulvshale",4780,Stege,3545000,Fritidshus,73,3.0,2019,-,92,109.6,964.0,3242.0,55.02962,12.30317,https://www.boliga.dk/adresse/faellesskov-strandvej-6-4780-stege-168078403
Agerøvej 24,7960,Karby,995000,Fritidshus,180,6.0,1934,D,156,109.7,2003.0,7084.0,56.72884,8.57436,https://www.boliga.dk/adresse/ageroevej-24-7960-karby-1441896667
"Markeslev Huse 12, Markeslev",4300,Holbæk,10995000,Villa/Parcelhus,238,6.0,1968,B,119,109.7,1071.0,1709.0,55.73692,11.71019,https://www.boliga.dk/adresse/markeslev-huse-12-4300-holbaek-1224469406
"Troldeskoven 4, Ølsted Nordstrand",3310,Ølsted,6495000,Fritidshus,127,5.0,1977,-,79,109.8,8439.0,2006.0,55.91139,12.04934,https://www.boliga.dk/adresse/troldeskoven-4-3310-oelsted-736275411
Havpilen 18,8420,Knebel,8200000,Fritidshus,176,6.0,1978,-,31,109.8,4969.0,5126.0,56.16896,10.53257,https://www.boliga.dk/adresse/havpilen-18-8420-knebel-572573073
Strandvejen 57,3770,Allinge,4995000,Villa/Parcelhus,172,5.0,1903,B,89,109.8,7156.0,1915.0,55.28511,14.78981,https://www.boliga.dk/adresse/strandvejen-57-3770-allinge-367019662
Haslevgaarde Bakker 61,9560,Hadsund,3995000,Fritidshus,239,8.0,1973,-,484,109.9,4720.0,2207.0,56.77024,10.28766,https://www.boliga.dk/adresse/haslevgaarde-bakker-61-9560-hadsund-2004047566
Strandvejen 8,7600,Struer,2695000,Villa/Parcelhus,162,4.0,2011,K,389,109.9,3516.0,404.0,56.49255,8.59113,https://www.boliga.dk/adresse/strandvejen-8-7600-struer-1951406036
"Tornvig Olsens Vej 13, Kulhuse",3630,Jægerspris,2290000,Fritidshus,66,4.0,1987,-,572,110.0,4504.0,5494.0,55.92919,11.95705,https://www.boliga.dk/adresse/tornvig-olsens-vej-13-3630-jaegerspris-1335704999
Fordamsvej 2,3150,Hellebæk,12000000,Villa/Parcelhus,271,8.0,1877,e,152,110.1,4038.0,5832.0,56.07057,12.55543,https://www.boliga.dk/adresse/fordamsvej-2-3150-hellebaek-175097790
Rådalsgård Strandpark 37,4040,Jyllinge,8250000,Villa/Parcelhus,175,5.0,1995,K,7,110.2,5234.0,4884.0,55.76342,12.0921,https://www.boliga.dk/adresse/raadalsgaard-strandpark-37-4040-jyllinge-288534025
"Fasanvej 12 og 14, Gundestrup",4571,Grevinge,875000,Fritidshus,52,3.0,1958,-,15,110.3,1637.0,4945.0,55.77789,11.61125,https://www.boliga.dk/adresse/fasanvej-12-4571-grevinge-305880571
"Tjørnevænget 15, Vemmingbund",6310,Broager,2475000,Fritidshus,106,4.0,2010,-,122,110.4,3820.0,2486.0,54.90172,9.70339,https://www.boliga.dk/adresse/tjoernevaenget-15-6310-broager-1037552758
"Langdalen 27, Nordøen",8305,Samsø,10900000,Fritidshus,202,7.0,1870,E,692,110.6,2652.0,2389.0,55.98644,10.53591,https://www.boliga.dk/adresse/langdalen-27-8305-samsoe-1409402839
"Klintholmvej 51, Vejlbyskov",5500,Middelfart,5250000,Fritidshus,76,3.0,2011,-,121,110.6,3577.0,4353.0,55.52762,9.84745,https://www.boliga.dk/adresse/klintholmvej-51-5500-middelfart-1030376593
Vinkelager 12,4220,Korsør,4200000,Fritidshus,79,4.0,1973,-,121,110.7,2358.0,1749.0,55.36614,11.14834,https://www.boliga.dk/adresse/vinkelager-12-4220-korsoer-1413196829
C. S. Møllers Vej 7A,9990,Skagen,5195000,Fritidshus,96,5.0,1910,E,172,110.7,1985.0,590.0,57.7195,10.58633,https://www.boliga.dk/adresse/c-s-moellers-vej-7a-9990-skagen-1730210640
Kystvej 16,2680,Solrød Strand,14795000,Villa/Parcelhus,265,5.0,1972,J,41,110.8,4046.0,1139.0,55.54308,12.23884,https://www.boliga.dk/adresse/kystvej-16-2680-solroed-strand-1920792318
Askø Strandvig 206,4942,Askø,795000,Fritidshus,81,3.0,2010,-,540,110.9,8486.0,7552.0,54.88982,11.50464,https://www.boliga.dk/adresse/askoe-strandvig-206-4942-askoe-2049496213
"Birkehøjvej 7, Strib",5500,Middelfart,4795000,Villa/Parcelhus,165,6.0,1964,C,80,110.9,3607.0,2238.0,55.53292,9.77117,https://www.boliga.dk/adresse/birkehoejvej-7-5500-middelfart-1368953850
Ved Stranden 22,5610,Assens,695000,Villa/Parcelhus,189,4.0,1888,F,64,111.0,2225.0,2286.0,55.27242,9.89082,https://www.boliga.dk/adresse/ved-stranden-22-5610-assens-795806275
Blakshaven 38,8400,Ebeltoft,11500000,Fritidshus,123,3.0,2021,-,93,111.0,787.0,6225.0,56.16584,10.65259,https://www.boliga.dk/adresse/blakshaven-38-8400-ebeltoft-1660054282
"Lungshave 58, Enø",4736,Karrebæksminde,1695000,Fritidshus,43,2.0,1950,-,59,111.0,4228.0,10256.0,55.17333,11.65637,https://www.boliga.dk/adresse/lungshave-58-4736-karrebaeksminde-77526314
Dovreåsvej 3,3700,Rønne,3595000,Villa/Parcelhus,173,5.0,1957,C,149,111.1,1301.0,1414.0,55.11568,14.70408,https://www.boliga.dk/adresse/dovreaasvej-3-3700-roenne-706121260
Gl Krovej 11B,9560,Hadsund,4795000,Fritidshus,160,5.0,0,J,1,111.1,3856.0,505.0,56.80267,10.27465,https://www.boliga.dk/adresse/gl-krovej-11b-9560-hadsund-2015173570
Soløje Strandvej 22,4750,Lundby,2995000,Fritidshus,118,3.0,2021,-,212,111.2,4350.0,9193.0,55.1195,11.72132,https://www.boliga.dk/adresse/soloeje-strandvej-22-4750-lundby-590589621
Skipperlodden 19,4736,Karrebæksminde,8500000,Villa/Parcelhus,229,7.0,1980,D,137,111.3,3564.0,9693.0,55.18078,11.65234,https://www.boliga.dk/adresse/skipperlodden-19-4736-karrebaeksminde-384302631
"Bådstadvej 4, 1.",3760,Gudhjem,1995000,Fritidshus,40,2.0,1795,-,73,111.4,3451.0,6857.0,55.23321,14.8774,https://www.boliga.dk/adresse/baadstadvej-4-1-3760-gudhjem-1945716833
Nørengvej 14,7870,Roslev,3100000,Fritidshus,77,3.0,1966,-,282,111.5,2488.0,6448.0,56.8007,8.96315,https://www.boliga.dk/adresse/noerengvej-14-7870-roslev-420406444
"Øster Flak 3, 1018., Nexø",3730,Nexø,2995000,Fritidshus,105,4.0,2019,-,339,111.5,207.0,1204.0,55.05986,15.13675,https://www.boliga.dk/adresse/oester-flak-3-1018-3730-nexoe-1978858574
Frederiksborgvej 139B,4000,Roskilde,16950000,Villa/Parcelhus,179,5.0,1977,c,125,111.6,2489.0,950.0,55.66097,12.08886,https://www.boliga.dk/adresse/frederiksborgvej-139b-4000-roskilde-1191556816
"Sletten 49, Søndervig",6950,Ringkøbing,6500000,Fritidshus,73,4.0,1936,-,120,111.6,7627.0,656.0,56.11727,8.10954,https://www.boliga.dk/adresse/sletten-49-6950-ringkoebing-659589028
Teglværksvej 7,5600,Faaborg,3095000,Fritidshus,135,5.0,1958,D,909,111.7,6897.0,9057.0,55.08673,10.26072,https://www.boliga.dk/adresse/teglvaerksvej-7-5600-faaborg-2047568979
Maglehøj Strandvej 33,4983,Dannemare,595000,Fritidshus,42,2.0,1938,-,17,111.8,2385.0,9567.0,54.73739,11.12224,https://www.boliga.dk/adresse/maglehoej-strandvej-33-4983-dannemare-2099268290
Spangbergsvej 18,7700,Thisted,3995000,Villa/Parcelhus,180,8.0,1947,C,314,111.9,2319.0,2508.0,56.95399,8.70606,https://www.boliga.dk/adresse/spangbergsvej-18-7700-thisted-417733001
Spangbergsvej 28,7700,Thisted,1495000,Villa/Parcelhus,94,3.0,1946,D,134,112.0,2345.0,2414.0,56.95381,8.70757,https://www.boliga.dk/adresse/spangbergsvej-28-7700-thisted-1987300751
Østre Alle 93A,3250,Gilleleje,12500000,Villa/Parcelhus,175,4.0,2008,B,84,112.1,2039.0,8631.0,56.12022,12.32957,https://www.boliga.dk/adresse/oestre-alle-93a-3250-gilleleje-171758162
Stenvendervej 2,8541,Skødstrup,10995000,Villa/Parcelhus,160,5.0,1968,c,84,112.4,4200.0,3437.0,56.25716,10.34448,https://www.boliga.dk/adresse/stenvendervej-2-8541-skoedstrup-1078855786
"Kystvejen 14, Strandkvarteret",4400,Kalundborg,7795000,Villa/Parcelhus,259,5.0,1904,B,235,112.5,2078.0,3301.0,55.68202,11.06451,https://www.boliga.dk/adresse/kystvejen-14-4400-kalundborg-526821165
"Sondrupvej 141, Sondrup",8350,Hundslund,3295000,Fritidshus,151,6.0,2009,-,11,112.6,4292.0,6332.0,55.87972,10.05797,https://www.boliga.dk/adresse/sondrupvej-141-8350-hundslund-606282811
"Toldervej 2, Havnsø",4591,Føllenslev,4595000,Fritidshus,90,4.0,1971,-,7,112.6,2253.0,3812.0,55.74948,11.30723,https://www.boliga.dk/adresse/toldervej-2-4591-foellenslev-1199606952
Damgårdsvej 62,4300,Holbæk,5995000,Fritidshus,148,3.0,1963,-,171,112.7,1556.0,1877.0,55.73733,11.72185,https://www.boliga.dk/adresse/damgaardsvej-62-4300-holbaek-2008283341
"Havvejen 115B, Vilstrup",6100,Haderslev,5995000,Ejerlejlighed,237,6.0,1989,-,128,112.7,2375.0,5837.0,55.15687,9.49699,https://www.boliga.dk/adresse/havvejen-115b-6100-haderslev-439667120
"Teglgårdvej 4, Hostrup",7860,Spøttrup,3695000,Fritidshus,175,6.0,1880,-,157,112.8,1977.0,3773.0,56.56784,8.74733,https://www.boliga.dk/adresse/teglgaardvej-4-7860-spoettrup-1868106122
Barsidalvej 38,7600,Struer,9995000,Fritidshus,150,4.0,2015,-,63,112.8,1946.0,6840.0,56.54741,8.53664,https://www.boliga.dk/adresse/barsidalvej-38-7600-struer-688180196
Strandagervej 9,4040,Jyllinge,11995000,Villa/Parcelhus,205,5.0,1962,I,31,112.8,6031.0,4583.0,55.77074,12.08966,https://www.boliga.dk/adresse/strandagervej-9-4040-jyllinge-500066887
"Skødshovedgård 39, Skødshoved Strand",8420,Knebel,2695000,Fritidshus,137,4.0,1970,-,219,112.9,8286.0,7397.0,56.19399,10.35629,https://www.boliga.dk/adresse/skoedshovedgaard-39-8420-knebel-1347982262
Fyrbakken 8,9500,Hobro,6995000,Villa/Parcelhus,153,5.0,1998,C,142,113.0,3676.0,7199.0,56.64392,9.80851,https://www.boliga.dk/adresse/fyrbakken-8-9500-hobro-64373401
Nakkehage Strandvej 59,4500,Nykøbing Sj,7500000,Fritidshus,146,4.0,2007,-,133,113.1,802.0,4468.0,55.902,11.73924,https://www.boliga.dk/adresse/nakkehage-strandvej-59-4500-nykoebing-sj-237008501
"Jarlsvej 23, Drøsselbjerg",4200,Slagelse,4695000,Fritidshus,75,3.0,1986,-,9,113.1,3622.0,811.0,55.4719,11.18265,https://www.boliga.dk/adresse/jarlsvej-23-4200-slagelse-1789031522
"Agerøvej 22, V Hvidbjerg",7960,Karby,695000,Fritidshus,142,5.0,1935,D,14,113.2,2010.0,7076.0,56.72913,8.57428,https://www.boliga.dk/adresse/ageroevej-22-7960-karby-346785661
"Strandbakkevej 1, Kolby Kås",8305,Samsø,1895000,Fritidshus,178,4.0,1975,B,125,113.4,2976.0,5531.0,55.79506,10.53109,https://www.boliga.dk/adresse/strandbakkevej-1-8305-samsoe-418775151
"Solparken 5, Hou",9370,Hals,2540000,Villa/Parcelhus,156,5.0,2000,B,22,113.5,4868.0,6148.0,57.06116,10.37596,https://www.boliga.dk/adresse/solparken-5-9370-hals-1426525598
Bjergbakken 15,9480,Løkken,1895000,Fritidshus,33,3.0,1989,-,48,113.7,1693.0,1434.0,57.3794,9.71792,https://www.boliga.dk/adresse/bjergbakken-15-9480-loekken-663058484
"Glentevej 7, Allerup",4300,Holbæk,6495000,Villa/Parcelhus,197,6.0,1955,C,17,113.8,3702.0,533.0,55.71502,11.67237,https://www.boliga.dk/adresse/glentevej-7-4300-holbaek-2034468146
Østerø Strandvej 18,5800,Nyborg,6445000,Fritidshus,125,5.0,1947,-,322,113.9,8074.0,6822.0,55.3106,10.81705,https://www.boliga.dk/adresse/oesteroe-strandvej-18-5800-nyborg-1193851647
"Broholmvej 75, Frølunde Fed",4220,Korsør,2498000,Fritidshus,80,3.0,1962,-,168,113.9,1143.0,5204.0,55.38114,11.19974,https://www.boliga.dk/adresse/broholmvej-75-4220-korsoer-1798878383
Kongenshøjvej 23,9550,Mariager,1645000,Fritidshus,90,3.0,1966,-,232,114.0,4312.0,8009.0,56.67792,10.03499,https://www.boliga.dk/adresse/kongenshoejvej-23-9550-mariager-230808258
"Kystvej 53, Tørslev Hage",3630,Jægerspris,3250000,Fritidshus,94,4.0,2014,-,325,114.0,4075.0,3547.0,55.81179,12.0485,https://www.boliga.dk/adresse/kystvej-53-3630-jaegerspris-468952472
Næsset 40,5330,Munkebo,9500000,Villa/Parcelhus,180,6.0,1975,d,147,114.0,2337.0,7444.0,55.4465,10.54933,https://www.boliga.dk/adresse/naesset-40-5330-munkebo-770451798
"Bag Hegnet 11, Kulhuse",3630,Jægerspris,3345000,Fritidshus,93,3.0,2017,-,505,114.0,4392.0,5084.0,55.93228,11.93946,https://www.boliga.dk/adresse/bag-hegnet-11-3630-jaegerspris-403989653
"Marsvinvej 5, Nr. Lyngby",9480,Løkken,1595000,Fritidshus,57,3.0,1970,-,1065,114.2,1908.0,5102.0,57.41708,9.74977,https://www.boliga.dk/adresse/marsvinvej-5-9480-loekken-2084866574
Bobakken 41,3140,Ålsgårde,12495000,Villa/Parcelhus,231,7.0,1920,d,133,114.2,3591.0,6279.0,56.07795,12.54098,https://www.boliga.dk/adresse/bobakken-41-3140-aalsgaarde-32887472
Vester Strandvej 25,4592,Sejerø,2600000,Fritidshus,83,4.0,2006,-,202,114.2,1473.0,19858.0,55.90474,11.09059,https://www.boliga.dk/adresse/vester-strandvej-25-4592-sejeroe-1515539390
"Rylevej 18, Dalby Bugten",5370,Mesinge,1395000,Fritidshus,48,2.0,2021,-,185,114.4,3321.0,11112.0,55.51595,10.62641,https://www.boliga.dk/adresse/rylevej-18-5370-mesinge-824770830
Johan Knudsens Vej 14,9900,Frederikshavn,2595000,Villa/Parcelhus,113,3.0,1965,D,269,114.4,645.0,1902.0,57.4051,10.52197,https://www.boliga.dk/adresse/johan-knudsens-vej-14-9900-frederikshavn-629925782
Willemoesvej 26,5700,Svendborg,8695000,Villa/Parcelhus,181,8.0,1931,c,221,114.6,4615.0,629.0,55.05388,10.61144,https://www.boliga.dk/adresse/willemoesvej-26-5700-svendborg-518923842
Sandageren 4,5600,Faaborg,4495000,Fritidshus,126,5.0,1967,-,169,114.6,573.0,16151.0,55.08047,10.07387,https://www.boliga.dk/adresse/sandageren-4-5600-faaborg-1361770099
"Rønnemose 22, Skovmose",6470,Sydals,3495000,Fritidshus,84,4.0,1965,-,94,114.6,1527.0,2033.0,54.87371,10.02194,https://www.boliga.dk/adresse/roennemose-22-6470-sydals-986801887
Rungsted Strandvej 91,2960,Rungsted Kyst,12500000,Helårsgrund,0,4.0,0,-,141,114.6,14979.0,3752.0,55.87917,12.54543,https://www.boliga.dk/adresse/rungsted-strandvej-91-2960-rungsted-kyst-1393644339
"Fjordgade 19, Gjøl",9440,Aabybro,2345000,Villa/Parcelhus,159,5.0,1916,C,156,114.7,5261.0,3705.0,57.06384,9.70035,https://www.boliga.dk/adresse/fjordgade-19-9440-aabybro-580684073
Strandgårdsvej 26,4220,Korsør,4695000,Fritidshus,111,4.0,1979,-,72,114.8,1649.0,3987.0,55.37835,11.17833,https://www.boliga.dk/adresse/strandgaardsvej-26-4220-korsoer-1543296860
"Randkløvevej 28, Saltuna",3751,Østermarie,6250000,Fritidshus,201,5.0,1877,B,44,114.8,1351.0,3417.0,55.17236,15.03391,https://www.boliga.dk/adresse/randkloevevej-28-3751-oestermarie-47313250
Smedelinien 59,4400,Kalundborg,2995000,Fritidsgrund,0,0.0,2000,-,2,114.8,1459.0,4473.0,55.71313,11.0066,https://www.boliga.dk/adresse/smedelinien-59-4400-kalundborg-1753593610
Solskinsvej 8,5450,Otterup,1990000,Fritidshus,69,4.0,2007,-,165,114.9,3139.0,10247.0,55.57714,10.43367,https://www.boliga.dk/adresse/solskinsvej-8-5450-otterup-320070412
Strandparken 22,4760,Vordingborg,3275000,Fritidshus,78,3.0,1960,-,114,114.9,4193.0,3454.0,55.00791,11.86573,https://www.boliga.dk/adresse/strandparken-22-4760-vordingborg-2038827542
"Mimersvej 11, Drøsselbjerg",4200,Slagelse,6495000,Fritidshus,83,3.0,1999,-,156,114.9,3806.0,263.0,55.46782,11.18767,https://www.boliga.dk/adresse/mimersvej-11-4200-slagelse-1084714047
"Østervænget 5, Hasmark",5450,Otterup,2250000,Fritidshus,78,4.0,2026,-,158,115.0,3767.0,8882.0,55.55501,10.48034,https://www.boliga.dk/adresse/oestervaenget-5-5450-otterup-1764441731
Havbakken 11,9900,Frederikshavn,2195000,Villa/Parcelhus,209,5.0,1974,D,256,115.0,876.0,2619.0,57.41187,10.52267,https://www.boliga.dk/adresse/havbakken-11-9900-frederikshavn-1078796602
"Ørhagevej 179, Klitmøller",7700,Thisted,4995000,Helårsgrund,0,0.0,0,-,227,115.0,7124.0,11293.0,57.04372,8.47888,https://www.boliga.dk/adresse/oerhagevej-179-7700-thisted-1268846488
"Duevej 44, Gniben",4583,Sjællands Odde,4495000,Fritidshus,131,5.0,2021,-,126,115.1,4914.0,19283.0,55.99836,11.28622,https://www.boliga.dk/adresse/duevej-44-4583-sjaellands-odde-1326146263
Villingebæk Strandvej 607B,3120,Dronningmølle,5895000,Fritidshus,204,5.0,1910,g,125,115.1,3342.0,10458.0,56.09887,12.39816,https://www.boliga.dk/adresse/villingebaek-strandvej-607b-3120-dronningmoelle-43013837
Refshammervej 34,7900,Nykøbing M,4495000,Villa/Parcelhus,226,7.0,1945,C,87,115.1,2102.0,2175.0,56.78736,8.85237,https://www.boliga.dk/adresse/refshammervej-34-7900-nykoebing-m-8495090
"Strandlyngen 8, Ebeltoft",8400,Ebeltoft,4098000,Villa/Parcelhus,201,7.0,2018,J,122,115.3,3500.0,482.0,56.2168,10.67372,https://www.boliga.dk/adresse/strandlyngen-8-8400-ebeltoft-1316708460
"Münstervej 39, Strib",5500,Middelfart,4995000,Villa/Parcelhus,137,6.0,1935,K,721,115.3,4492.0,2981.0,55.5397,9.7638,https://www.boliga.dk/adresse/münstervej-39-5500-middelfart-803129249
Digestykket 20,4640,Faxe,1695000,Fritidshus,53,3.0,1967,-,147,115.3,3967.0,4092.0,55.17565,12.059,https://www.boliga.dk/adresse/digestykket-20-4640-faxe-7412986
Masnedøvej 8,4760,Vordingborg,4750000,Fritidshus,279,7.0,1979,C,64,115.6,5561.0,2950.0,54.99383,11.88896,https://www.boliga.dk/adresse/masnedoevej-8-4760-vordingborg-1892409563
Stibjergvej 96,4220,Korsør,4650000,Fritidshus,154,5.0,2010,-,188,115.7,2206.0,1629.0,55.36577,11.14541,https://www.boliga.dk/adresse/stibjergvej-96-4220-korsoer-2009338226
"Strandvejen 3, Gammel Tappernøje",4733,Tappernøje,2395000,Villa/Parcelhus,103,5.0,1850,E,429,115.7,2934.0,1517.0,55.14975,12.01009,https://www.boliga.dk/adresse/strandvejen-3-4733-tappernoeje-440729770
"Bøhlvej 11, Jegindø",7790,Thyholm,795000,Fritidshus,107,6.0,1916,F,268,115.8,1662.0,966.0,56.6578,8.63415,https://www.boliga.dk/adresse/boehlvej-11-7790-thyholm-50314300
Hunsballevej 67D,7600,Struer,1195000,Helårsgrund,0,0.0,0,-,1780,115.8,2297.0,2020.0,56.48171,8.61168,https://www.boliga.dk/adresse/hunsballevej-67d-7600-struer-568953355
Hunsballevej 67C,7600,Struer,1295000,Helårsgrund,0,0.0,0,-,1780,115.8,2297.0,2020.0,56.48171,8.61168,https://www.boliga.dk/adresse/hunsballevej-67c-7600-struer-581526029
Hunsballevej 67A,7600,Struer,995000,Helårsgrund,0,0.0,0,-,1780,115.8,2297.0,2020.0,56.48171,8.61168,https://www.boliga.dk/adresse/hunsballevej-67a-7600-struer-1213875823
Nordre Skanse 44,9900,Frederikshavn,6500000,Villa/Parcelhus,302,4.0,1949,c,135,115.8,705.0,1844.0,57.44986,10.54468,https://www.boliga.dk/adresse/nordre-skanse-44-9900-frederikshavn-562202879
Johnsens Alle 3,7700,Thisted,1945000,Villa/Parcelhus,122,5.0,1964,D,23,115.9,2321.0,2645.0,56.95397,8.70378,https://www.boliga.dk/adresse/johnsens-alle-3-7700-thisted-1031303853
Melsted Langgade 34,3760,Gudhjem,8850000,Fritidshus,121,4.0,1923,-,479,115.9,2757.0,8611.0,55.20661,14.97833,https://www.boliga.dk/adresse/melsted-langgade-34-3760-gudhjem-1347519453
"Engdraget 47, Varbjerg Strand",5464,Brenderup Fyn,1495000,Fritidshus,47,3.0,2000,-,14,115.9,4508.0,2051.0,55.5138,9.94919,https://www.boliga.dk/adresse/engdraget-47-5464-brenderup-fyn-100418555
Johan Knudsens Vej 3,9900,Frederikshavn,1845000,Villa/Parcelhus,150,6.0,1969,C,67,116.0,695.0,1995.0,57.40584,10.52269,https://www.boliga.dk/adresse/johan-knudsens-vej-3-9900-frederikshavn-711444540
Hans Schacksvej 419,5300,Kerteminde,5495000,Villa/Parcelhus,163,5.0,1958,B,107,116.1,3099.0,5974.0,55.46067,10.59926,https://www.boliga.dk/adresse/hans-schacksvej-419-5300-kerteminde-1108376652
"Jelsevej 24, Lundø",7840,Højslev,3800000,Fritidshus,51,3.0,1961,-,142,116.2,5202.0,5524.0,56.62908,9.15366,https://www.boliga.dk/adresse/jelsevej-24-7840-hoejslev-1276779840
Lokesvej 1,4200,Slagelse,10995000,Fritidshus,177,4.0,2016,-,367,116.2,3763.0,78.0,55.4656,11.1903,https://www.boliga.dk/adresse/lokesvej-1-4200-slagelse-1893067569
"Træløbervej 5, Ll Kongsmark",4200,Slagelse,2395000,Fritidshus,102,4.0,1980,-,25,116.3,2804.0,5017.0,55.42076,11.19711,https://www.boliga.dk/adresse/traeloebervej-5-4200-slagelse-1410482541
Vestergade 1C,7620,Lemvig,3995000,Villa/Parcelhus,120,12.0,1910,C,105,116.3,2151.0,3226.0,56.55,8.30845,https://www.boliga.dk/adresse/vestergade-1c-7620-lemvig-849857442
Stødby Strandvej 51,4983,Dannemare,1050000,Fritidshus,54,4.0,1937,-,122,116.4,1484.0,8701.0,54.73344,11.13502,https://www.boliga.dk/adresse/stoedby-strandvej-51-4983-dannemare-1505760729
"Over Åen 12 og 12A, Haslevgaarde",9560,Hadsund,5698000,Fritidshus,122,4.0,2014,-,379,116.4,4287.0,2832.0,56.77855,10.28553,https://www.boliga.dk/adresse/over-aaen-12-9560-hadsund-2017772141
"Præstegårdsvej 16, Tæbring",7900,Nykøbing M,545000,Fritidshus,153,5.0,1975,D,140,116.6,1499.0,5739.0,56.79083,8.61551,https://www.boliga.dk/adresse/praestegaardsvej-16-7900-nykoebing-m-1717276498
"Gl. Amtsvej 33, Trend",9670,Løgstør,1695000,Fritidshus,102,5.0,1954,-,239,116.7,3873.0,6489.0,56.84993,9.21317,https://www.boliga.dk/adresse/gl-amtsvej-33-9670-loegstoer-332007204
Hegnsvænget 8,3310,Ølsted,4995000,Fritidshus,144,6.0,1975,-,101,116.8,8519.0,3118.0,55.89944,12.04892,https://www.boliga.dk/adresse/hegnsvaenget-8-3310-oelsted-481137389
Hegnsvænget 6,3310,Ølsted,7450000,Fritidshus,149,5.0,2022,-,154,116.9,8506.0,3132.0,55.89927,12.04904,https://www.boliga.dk/adresse/hegnsvaenget-6-3310-oelsted-1460899116
"Pumavej 14, Overby Lyng",4583,Sjællands Odde,750000,Fritidshus,35,3.0,1974,-,181,116.9,3022.0,7663.0,55.95945,11.46315,https://www.boliga.dk/adresse/pumavej-14-4583-sjaellands-odde-1061816314
Lyngby Mølle Vej 1,9480,Løkken,1895000,Villa/Parcelhus,106,2.0,1902,d,69,117.0,1527.0,4491.0,57.41184,9.7457,https://www.boliga.dk/adresse/lyngby-moelle-vej-1-9480-loekken-610079001
"Nordre Strandvej 20, Lumsås",4500,Nykøbing Sj,5795000,Fritidshus,77,4.0,1950,-,141,117.0,1765.0,4363.0,55.95068,11.51641,https://www.boliga.dk/adresse/nordre-strandvej-20-4500-nykoebing-sj-404350218
"Thissingvej 39, Thissinghus",7970,Redsted M,495000,Fritidshus,204,8.0,1857,G,2870,117.0,1676.0,5004.0,56.7189,8.62935,https://www.boliga.dk/adresse/thissingvej-39-7970-redsted-m-889665868
Askø Strandvig 141,4942,Askø,895000,Fritidshus,40,3.0,1973,-,141,117.1,8714.0,7174.0,54.89363,11.50254,https://www.boliga.dk/adresse/askoe-strandvig-141-4942-askoe-1493179027
Bjerggade 14,7600,Struer,3995000,Villa/Parcelhus,189,4.0,1936,C,541,117.2,3477.0,322.0,56.49242,8.58982,https://www.boliga.dk/adresse/bjerggade-14-7600-struer-1263511589
Vængevej 3,4874,Gedser,995000,Fritidshus,129,6.0,1870,g,365,117.6,115.0,4180.0,54.61172,11.91034,https://www.boliga.dk/adresse/vaengevej-3-4874-gedser-216457911
"Mimosavej 19B, Egsmark",8400,Ebeltoft,3798000,Villa/Parcelhus,266,7.0,1973,C,105,117.6,3865.0,128.0,56.2197,10.67047,https://www.boliga.dk/adresse/mimosavej-19b-8400-ebeltoft-872983504
Nordre Strandvej 22,4500,Nykøbing Sj,12500000,Fritidshus,124,5.0,2022,-,16,117.8,1747.0,4341.0,55.95064,11.51677,https://www.boliga.dk/adresse/nordre-strandvej-22-4500-nykoebing-sj-1004422566
Herluf Trolles Vej 17,5700,Svendborg,7100000,Villa/Parcelhus,132,4.0,1913,D,115,117.9,4650.0,544.0,55.05409,10.60947,https://www.boliga.dk/adresse/herluf-trolles-vej-17-5700-svendborg-1865001435
"Krusesvej 7, Hasmark Strand",5450,Otterup,895000,Fritidshus,37,2.0,1945,-,32,118.0,2784.0,9440.0,55.56769,10.45029,https://www.boliga.dk/adresse/krusesvej-7-5450-otterup-1171390883
Maxivej 100,3310,Ølsted,5450000,Fritidshus,90,4.0,1989,-,0,118.1,8919.0,2560.0,55.90545,12.04834,https://www.boliga.dk/adresse/maxivej-100-3310-oelsted-1585626978
Fjordvej 6,7800,Skive,1095000,Villa/Parcelhus,152,6.0,1967,D,163,118.5,3613.0,1571.0,56.56898,9.05032,https://www.boliga.dk/adresse/fjordvej-6-7800-skive-875939614
Frihedsvej 20,3630,Jægerspris,4195000,Villa/Parcelhus,140,5.0,1975,C,141,118.6,3085.0,3348.0,55.85872,11.99942,https://www.boliga.dk/adresse/frihedsvej-20-3630-jaegerspris-822647144
Rosengade 16,9550,Mariager,2095000,Villa/Parcelhus,141,7.0,1943,E,1549,118.6,2901.0,9276.0,56.65259,9.97942,https://www.boliga.dk/adresse/rosengade-16-9550-mariager-680086128
"Fællesskov Strandvej 4, Ulvshale",4780,Stege,2495000,Fritidshus,90,4.0,1979,-,212,118.7,972.0,3250.0,55.02978,12.30258,https://www.boliga.dk/adresse/faellesskov-strandvej-4-4780-stege-1696859602
"Søndersognsvej 127, Svendsmark",4780,Stege,2995000,Fritidshus,74,2.0,2002,F,161,118.8,2379.0,2242.0,54.97718,12.31097,https://www.boliga.dk/adresse/soendersognsvej-127-4780-stege-1301842307
"Damgårdsvej 94, Markeslev",4300,Holbæk,2475000,Fritidshus,40,2.0,1991,-,25,118.9,1762.0,1847.0,55.74011,11.72791,https://www.boliga.dk/adresse/damgaardsvej-94-4300-holbaek-755526413
Rørsangerkrogen 2,4735,Mern,1995000,Fritidshus,144,4.0,1970,-,108,118.9,3670.0,6439.0,55.05077,12.12457,https://www.boliga.dk/adresse/roersangerkrogen-2-4735-mern-2119088220
Lundevej 26,4400,Kalundborg,6795000,Villa/Parcelhus,240,8.0,1908,D,126,119.0,1745.0,3306.0,55.68178,11.07524,https://www.boliga.dk/adresse/lundevej-26-4400-kalundborg-1228076377
Vestre Stræde 9,3390,Hundested,3950000,Villa/Parcelhus,133,5.0,1935,C,138,119.1,3648.0,2043.0,55.98125,11.87326,https://www.boliga.dk/adresse/vestre-straede-9-3390-hundested-884131474
Bjergbakken 29,9480,Løkken,4995000,Fritidshus,93,3.0,2021,-,580,119.2,1596.0,1461.0,57.38067,9.71928,https://www.boliga.dk/adresse/bjergbakken-29-9480-loekken-76440496
Lægårdsvej 1,9370,Hals,5575000,Villa/Parcelhus,156,5.0,2014,K,300,119.2,6511.0,2300.0,56.99263,10.31185,https://www.boliga.dk/adresse/laegaardsvej-1-9370-hals-1771217237
Rosenvej 6,7900,Nykøbing M,795000,Helårsgrund,0,0.0,0,-,170,119.4,2288.0,2157.0,56.80468,8.87355,https://www.boliga.dk/adresse/rosenvej-6-7900-nykoebing-m-739239782
"Vestre Strandvej 35, Skødshoved Strand",8420,Knebel,2995000,Fritidshus,69,3.0,1996,-,365,119.5,7714.0,7063.0,56.18188,10.37744,https://www.boliga.dk/adresse/vestre-strandvej-35-8420-knebel-29275058
Østergade 58,7900,Nykøbing M,5995000,Villa/Parcelhus,428,9.0,1928,C,714,119.6,2160.0,2104.0,56.79637,8.86862,https://www.boliga.dk/adresse/oestergade-58-7900-nykoebing-m-1576395294
Strandstien 2,2670,Greve,10995000,Villa/Parcelhus,183,5.0,1930,c,43,119.7,5238.0,2655.0,55.5776,12.30022,https://www.boliga.dk/adresse/strandstien-2-2670-greve-695796363
"Egebjergvej 214, Strandhusene",4500,Nykøbing Sj,1495000,Villa/Parcelhus,97,4.0,1969,F,3,119.8,2275.0,546.0,55.88075,11.66662,https://www.boliga.dk/adresse/egebjergvej-214-4500-nykoebing-sj-1469420742
Gabet 8,9800,Hjørring,4800000,Fritidshus,117,4.0,2003,-,64,119.8,2766.0,546.0,57.46549,9.78852,https://www.boliga.dk/adresse/gabet-8-9800-hjoerring-2106976979
"Vimmelskaftet 8, Høruphav",6470,Sydals,3195000,Villa/Parcelhus,184,7.0,1959,D,74,119.8,3616.0,2232.0,54.90943,9.89318,https://www.boliga.dk/adresse/vimmelskaftet-8-6470-sydals-189712569
Thyravej 19A,4791,Borre,3995000,Fritidshus,112,4.0,2026,J,8,119.9,6154.0,11640.0,54.95319,12.47074,https://www.boliga.dk/adresse/thyravej-19a-4791-borre-824918983
"Klintegårdsvej 109, Enø",4736,Karrebæksminde,8600000,Fritidshus,134,4.0,2023,-,16,119.9,4021.0,10910.0,55.16259,11.67076,https://www.boliga.dk/adresse/klintegaardsvej-109-4736-karrebaeksminde-135988244
Strandvej 53,9500,Hobro,5695000,Villa/Parcelhus,157,5.0,1929,C,169,119.9,3920.0,6883.0,56.64192,9.80318,https://www.boliga.dk/adresse/strandvej-53-9500-hobro-752937029
"Skovgårdsparken 1, Amstrup",8300,Odder,2398000,Fritidshus,95,5.0,1970,-,163,120.0,5838.0,5647.0,55.87199,10.11898,https://www.boliga.dk/adresse/skovgaardsparken-1-8300-odder-52215559
Pilevej 25,4200,Slagelse,11995000,Fritidshus,228,6.0,1907,-,71,120.1,3440.0,2248.0,55.44767,11.20544,https://www.boliga.dk/adresse/pilevej-25-4200-slagelse-11392607
Greve Strandvej 93,2670,Greve,11750000,Villa/Parcelhus,209,6.0,1973,C,186,120.2,5229.0,2651.0,55.57752,12.3,https://www.boliga.dk/adresse/greve-strandvej-93-2670-greve-2130924633
"Fiskervænget 10A, Dyreborg",5600,Faaborg,4100000,Helårsgrund,0,0.0,0,-,2567,120.4,5533.0,11994.0,55.06885,10.21176,https://www.boliga.dk/adresse/fiskervaenget-10a-5600-faaborg-211566180
"Kåsvej 19, Strib",5500,Middelfart,2995000,Villa/Parcelhus,143,4.0,1960,C,106,120.4,3970.0,2582.0,55.53612,9.76921,https://www.boliga.dk/adresse/kaasvej-19-5500-middelfart-821308691
"Strandengen 13, Plejeruphuse",4571,Grevinge,2645000,Fritidshus,61,3.0,2004,-,135,120.4,2255.0,5143.0,55.78466,11.60876,https://www.boliga.dk/adresse/strandengen-13-4571-grevinge-1990079045
"Rørhavevej 14, Udsholt Strand",3230,Græsted,14900000,Fritidshus,179,5.0,1930,-,86,120.5,2261.0,4480.0,56.10817,12.18306,https://www.boliga.dk/adresse/roerhavevej-14-3230-graested-2063318315
Østre Strandvej 15,9990,Skagen,4300000,Villa/Parcelhus,172,8.0,1917,D,156,120.6,2010.0,762.0,57.72135,10.59184,https://www.boliga.dk/adresse/oestre-strandvej-15-9990-skagen-337570607
Nørrevej 25,3070,Snekkersten,7295000,Villa/Parcelhus,185,6.0,2005,c,158,120.8,5396.0,6346.0,56.01259,12.59422,https://www.boliga.dk/adresse/noerrevej-25-3070-snekkersten-777493887
Sydfalstervej 18,4874,Gedser,2645000,Fritidshus,73,4.0,1956,-,93,120.9,3935.0,2549.0,54.58915,11.96948,https://www.boliga.dk/adresse/sydfalstervej-18-4874-gedser-711586565
Nationernes Alle 19,3000,Helsingør,9695000,Villa/Parcelhus,161,4.0,1900,D,34,121.0,5051.0,5438.0,56.04683,12.59885,https://www.boliga.dk/adresse/nationernes-alle-19-3000-helsingoer-1580841081
Gammel Strandvej 416C,3060,Espergærde,12500000,Villa/Parcelhus,407,8.0,1870,b,104,121.1,6236.0,2953.0,55.9841,12.55147,https://www.boliga.dk/adresse/gammel-strandvej-416c-3060-espergaerde-1370340145
"Ørredvej 19, Købingsmark",6430,Nordborg,2495000,Fritidshus,89,3.0,2010,-,14,121.1,4985.0,5131.0,55.07816,9.72094,https://www.boliga.dk/adresse/oerredvej-19-6430-nordborg-1703516601
"Østre Strandvej 21, Østerby",9990,Skagen,4595000,Villa/Parcelhus,131,6.0,1913,E,456,121.2,2020.0,798.0,57.7216,10.5926,https://www.boliga.dk/adresse/oestre-strandvej-21-9990-skagen-991633783
Thyravej 19B,4791,Borre,3895000,Fritidshus,112,4.0,2026,-,8,121.2,6164.0,11657.0,54.95317,12.471,https://www.boliga.dk/adresse/thyravej-19b-4791-borre-447162835
Højbovej 14,8400,Ebeltoft,2495000,Villa/Parcelhus,104,2.0,1936,d,10,121.3,5160.0,1238.0,56.22716,10.65444,https://www.boliga.dk/adresse/hoejbovej-14-8400-ebeltoft-1982367165
Østre Strandvej 19,9990,Skagen,6995000,Fritidshus,175,5.0,1930,d,97,121.3,2016.0,787.0,57.72153,10.59238,https://www.boliga.dk/adresse/oestre-strandvej-19-9990-skagen-852549246
Østersøvej 23,4880,Nysted,4995000,Fritidshus,105,5.0,2023,-,181,121.4,2181.0,1694.0,54.6537,11.73375,https://www.boliga.dk/adresse/oestersoevej-23-4880-nysted-793804574
"Skarøvej 2, Horne",5600,Faaborg,3595000,Fritidshus,109,5.0,1969,-,136,121.5,1065.0,13208.0,55.09138,10.13029,https://www.boliga.dk/adresse/skaroevej-2-5600-faaborg-2058387708
"Hasselø Strandvej 7, Natur skønne hasselø Plantage",4800,Nykøbing F,1645000,Fritidshus,138,6.0,1953,D,16,121.6,2102.0,1652.0,54.74074,11.8769,https://www.boliga.dk/adresse/hasseloe-strandvej-7-4800-nykoebing-f-1870188427
Østersvej 10,4880,Nysted,3995000,Fritidshus,115,5.0,2007,-,50,121.8,2025.0,1876.0,54.65208,11.74043,https://www.boliga.dk/adresse/oestersvej-10-4880-nysted-1566575477
"Storkenhøjvej 197, Fogense Enge",5400,Bogense,2695000,Fritidshus,74,4.0,1984,-,358,121.8,8141.0,1199.0,55.55132,10.0333,https://www.boliga.dk/adresse/storkenhoejvej-197-5400-bogense-1084406410
Kærnebidervej 5,7600,Struer,1975000,Villa/Parcelhus,171,11.0,1971,C,30,121.9,1972.0,1915.0,56.50903,8.58882,https://www.boliga.dk/adresse/kaernebidervej-5-7600-struer-2037780466
"Eremitvej 16A, Højstrup",3000,Helsingør,13495000,Villa/Parcelhus,251,7.0,1968,C,465,121.9,4630.0,5672.0,56.05191,12.58915,https://www.boliga.dk/adresse/eremitvej-16a-3000-helsingoer-1735548801
"Slotsalleen 11, Tåsinge",5700,Svendborg,3495000,Villa/Parcelhus,127,4.0,1977,D,22,122.0,4525.0,1440.0,55.0331,10.64849,https://www.boliga.dk/adresse/slotsalleen-11-5700-svendborg-837852151
Schrødersvej 6,5450,Otterup,1295000,Fritidshus,37,2.0,1961,-,465,122.0,4025.0,8853.0,55.55308,10.48502,https://www.boliga.dk/adresse/schroedersvej-6-5450-otterup-918179344
Løvstræde 4,4581,Rørvig,7400000,Villa/Parcelhus,267,11.0,1935,C,135,122.2,3833.0,5779.0,55.94214,11.75437,https://www.boliga.dk/adresse/loevstraede-4-4581-roervig-692878491
Kongevejen 14,2791,Dragør,11495000,Villa/Parcelhus,174,6.0,1840,C,108,122.2,8921.0,4263.0,55.59435,12.67263,https://www.boliga.dk/adresse/kongevejen-14-2791-dragoer-1429769064
"Øreringene 8, Øer",8400,Ebeltoft,6695000,Fritidshus,181,5.0,1980,-,167,122.5,1502.0,8774.0,56.14207,10.69999,https://www.boliga.dk/adresse/oereringene-8-8400-ebeltoft-1565786965
Rosenvej 2,7900,Nykøbing M,1895000,Villa/Parcelhus,179,6.0,1974,D,108,122.7,2298.0,2170.0,56.80432,8.87373,https://www.boliga.dk/adresse/rosenvej-2-7900-nykoebing-m-758546211
Fjordvænget 24,4230,Skælskør,4295000,Fritidshus,171,5.0,1998,C,91,122.8,2526.0,3300.0,55.25045,11.27758,https://www.boliga.dk/adresse/fjordvaenget-24-4230-skaelskoer-1546117785
Studiestræde 11,4300,Holbæk,4795000,Villa/Parcelhus,113,3.0,1885,C,52,122.9,2987.0,2995.0,55.71889,11.71132,https://www.boliga.dk/adresse/studiestraede-11-4300-holbaek-1071779892
Rærupvej 70,9310,Vodskov,2870000,Villa/Parcelhus,185,6.0,1910,D,119,122.9,357.0,3618.0,57.09066,10.00458,https://www.boliga.dk/adresse/raerupvej-70-9310-vodskov-1648780359
Klintevej 46,4654,Faxe Ladeplads,7295000,Villa/Parcelhus,150,5.0,1912,C,100,122.9,5173.0,5458.0,55.22001,12.17808,https://www.boliga.dk/adresse/klintevej-46-4654-faxe-ladeplads-442590587
Thyravej 19H,4791,Borre,3895000,Fritidshus,112,4.0,2026,-,8,123.1,6140.0,11624.0,54.95325,12.47049,https://www.boliga.dk/adresse/thyravej-19h-4791-borre-1106024018
"Asgers Lyng 4, Overby Lyng",4583,Sjællands Odde,3195000,Fritidshus,71,3.0,1970,-,14,123.1,1552.0,9142.0,55.95982,11.43947,https://www.boliga.dk/adresse/asgers-lyng-4-4583-sjaellands-odde-117032024
"Dyngby Havvej 45, Dyngby Strand",8300,Odder,6995000,Fritidshus,136,4.0,2016,-,72,123.3,4200.0,4045.0,55.95941,10.2642,https://www.boliga.dk/adresse/dyngby-havvej-45-8300-odder-2058042582
"Nygade 18, Lendemarke",4780,Stege,700000,Villa/Parcelhus,165,5.0,1884,D,17,123.4,2432.0,652.0,54.98047,12.27881,https://www.boliga.dk/adresse/nygade-18-4780-stege-1225757232
Strandhøjen 2,3600,Frederikssund,9295000,Villa/Parcelhus,199,6.0,1964,C,95,123.5,5210.0,3258.0,55.82727,12.06475,https://www.boliga.dk/adresse/strandhoejen-2-3600-frederikssund-141645621
Klitgade 12,9900,Frederikshavn,1795000,Villa/Parcelhus,275,8.0,1907,E,204,123.7,2403.0,1878.0,57.43175,10.52828,https://www.boliga.dk/adresse/klitgade-12-9900-frederikshavn-336315432
Ved Skrænten 17,3210,Vejby,13745000,Fritidshus,91,5.0,1987,-,7,123.7,3804.0,1307.0,56.0872,12.13629,https://www.boliga.dk/adresse/ved-skraenten-17-3210-vejby-267935150
"Nykøbingvej 47M, Audebo",4300,Holbæk,495000,Fritidshus,29,2.0,1968,-,148,123.7,1916.0,4127.0,55.77252,11.62518,https://www.boliga.dk/adresse/nykoebingvej-47m-4300-holbaek-1704607207
"Arnkilsøre 3, Kær",6400,Sønderborg,4500000,Villa/Parcelhus,258,5.0,1927,G,30,123.8,2529.0,4327.0,54.96678,9.76187,https://www.boliga.dk/adresse/arnkilsoere-3-6400-soenderborg-1344878521
"Rønbakken 12, Jegindø",7790,Thyholm,2695000,Fritidshus,139,5.0,1976,-,333,123.9,2325.0,2370.0,56.62907,8.62909,https://www.boliga.dk/adresse/roenbakken-12-7790-thyholm-1829662284
Skipperstræde 10,5610,Assens,1350000,Fritidshus,150,3.0,1850,C,93,124.0,2203.0,2263.0,55.27228,9.89111,https://www.boliga.dk/adresse/skipperstraede-10-5610-assens-1680198483
"Barsidalvej 36, Toftum Bjerge",7600,Struer,1495000,Fritidshus,60,4.0,1977,-,538,124.0,1945.0,6842.0,56.54758,8.53723,https://www.boliga.dk/adresse/barsidalvej-36-7600-struer-1686302365
Del af Hunsballevej 67,7600,Struer,1995000,Helårsgrund,0,0.0,0,-,70,124.1,2297.0,2014.0,56.48169,8.61155,https://www.boliga.dk/adresse/del-af-hunsballevej-67-7600-struer-13748080
Hunsballevej 67B,7600,Struer,4095000,Villa/Parcelhus,149,4.0,2026,-,282,124.1,2297.0,2014.0,56.48169,8.61155,https://www.boliga.dk/adresse/hunsballevej-67b-7600-struer-8857539
"Duevej 20, Gniben",4583,Sjællands Odde,2795000,Fritidshus,93,4.0,2008,-,241,124.2,4561.0,19080.0,55.99427,11.28783,https://www.boliga.dk/adresse/duevej-20-4583-sjaellands-odde-910308677
Meldskiftet 11,6950,Ringkøbing,2495000,Villa/Parcelhus,129,6.0,1957,C,2,124.3,2146.0,2367.0,56.08501,8.24964,https://www.boliga.dk/adresse/meldskiftet-11-6950-ringkoebing-1822318214
"Kærvej 4, Hvalpsund",9640,Farsø,1295000,Villa/Parcelhus,135,3.0,1963,D,15,124.3,4065.0,569.0,56.7004,9.19787,https://www.boliga.dk/adresse/kaervej-4-9640-farsoe-1761309205
Sønder Strand 17A,9900,Frederikshavn,2595000,Villa/Parcelhus,282,9.0,1937,c,52,124.3,2427.0,2075.0,57.42911,10.52487,https://www.boliga.dk/adresse/soender-strand-17a-9900-frederikshavn-303939795
Skipperlodden 20,4736,Karrebæksminde,4750000,Villa/Parcelhus,165,5.0,1984,C,709,124.3,3548.0,9711.0,55.18072,11.65199,https://www.boliga.dk/adresse/skipperlodden-20-4736-karrebaeksminde-1973426255
Varnæsvej 225,6200,Aabenraa,4980000,Villa/Parcelhus,205,6.0,1957,d,344,124.3,5138.0,3314.0,55.01625,9.46449,https://www.boliga.dk/adresse/varnaesvej-225-6200-aabenraa-557732332
Skodsborg Strandvej 91,2942,Skodsborg,15000000,Villa/Parcelhus,179,6.0,1887,E,85,124.4,13411.0,2425.0,55.81538,12.57432,https://www.boliga.dk/adresse/skodsborg-strandvej-91-2942-skodsborg-1645572382
Kystvejen 14,5985,Søby Ærø,1450000,Helårsgrund,0,0.0,0,-,636,124.4,9168.0,1745.0,54.94256,10.25191,https://www.boliga.dk/adresse/kystvejen-14-5985-soeby-aeroe-254633487
Brinken 156,4671,Strøby,2395000,Fritidshus,50,3.0,1969,-,59,124.5,2116.0,7184.0,55.40749,12.27639,https://www.boliga.dk/adresse/brinken-156-4671-stroeby-698912687
"Fjordparken 53, Allerup",4300,Holbæk,10995000,Villa/Parcelhus,326,6.0,1972,D,317,124.5,3957.0,250.0,55.71494,11.66445,https://www.boliga.dk/adresse/fjordparken-53-4300-holbaek-1083468908
Klostermøllevej 10,7770,Vestervig,2195000,Villa/Parcelhus,183,7.0,1910,D,214,125.0,648.0,7589.0,56.77057,8.28192,https://www.boliga.dk/adresse/klostermoellevej-10-7770-vestervig-2107290939
Slåenvænget 16,4760,Vordingborg,2895000,Fritidshus,87,3.0,1962,-,204,125.1,3832.0,3766.0,55.01276,11.85981,https://www.boliga.dk/adresse/slaaenvaenget-16-4760-vordingborg-1248365461
Vesttoften 32,4040,Jyllinge,11900000,Villa/Parcelhus,225,8.0,2008,K,117,125.2,5527.0,4675.0,55.76567,12.08966,https://www.boliga.dk/adresse/vesttoften-32-4040-jyllinge-831546464
Niels Tvillings Vej 6,9970,Strandby,2195000,Villa/Parcelhus,124,4.0,2023,K,135,125.3,2869.0,892.0,57.49348,10.50005,https://www.boliga.dk/adresse/niels-tvillings-vej-6-9970-strandby-1790239920
Gyvelvej 7,3600,Frederikssund,5995000,Villa/Parcelhus,156,6.0,1969,B,87,125.4,4338.0,3549.0,55.84736,12.04638,https://www.boliga.dk/adresse/gyvelvej-7-3600-frederikssund-335115134
Markeslev Huse 36,4300,Holbæk,5950000,Fritidshus,134,5.0,2004,-,160,125.4,1276.0,1783.0,55.73674,11.71513,https://www.boliga.dk/adresse/markeslev-huse-36-4300-holbaek-1381847964
Søndre Havnevej 7,2920,Charlottenlund,8385000,Villa/Parcelhus,71,3.0,1905,f,142,125.5,7161.0,2176.0,55.76084,12.59803,https://www.boliga.dk/adresse/soendre-havnevej-7-2920-charlottenlund-1623666157
"Kollundsvej 12, Østerballe",5450,Otterup,2795000,Fritidshus,108,4.0,1967,-,42,125.6,4383.0,8848.0,55.55069,10.49108,https://www.boliga.dk/adresse/kollundsvej-12-5450-otterup-1274131046
"Østre Strandvej 6, Gamløse",4305,Orø,2750000,Fritidshus,54,3.0,1973,-,158,125.6,3692.0,7807.0,55.75913,11.83155,https://www.boliga.dk/adresse/oestre-strandvej-6-4305-oroe-1265106873
Strandmøllevej 100B,4300,Holbæk,5645000,Villa/Parcelhus,181,5.0,1997,B,121,125.6,3638.0,4106.0,55.7189,11.73583,https://www.boliga.dk/adresse/strandmoellevej-100b-4300-holbaek-1602135016
"Langsand 176, st.",6960,Hvide Sande,1745000,Fritidshus,54,2.0,2021,-,3,125.6,452.0,496.0,56.00713,8.13435,https://www.boliga.dk/adresse/langsand-176-st-6960-hvide-sande-1744881596
Svendborgvej 201,5600,Faaborg,2195000,Fritidshus,196,6.0,1949,B,382,125.7,6671.0,7605.0,55.08235,10.2824,https://www.boliga.dk/adresse/svendborgvej-201-5600-faaborg-1181969965
"Vorbækvej 27, Saksild Str",8300,Odder,2995000,Fritidshus,69,3.0,1970,-,22,125.8,3835.0,4177.0,55.9832,10.25022,https://www.boliga.dk/adresse/vorbaekvej-27-8300-odder-1617628595
Egholmvej 38,5600,Faaborg,3995000,Fritidshus,80,4.0,1975,-,161,125.8,1049.0,13213.0,55.09145,10.12994,https://www.boliga.dk/adresse/egholmvej-38-5600-faaborg-1527653649
Dyrehavevej 26,5800,Nyborg,4995000,Villa/Parcelhus,227,6.0,1907,C,157,125.9,6432.0,6072.0,55.30665,10.78432,https://www.boliga.dk/adresse/dyrehavevej-26-5800-nyborg-421715292
Banevej 11,9560,Hadsund,2245000,Villa/Parcelhus,191,7.0,1973,C,160,126.1,2525.0,2826.0,56.71087,10.11972,https://www.boliga.dk/adresse/banevej-11-9560-hadsund-1775692500
Osbornsvej 89,9370,Hals,4995000,Fritidshus,130,3.0,2020,-,157,126.1,6205.0,4018.0,57.01704,10.35356,https://www.boliga.dk/adresse/osbornsvej-89-9370-hals-787556817
Brinken 6A,4600,Køge,3865000,Villa/Parcelhus,149,4.0,1972,c,104,126.2,3800.0,8330.0,55.41485,12.25104,https://www.boliga.dk/adresse/brinken-6a-4600-koege-1661413564
Brogade 28,5900,Rudkøbing,895000,Fritidshus,101,4.0,1852,D,255,126.3,1828.0,2826.0,54.93737,10.70743,https://www.boliga.dk/adresse/brogade-28-5900-rudkoebing-926690593
Havnebyvej 57B,6792,Rømø,1650000,Ejerlejlighed,117,4.0,2006,-,41,126.4,8651.0,12438.0,55.13481,8.55005,https://www.boliga.dk/adresse/havnebyvej-57b-6792-roemoe-165946623
"Storkenhøjvej 145, Fogense Enge",5400,Bogense,5495000,Fritidshus,106,4.0,2001,-,7,126.4,7793.0,1366.0,55.55711,10.04441,https://www.boliga.dk/adresse/storkenhoejvej-145-5400-bogense-1914139900
"Lodsvej 117, Sellerup Strand",7080,Børkop,2275000,Fritidshus,59,3.0,1951,-,4,126.5,5270.0,4004.0,55.69074,9.66798,https://www.boliga.dk/adresse/lodsvej-117-7080-boerkop-1381649352
Vestre Strandvej 34,9990,Skagen,7775000,Villa/Parcelhus,160,5.0,1880,c,437,126.6,2056.0,659.0,57.71756,10.58136,https://www.boliga.dk/adresse/vestre-strandvej-34-9990-skagen-1354120757
"Lyngvej 24, Bredfjed",4970,Rødby,2495000,Fritidshus,56,3.0,2005,-,94,126.8,2985.0,1181.0,54.6856,11.30045,https://www.boliga.dk/adresse/lyngvej-24-4970-roedby-2058799364
"Ørnevej 15, Gniben",4583,Sjællands Odde,2195000,Fritidshus,119,5.0,2006,-,122,126.9,4265.0,18923.0,55.99025,11.28884,https://www.boliga.dk/adresse/oernevej-15-4583-sjaellands-odde-498620255
Fiskergade 23,4880,Nysted,975000,Fritidshus,117,3.0,1965,C,109,126.9,1762.0,778.0,54.66224,11.73277,https://www.boliga.dk/adresse/fiskergade-23-4880-nysted-751034024
Haulundsvej 120,9300,Sæby,2295000,Fritidshus,68,3.0,1969,-,155,126.9,4215.0,3276.0,57.34541,10.51996,https://www.boliga.dk/adresse/haulundsvej-120-9300-saeby-401895726
Strandmarksvej 39,3630,Jægerspris,5495000,Fritidshus,118,3.0,2006,-,106,127.0,3572.0,2339.0,55.81948,12.03407,https://www.boliga.dk/adresse/strandmarksvej-39-3630-jaegerspris-1693363913
Strandgade 1,9300,Sæby,3795000,Villa/Parcelhus,155,6.0,1750,C,435,127.0,3535.0,2318.0,57.33343,10.5274,https://www.boliga.dk/adresse/strandgade-1-9300-saeby-1059122724
"Kongsdalparken 20, Assens",9550,Mariager,995000,Helårsgrund,0,0.0,0,-,2868,127.0,2945.0,6496.0,56.68203,10.07254,https://www.boliga.dk/adresse/kongsdalparken-20-9550-mariager-5150197
"Løbet 5, Lønstrup",9800,Hjørring,4145000,Fritidshus,120,4.0,2022,-,584,127.1,2690.0,637.0,57.46662,9.78957,https://www.boliga.dk/adresse/loebet-5-9800-hjoerring-26014666
Kristiansmindevej 8,5450,Otterup,4495000,Fritidshus,183,7.0,1920,-,546,127.2,3749.0,10778.0,55.58418,10.42228,https://www.boliga.dk/adresse/kristiansmindevej-8-5450-otterup-1545644818
Teglgårdsvej 80A,5500,Middelfart,7250000,Villa/Parcelhus,164,4.0,2001,K,86,127.2,5447.0,987.0,55.49538,9.72009,https://www.boliga.dk/adresse/teglgaardsvej-80a-5500-middelfart-714674792
"Rosenvej 92, Pillemark",8305,Samsø,6245000,Fritidshus,105,4.0,2004,-,164,127.2,1995.0,4002.0,55.8238,10.52776,https://www.boliga.dk/adresse/rosenvej-92-8305-samsoe-1888053513
"Strandengen 18, Kulhuse",3630,Jægerspris,1750000,Fritidshus,77,5.0,1972,-,9,127.2,4538.0,5547.0,55.9291,11.9533,https://www.boliga.dk/adresse/strandengen-18-3630-jaegerspris-1039774882
Klostermøllevej 21,7770,Vestervig,2395000,Villa/Parcelhus,220,5.0,1910,C,162,127.3,674.0,7635.0,56.77081,8.2813,https://www.boliga.dk/adresse/klostermoellevej-21-7770-vestervig-1329733237
Gedser Feriepark 42,4874,Gedser,650000,Fritidshus,42,3.0,1988,-,36,127.3,2737.0,1082.0,54.5839,11.92369,https://www.boliga.dk/adresse/gedser-feriepark-42-4874-gedser-2062986928
"Hulvejen 13, Als",9560,Hadsund,3995000,Fritidshus,183,4.0,1934,C,81,127.5,5912.0,1023.0,56.75634,10.2952,https://www.boliga.dk/adresse/hulvejen-13-9560-hadsund-478694144
"Spætmejsevej 13, Draget",7760,Hurup Thy,1375000,Fritidshus,80,4.0,1973,-,163,127.5,2129.0,3563.0,56.67503,8.38986,https://www.boliga.dk/adresse/spaetmejsevej-13-7760-hurup-thy-1843948649
Skelbakken 31,4550,Asnæs,9495000,Fritidshus,167,7.0,1992,-,84,127.5,2519.0,3176.0,55.84623,11.46579,https://www.boliga.dk/adresse/skelbakken-31-4550-asnaes-2029454727
Øresunds Alle 66,2791,Dragør,12495000,Villa/Parcelhus,171,4.0,2019,J,170,127.6,8156.0,3500.0,55.60101,12.66965,https://www.boliga.dk/adresse/oeresunds-alle-66-2791-dragoer-626371460
Sivmarken 2,3390,Hundested,5495000,Fritidshus,176,6.0,2009,-,72,127.7,4620.0,2398.0,55.94568,11.90186,https://www.boliga.dk/adresse/sivmarken-2-3390-hundested-1243877593
"Crownvej 20, Vrist",7673,Harboøre,2995000,Fritidshus,104,4.0,1947,-,385,127.9,1105.0,8200.0,56.60051,8.14499,https://www.boliga.dk/adresse/crownvej-20-7673-harbooere-643273775
"Frejasvej 9A, Søndbjerg",7790,Thyholm,3475000,Fritidshus,98,4.0,2009,-,121,127.9,1544.0,4826.0,56.61184,8.58978,https://www.boliga.dk/adresse/frejasvej-9a-7790-thyholm-1833107599
Brokbjergstrand 19,4583,Sjællands Odde,7200000,Fritidshus,109,4.0,2020,-,118,127.9,1609.0,16228.0,55.98112,11.32971,https://www.boliga.dk/adresse/brokbjergstrand-19-4583-sjaellands-odde-156970097
"Enebærvej 10, Stauning",6900,Skjern,1595000,Fritidshus,81,4.0,1957,-,130,128.0,1914.0,3182.0,56.0058,8.31324,https://www.boliga.dk/adresse/enebaervej-10-6900-skjern-361269597
"Fyrvej 10, Bisnap",9370,Hals,1798000,Fritidshus,69,3.0,1985,-,284,128.1,7113.0,3445.0,57.0051,10.34525,https://www.boliga.dk/adresse/fyrvej-10-9370-hals-1621955078
Bakkevænget 2,3210,Vejby,6500000,Fritidsgrund,0,0.0,0,-,171,128.1,3977.0,1170.0,56.08443,12.13008,https://www.boliga.dk/adresse/bakkevaenget-2-3210-vejby-1858472387
Gedser Feriepark 6,4874,Gedser,569000,Fritidshus,42,3.0,1988,-,125,128.1,2868.0,961.0,54.5828,11.9245,https://www.boliga.dk/adresse/gedser-feriepark-6-4874-gedser-1103298437
Storstrømsvej 34,4862,Guldborg,1350000,Villa/Parcelhus,160,7.0,1929,E,56,128.2,1378.0,8641.0,54.8738,11.75544,https://www.boliga.dk/adresse/storstroemsvej-34-4862-guldborg-590962722
Strandmarksvej 37,3630,Jægerspris,3745000,Fritidshus,74,3.0,1985,-,106,128.3,3557.0,2322.0,55.81975,12.03401,https://www.boliga.dk/adresse/strandmarksvej-37-3630-jaegerspris-739690617
Fægangsvej 49,8585,Glesborg,1295000,Fritidshus,152,4.0,1971,D,1182,128.3,589.0,9234.0,56.52967,10.71714,https://www.boliga.dk/adresse/faegangsvej-49-8585-glesborg-1212162069
"Sneppevej 24, Bremdal",7600,Struer,2995000,Fritidshus,168,4.0,1987,C,156,128.3,2246.0,1599.0,56.50628,8.58723,https://www.boliga.dk/adresse/sneppevej-24-7600-struer-1403955606
"Hjarbækvej 7, Hjarbæk",8831,Løgstrup,1995000,Villa/Parcelhus,182,6.0,1929,D,448,128.4,3326.0,2396.0,56.53013,9.32051,https://www.boliga.dk/adresse/hjarbaekvej-7-8831-loegstrup-2070296789
"Rørsangervænget 8, Sortsø",4850,Stubbekøbing,1375000,Fritidshus,58,3.0,1975,-,191,128.4,2835.0,4294.0,54.92781,11.97658,https://www.boliga.dk/adresse/roersangervaenget-8-4850-stubbekoebing-1097834988
Kærsangervej 25,4300,Holbæk,7995000,Villa/Parcelhus,197,4.0,1999,B,94,128.5,3179.0,1443.0,55.71704,11.68659,https://www.boliga.dk/adresse/kaersangervej-25-4300-holbaek-2134956687
"Brinken 78, Strøby Egede",4600,Køge,2695000,Fritidshus,58,3.0,1999,-,98,128.5,2958.0,7760.0,55.41152,12.26396,https://www.boliga.dk/adresse/brinken-78-4600-koege-2067256708
"Østerballevej 101, Hasmark Strand",5450,Otterup,1825000,Fritidshus,60,3.0,2010,-,98,128.6,3723.0,8890.0,55.55536,10.47951,https://www.boliga.dk/adresse/oesterballevej-101-5450-otterup-534291354
Strandengen 22,4000,Roskilde,9695000,Villa/Parcelhus,144,5.0,1936,C,67,128.6,3475.0,303.0,55.65032,12.08351,https://www.boliga.dk/adresse/strandengen-22-4000-roskilde-2067357189
Snødervej 2,7830,Vinderup,3195000,Fritidshus,108,5.0,1973,-,174,128.7,1352.0,6477.0,56.47092,8.69325,https://www.boliga.dk/adresse/snoedervej-2-7830-vinderup-646716741
"Vester Fælled 48, Nr Bork",6893,Hemmet,1350000,Fritidshus,63,4.0,1977,-,59,128.9,3012.0,855.0,55.8464,8.27838,https://www.boliga.dk/adresse/vester-faelled-48-6893-hemmet-473671496
Poppelvej 72,2791,Dragør,9495000,Villa/Parcelhus,241,7.0,1976,B,130,128.9,8559.0,7478.0,55.56528,12.61104,https://www.boliga.dk/adresse/poppelvej-72-2791-dragoer-804894895
"Agerøvej 18, V Hvidbjerg",7960,Karby,2995000,Villa/Parcelhus,277,7.0,1870,C,519,128.9,1683.0,6523.0,56.73291,8.58124,https://www.boliga.dk/adresse/ageroevej-18-7960-karby-1227622708
Dalsgårdvej 12,6300,Gråsten,1795000,Villa/Parcelhus,108,3.0,1827,-,1225,128.9,3066.0,2997.0,54.89328,9.57654,https://www.boliga.dk/adresse/dalsgaardvej-12-6300-graasten-1257495254
Lindeparken 14,8410,Rønde,2995000,Fritidshus,80,3.0,2012,-,164,129.0,968.0,1951.0,56.29532,10.42404,https://www.boliga.dk/adresse/lindeparken-14-8410-roende-1517856631
Grønnegade 10,4720,Præstø,3645000,Villa/Parcelhus,198,5.0,1961,C,902,129.0,1869.0,1067.0,55.12317,12.04254,https://www.boliga.dk/adresse/groennegade-10-4720-praestoe-1702739684
Dyrehavevej 14,5800,Nyborg,3195000,Villa/Parcelhus,202,7.0,1902,E,116,129.2,6535.0,6189.0,55.3077,10.78487,https://www.boliga.dk/adresse/dyrehavevej-14-5800-nyborg-1007994663
"Gl Krovej 14, Øster Hurup",9560,Hadsund,1795000,Fritidshus,66,3.0,1952,-,51,129.2,3822.0,480.0,56.8024,10.27426,https://www.boliga.dk/adresse/gl-krovej-14-9560-hadsund-997736048
Kirkevej 5,9970,Strandby,2695000,Villa/Parcelhus,147,4.0,1897,D,130,129.3,2839.0,876.0,57.49313,10.50019,https://www.boliga.dk/adresse/kirkevej-5-9970-strandby-1077227403
Fasanvej 39,7600,Struer,1695000,Villa/Parcelhus,117,3.0,1949,D,824,129.4,2112.0,1747.0,56.50758,8.58781,https://www.boliga.dk/adresse/fasanvej-39-7600-struer-1559873179
Skansevej 9,4880,Nysted,1495000,Fritidshus,145,4.0,1947,C,56,129.5,1738.0,843.0,54.66148,11.73359,https://www.boliga.dk/adresse/skansevej-9-4880-nysted-629547906
Gyldenbjergvænget 24,4983,Dannemare,595000,Fritidsgrund,0,0.0,0,-,125,129.6,830.0,5981.0,54.72415,11.1768,https://www.boliga.dk/adresse/gyldenbjergvaenget-24-4983-dannemare-1945458043
Nordhavnsvej 7,7800,Skive,1475000,Villa/Parcelhus,148,6.0,1943,C,514,129.8,3554.0,1608.0,56.57025,9.04979,https://www.boliga.dk/adresse/nordhavnsvej-7-7800-skive-661746437
"Kystvej 39, Tørslev Hage",3630,Jægerspris,2595000,Fritidshus,53,3.0,2002,-,159,129.8,3956.0,3437.0,55.81181,12.04645,https://www.boliga.dk/adresse/kystvej-39-3630-jaegerspris-522581760
Strandvej 4,6340,Kruså,3795000,Fritidshus,117,5.0,2003,c,898,129.9,2454.0,4025.0,54.87287,9.51202,https://www.boliga.dk/adresse/strandvej-4-6340-krusaa-211924385
Reedtzholmvej 183,4736,Karrebæksminde,4750000,Fritidshus,124,4.0,2005,-,92,130.2,4452.0,9867.0,55.17341,11.66888,https://www.boliga.dk/adresse/reedtzholmvej-183-4736-karrebaeksminde-1261850636
"Havstien 9, Vesterø Havn",9940,Læsø,2950000,Fritidshus,72,4.0,1969,-,34,130.2,3166.0,2400.0,57.28925,10.92028,https://www.boliga.dk/adresse/havstien-9-9940-laesoe-1246632308
"Feriebyen 142, Gilbjerg",3250,Gilleleje,3695000,Fritidshus,71,3.0,1986,-,25,130.4,1629.0,7387.0,56.12377,12.26193,https://www.boliga.dk/adresse/feriebyen-142-3250-gilleleje-674279889
Sø Bugten 26,7900,Nykøbing M,1500000,Fritidshus,138,4.0,1938,d,1451,130.4,1490.0,6405.0,56.91434,8.82854,https://www.boliga.dk/adresse/soe-bugten-26-7900-nykoebing-m-915575499
Askø Strandvig 219,4942,Askø,895000,Fritidshus,53,3.0,2006,-,580,130.5,8546.0,7583.0,54.89031,11.50602,https://www.boliga.dk/adresse/askoe-strandvig-219-4942-askoe-1000545885
Østerbrogade 91,5600,Faaborg,3695000,Villa/Parcelhus,123,5.0,1900,C,486,130.5,7293.0,9621.0,55.09047,10.25313,https://www.boliga.dk/adresse/oesterbrogade-91-5600-faaborg-1982537266
"Toftevej 4, Centralt i Sundby",4800,Nykøbing F,2095000,Villa/Parcelhus,159,5.0,1946,D,360,130.6,2915.0,1846.0,54.76741,11.85394,https://www.boliga.dk/adresse/toftevej-4-4800-nykoebing-f-836839077
Carlsensvej 29,4600,Køge,6295000,Villa/Parcelhus,163,5.0,1926,E,329,130.7,6836.0,5616.0,55.45168,12.18734,https://www.boliga.dk/adresse/carlsensvej-29-4600-koege-967782022
Strandhusene 42,2670,Greve,1595000,Fritidshus,27,2.0,1965,-,14,130.9,6018.0,1728.0,55.58384,12.31949,https://www.boliga.dk/adresse/strandhusene-42-2670-greve-1769778727
Gudnæsvej 12,7755,Bedsted Thy,1275000,Villa/Parcelhus,289,6.0,1856,E,50,131.0,1803.0,7950.0,56.8078,8.51924,https://www.boliga.dk/adresse/gudnaesvej-12-7755-bedsted-thy-1599704715
Klintevej 24,4654,Faxe Ladeplads,6195000,Villa/Parcelhus,120,4.0,1993,d,20,131.2,4908.0,5379.0,55.21854,12.17482,https://www.boliga.dk/adresse/klintevej-24-4654-faxe-ladeplads-733667200
"Fyrvej 6, Bisnap",9370,Hals,1998000,Fritidshus,138,6.0,1985,-,284,131.2,7126.0,3440.0,57.00494,10.34512,https://www.boliga.dk/adresse/fyrvej-6-9370-hals-1157069946
"Rughavevej 7, Ajstrup Strand",8340,Malling,3498000,Fritidshus,90,5.0,1939,-,165,131.2,3947.0,9340.0,56.03822,10.26847,https://www.boliga.dk/adresse/rughavevej-7-8340-malling-1977037290
"Ndr. Strandvej 49, Nexø",3730,Nexø,1395000,Villa/Parcelhus,132,5.0,1915,D,72,131.3,800.0,1443.0,55.06853,15.13574,https://www.boliga.dk/adresse/ndr-strandvej-49-3730-nexoe-236973903
Jernbanegade 5,9560,Hadsund,935000,Villa/Parcelhus,126,4.0,1901,C,673,131.3,2569.0,2114.0,56.71716,10.11747,https://www.boliga.dk/adresse/jernbanegade-5-9560-hadsund-1129781311
"Hærvej 23, Lyngs Torp",7790,Thyholm,1295000,Fritidshus,72,4.0,1973,-,14,131.4,2639.0,2911.0,56.67081,8.43098,https://www.boliga.dk/adresse/haervej-23-7790-thyholm-463792143
Nørrebjerg 1B,7620,Lemvig,2645000,Fritidshus,145,5.0,2009,C,232,131.4,2345.0,3176.0,56.55283,8.31076,https://www.boliga.dk/adresse/noerrebjerg-1b-7620-lemvig-1520180228
Dyrehavevej 47,5800,Nyborg,6850000,Villa/Parcelhus,320,7.0,1925,d,98,131.5,6359.0,5960.0,55.30564,10.78432,https://www.boliga.dk/adresse/dyrehavevej-47-5800-nyborg-1686510380
Svalemosevej 42,4671,Strøby,2995000,Fritidshus,88,3.0,1971,-,24,131.7,969.0,6331.0,55.40001,12.30064,https://www.boliga.dk/adresse/svalemosevej-42-4671-stroeby-997005199
"Krikanden 17, Gjøl",9440,Aabybro,1798000,Fritidshus,90,4.0,1962,-,456,131.7,4396.0,5105.0,57.07333,9.67695,https://www.boliga.dk/adresse/krikanden-17-9440-aabybro-2004446291
Bruserup Strandvej 7,4873,Væggerløse,2750000,Villa/Parcelhus,166,4.0,1908,-,31,131.7,270.0,6258.0,54.66832,11.87348,https://www.boliga.dk/adresse/bruserup-strandvej-7-4873-vaeggerloese-207111573
Brinken 116,4600,Køge,2995000,Villa/Parcelhus,82,4.0,1966,c,14,131.8,2530.0,7456.0,55.40942,12.27003,https://www.boliga.dk/adresse/brinken-116-4600-koege-1894285941
Enebærvej 3,4760,Vordingborg,1395000,Fritidshus,80,5.0,1965,-,92,131.8,4221.0,3047.0,55.00658,11.87285,https://www.boliga.dk/adresse/enebaervej-3-4760-vordingborg-1122078023
"Stensmarkvej 50, Stensmark",8500,Grenaa,4198000,Fritidshus,58,3.0,1984,-,14,131.9,970.0,2636.0,56.45832,10.93977,https://www.boliga.dk/adresse/stensmarkvej-50-8500-grenaa-1235179091
"Hermesvej 13, Holme Strand",8400,Ebeltoft,5499000,Fritidshus,92,4.0,1996,-,392,131.9,4277.0,4122.0,56.23078,10.74722,https://www.boliga.dk/adresse/hermesvej-13-8400-ebeltoft-1487873940
"Gabet 7, Lønstrup",9800,Hjørring,3395000,Fritidshus,124,5.0,1985,-,60,131.9,2776.0,513.0,57.46512,9.78844,https://www.boliga.dk/adresse/gabet-7-9800-hjoerring-1588861234
"Ternevej 7, Langø",4900,Nakskov,1195000,Villa/Parcelhus,200,6.0,1974,C,28,132.0,2940.0,8851.0,54.81415,11.02335,https://www.boliga.dk/adresse/ternevej-7-4900-nakskov-54552751
"Søndergade 75, Hou",9370,Hals,1995000,Fritidshus,102,4.0,1966,-,156,132.1,4849.0,6436.0,57.04656,10.36977,https://www.boliga.dk/adresse/soendergade-75-9370-hals-459836865
Dråbystræde 54,7900,Nykøbing M,740000,Fritidshus,127,4.0,1967,d,379,132.2,1086.0,8917.0,56.88539,8.84111,https://www.boliga.dk/adresse/draabystraede-54-7900-nykoebing-m-1215734472
Lærkevænget 7,4800,Nykøbing F,4995000,Villa/Parcelhus,223,6.0,1967,c,29,132.2,2743.0,2144.0,54.77377,11.84658,https://www.boliga.dk/adresse/laerkevaenget-7-4800-nykoebing-f-1212166100
"Dalevej 27, Vejlby",7673,Harboøre,3495000,Fritidshus,167,7.0,1999,-,8,132.3,2706.0,6406.0,56.58476,8.13835,https://www.boliga.dk/adresse/dalevej-27-7673-harbooere-1563191590
Spættevej 9+11,4720,Præstø,11000000,Fritidshus,188,4.0,1997,-,69,132.5,2333.0,8075.0,55.09881,12.16822,https://www.boliga.dk/adresse/spaettevej-9--11-4720-praestoe-13785003
"Fjorddalsvej 33, Markeslev",4300,Holbæk,3245000,Fritidshus,112,4.0,2008,-,161,132.5,2466.0,2403.0,55.74019,11.73957,https://www.boliga.dk/adresse/fjorddalsvej-33-4300-holbaek-1497144874
"Svinget 4, Sunddraget",7790,Thyholm,4195000,Fritidshus,155,5.0,2024,-,58,132.6,2552.0,6898.0,56.58294,8.52991,https://www.boliga.dk/adresse/svinget-4-7790-thyholm-364514880
Strandvejen 240A,2920,Charlottenlund,9995000,Villa/Parcelhus,72,4.0,1858,f,129,132.7,7095.0,2172.0,55.76022,12.59791,https://www.boliga.dk/adresse/strandvejen-240a-2920-charlottenlund-2006893304
Grindevej 23,9480,Løkken,1795000,Fritidshus,117,4.0,1968,-,737,132.7,2112.0,5251.0,57.4195,9.75191,https://www.boliga.dk/adresse/grindevej-23-9480-loekken-148094289
Kelstrup Strandvænge 3,6100,Haderslev,1995000,Fritidshus,127,5.0,1918,d,6,132.7,2421.0,1524.0,55.19387,9.58617,https://www.boliga.dk/adresse/kelstrup-strandvaenge-3-6100-haderslev-376910162
Langsand 220,6960,Hvide Sande,2098000,Fritidshus,50,3.0,2023,-,28,132.8,570.0,412.0,56.00677,8.13256,https://www.boliga.dk/adresse/langsand-220-6960-hvide-sande-437396536
Rønnestvej 16,9900,Frederikshavn,2995000,Villa/Parcelhus,140,4.0,1944,B,443,132.8,1622.0,2996.0,57.42063,10.52543,https://www.boliga.dk/adresse/roennestvej-16-9900-frederikshavn-1046779310
"Fr.Olsensvej 8, Allerup",4300,Holbæk,3295000,Helårsgrund,0,2.0,0,-,115,132.9,3878.0,291.0,55.7144,11.66848,https://www.boliga.dk/adresse/frolsensvej-8-4300-holbaek-780967396
"Fuglesangvej 21, Midskov",5370,Mesinge,1495000,Fritidshus,32,2.0,1961,-,8,132.9,4410.0,12088.0,55.52156,10.6007,https://www.boliga.dk/adresse/fuglesangvej-21-5370-mesinge-1212621143
"Lyngholmen 5, Svallerup",4400,Kalundborg,1855000,Fritidshus,76,4.0,1961,-,147,132.9,1112.0,4483.0,55.598,11.14316,https://www.boliga.dk/adresse/lyngholmen-5-4400-kalundborg-762030240
"Øleddet 9, Bogensø",5390,Martofte,5850000,Fritidshus,121,5.0,2015,-,455,132.9,5234.0,13075.0,55.53335,10.62129,https://www.boliga.dk/adresse/oeleddet-9-5390-martofte-1473411109
Engsvinget 13B,2680,Solrød Strand,7795000,Villa/Parcelhus,182,6.0,1984,b,339,133.0,4361.0,5150.0,55.51083,12.20677,https://www.boliga.dk/adresse/engsvinget-13b-2680-solroed-strand-1674761632
Grebjerg 10,9440,Aabybro,2195000,Villa/Parcelhus,181,7.0,1890,b,195,133.1,5219.0,3885.0,57.06526,9.69775,https://www.boliga.dk/adresse/grebjerg-10-9440-aabybro-2044658988
Strandvej 16,4900,Nakskov,1698000,Villa/Parcelhus,180,4.0,1918,d,36,133.1,1660.0,3262.0,54.83365,11.11341,https://www.boliga.dk/adresse/strandvej-16-4900-nakskov-1874147386
"Vesterø Havnegade 3, Vesterø Havn",9940,Læsø,1995000,Fritidshus,62,4.0,1923,D,71,133.2,3708.0,2765.0,57.29379,10.92358,https://www.boliga.dk/adresse/vesteroe-havnegade-3-9940-laesoe-119384250
Strandvejen 252C,2920,Charlottenlund,5995000,Villa/Parcelhus,51,3.0,1880,-,37,133.2,7214.0,2167.0,55.76131,12.59791,https://www.boliga.dk/adresse/strandvejen-252c-2920-charlottenlund-1786513500
"Klintvej 80, Klint",4500,Nykøbing Sj,6495000,Fritidshus,88,4.0,1963,-,214,133.3,4304.0,1215.0,55.94921,11.60118,https://www.boliga.dk/adresse/klintvej-80-4500-nykoebing-sj-1043077750
Rønnestvej 10,9900,Frederikshavn,695000,Villa/Parcelhus,75,2.0,1965,D,309,133.3,1592.0,3039.0,57.42025,10.52551,https://www.boliga.dk/adresse/roennestvej-10-9900-frederikshavn-402924214
Norsmindevej 166,8340,Malling,15900000,Villalejlighed,277,7.0,1900,c,58,133.4,2510.0,7853.0,56.02736,10.25311,https://www.boliga.dk/adresse/norsmindevej-166-8340-malling-2089101882
Karensvej 11,4573,Højby,14800000,Fritidshus,132,7.0,1969,-,132,133.5,3007.0,6054.0,55.91193,11.52839,https://www.boliga.dk/adresse/karensvej-11-4573-hoejby-1593330431
"Trondsvej 22, 2. mf, Midtbyen",9990,Skagen,3150000,Fritidshus,78,3.0,2010,B,533,133.5,1948.0,563.0,57.71996,10.58656,https://www.boliga.dk/adresse/trondsvej-22-2-mf-9990-skagen-393919237
"Klitvej 6, Agger",7770,Vestervig,2475000,Fritidshus,75,3.0,1956,-,144,134.1,2306.0,9650.0,56.78807,8.23326,https://www.boliga.dk/adresse/klitvej-6-7770-vestervig-1065606312
Mariagervej 68,9560,Hadsund,2975000,Fritidshus,144,5.0,1949,C,85,134.1,2289.0,3651.0,56.70324,10.11501,https://www.boliga.dk/adresse/mariagervej-68-9560-hadsund-971133088
Stenstrupsgade 7,9900,Frederikshavn,1195000,Villa/Parcelhus,107,3.0,1908,c,85,134.1,2454.0,1869.0,57.43161,10.52738,https://www.boliga.dk/adresse/stenstrupsgade-7-9900-frederikshavn-2101172178
"Kanekærvej 16, Kelstrup",6100,Haderslev,1995000,Fritidshus,55,4.0,1960,-,164,134.3,2583.0,1002.0,55.18857,9.57495,https://www.boliga.dk/adresse/kanekaervej-16-6100-haderslev-744920638
"Petersvej 2, Lyngså",9300,Sæby,2995000,Fritidshus,96,4.0,2006,-,84,134.4,2290.0,1498.0,57.25626,10.54742,https://www.boliga.dk/adresse/petersvej-2-9300-saeby-838361187
"Nygade 16, Lendemarke",4780,Stege,1595000,Villa/Parcelhus,146,10.0,1887,C,7,134.5,2435.0,656.0,54.98044,12.2792,https://www.boliga.dk/adresse/nygade-16-4780-stege-335751900
"Kongsdalparken 77, Assens",9550,Mariager,1295000,Helårsgrund,0,0.0,0,-,2856,134.6,2905.0,6488.0,56.68256,10.07052,https://www.boliga.dk/adresse/kongsdalparken-77-9550-mariager-1268779711
Hamiltonvej 21B,9990,Skagen,14000000,Fritidshus,82,3.0,1978,-,419,134.6,1634.0,2727.0,57.73475,10.53907,https://www.boliga.dk/adresse/hamiltonvej-21b-9990-skagen-1550966832
"Lodbergsvej 297, Søndervig",6950,Ringkøbing,4350000,Fritidshus,117,3.0,2003,-,80,134.6,7525.0,775.0,56.1256,8.11167,https://www.boliga.dk/adresse/lodbergsvej-297-6950-ringkoebing-107471869
Kristiansens Løkke 3,3740,Svaneke,1250000,Villa/Parcelhus,76,3.0,1962,E,142,134.8,1556.0,2727.0,55.13843,15.1439,https://www.boliga.dk/adresse/kristiansens-loekke-3-3740-svaneke-440906127
Bentvedsvej 19,4581,Rørvig,15000000,Fritidshus,153,5.0,1971,-,92,134.8,6501.0,5833.0,55.96053,11.7864,https://www.boliga.dk/adresse/bentvedsvej-19-4581-roervig-288304707
Korsebøllevej 16,5953,Tranekær,6995000,Villalejlighed,96,5.0,1822,K,115,134.9,2021.0,9034.0,55.01611,10.82856,https://www.boliga.dk/adresse/korseboellevej-16-5953-tranekaer-1243333727
"Ravnsvej 15, Hegedal Strand",8585,Glesborg,3495000,Fritidshus,44,1.0,1995,-,114,134.9,5320.0,1456.0,56.51246,10.54942,https://www.boliga.dk/adresse/ravnsvej-15-8585-glesborg-837716743
"Højbovej 16, Egsmark Strand",8400,Ebeltoft,3750000,Fritidshus,98,5.0,1951,-,666,134.9,5191.0,1270.0,56.22727,10.65394,https://www.boliga.dk/adresse/hoejbovej-16-8400-ebeltoft-191001010
"Enø Kystvej 37, Enø",4736,Karrebæksminde,1495000,Fritidshus,37,3.0,1955,-,177,134.9,3959.0,10127.0,55.17553,11.65393,https://www.boliga.dk/adresse/enoe-kystvej-37-4736-karrebaeksminde-973229337
Skrænten 2,9560,Hadsund,925000,Villa/Parcelhus,106,5.0,1951,D,111,135.0,2204.0,2294.0,56.71543,10.11231,https://www.boliga.dk/adresse/skraenten-2-9560-hadsund-1732707798
"Julivej 8, Skal Klit",9800,Hjørring,3195000,Fritidshus,89,5.0,1993,-,311,135.1,2830.0,5407.0,57.50126,9.84381,https://www.boliga.dk/adresse/julivej-8-9800-hjoerring-354853400
Enebærvej 7,9370,Hals,2080000,Fritidshus,78,4.0,2017,-,259,135.2,6990.0,3485.0,57.00657,10.3462,https://www.boliga.dk/adresse/enebaervej-7-9370-hals-269229962
"Strandvang 29, Lindenborg",4000,Roskilde,3995000,Fritidshus,98,4.0,2017,-,156,135.2,2006.0,1931.0,55.64743,11.93744,https://www.boliga.dk/adresse/strandvang-29-4000-roskilde-1258982710
"Hjertegræsset 37, Langø",5390,Martofte,2995000,Fritidshus,77,4.0,1969,-,82,135.3,8966.0,15320.0,55.56599,10.60698,https://www.boliga.dk/adresse/hjertegraesset-37-5390-martofte-950779925
Spangbergsvej 44,7700,Thisted,2395000,Villa/Parcelhus,143,5.0,1948,C,219,135.3,2389.0,2236.0,56.95359,8.71047,https://www.boliga.dk/adresse/spangbergsvej-44-7700-thisted-1475450708
"Varnæshoved 4, Varnæs",6200,Aabenraa,9995000,Villalejlighed,225,9.0,1882,D,552,135.4,2979.0,8853.0,55.0426,9.57704,https://www.boliga.dk/adresse/varnaeshoved-4-6200-aabenraa-99248468
"Vindebyørevej 36, Tåsinge",5700,Svendborg,4995000,Villa/Parcelhus,154,6.0,1957,D,2,135.4,3979.0,857.0,55.0516,10.62673,https://www.boliga.dk/adresse/vindebyoerevej-36-5700-svendborg-1244186560
"Rågelejevej 166, Rågeleje",3210,Vejby,2495000,Fritidshus,65,3.0,1935,-,168,135.6,2660.0,2688.0,56.09746,12.15924,https://www.boliga.dk/adresse/raagelejevej-166-3210-vejby-501247359
Klintvej 90,4500,Nykøbing Sj,11395000,Fritidshus,131,4.0,2025,-,147,135.6,4265.0,1118.0,55.9499,11.60016,https://www.boliga.dk/adresse/klintvej-90-4500-nykoebing-sj-1565818329
Søndergade 10,4900,Nakskov,1750000,Villa/Parcelhus,175,18.0,1902,c,128,135.6,2328.0,1716.0,54.82994,11.137,https://www.boliga.dk/adresse/soendergade-10-4900-nakskov-1566292641
"Hannesvej 6, Trend",9670,Løgstør,1595000,Fritidshus,109,6.0,1971,-,88,135.7,4208.0,7248.0,56.84307,9.21096,https://www.boliga.dk/adresse/hannesvej-6-9670-loegstoer-1947638376
Sivsangervej 17,4736,Karrebæksminde,9500000,Fritidshus,109,2.0,2026,-,27,135.8,2479.0,10306.0,55.18207,11.63349,https://www.boliga.dk/adresse/sivsangervej-17-4736-karrebaeksminde-1032932391
"Ndr. Strandvej 35, Nexø",3730,Nexø,1635000,Villa/Parcelhus,122,4.0,1908,D,228,135.8,706.0,1359.0,55.06757,15.13535,https://www.boliga.dk/adresse/ndr-strandvej-35-3730-nexoe-1131073762
"Kisserup Strand Øst 11, Kisserup",4300,Holbæk,1345000,Fritidshus,36,2.0,1967,-,17,136.0,2226.0,2451.0,55.79045,11.72305,https://www.boliga.dk/adresse/kisserup-strand-oest-11-4300-holbaek-804499806
"Redningsvejen 25, Tranum Strand",9460,Brovst,2500000,Fritidshus,60,3.0,1917,-,29,136.1,2576.0,9540.0,57.1682,9.41557,https://www.boliga.dk/adresse/redningsvejen-25-9460-brovst-1708063250
Stenstrupsgade 23,9900,Frederikshavn,895000,Villa/Parcelhus,113,4.0,1916,C,88,136.2,2559.0,1972.0,57.43022,10.52561,https://www.boliga.dk/adresse/stenstrupsgade-23-9900-frederikshavn-803490714
Firkløvervej 5,2670,Greve,8695000,Villa/Parcelhus,155,5.0,1982,D,130,136.2,5544.0,2493.0,55.58018,12.30718,https://www.boliga.dk/adresse/firkloevervej-5-2670-greve-1434283871
"Spodsbjergvej 303, Spodsbjerg",5900,Rudkøbing,1245000,Fritidshus,138,5.0,1949,F,218,136.2,3000.0,4898.0,54.92899,10.82682,https://www.boliga.dk/adresse/spodsbjergvej-303-5900-rudkoebing-1481312358
Garderhøjen 89,4671,Strøby,4495000,Fritidshus,142,5.0,1974,-,29,136.4,2556.0,5999.0,55.3989,12.33372,https://www.boliga.dk/adresse/garderhoejen-89-4671-stroeby-889608645
"Strandholm 30, Leestrup Str",4640,Faxe,1895000,Fritidshus,112,4.0,1877,B,305,136.7,4694.0,4589.0,55.17322,12.04841,https://www.boliga.dk/adresse/strandholm-30-4640-faxe-2045774400
"Yndgårdsvej 9, Hasmark Strand",5450,Otterup,2345000,Fritidshus,60,3.0,2019,-,65,136.7,3012.0,9003.0,55.56073,10.46441,https://www.boliga.dk/adresse/yndgaardsvej-9-5450-otterup-412879139
Svalemosevej 34,4671,Strøby,2195000,Fritidshus,100,5.0,1963,-,226,136.7,979.0,6358.0,55.40033,12.29938,https://www.boliga.dk/adresse/svalemosevej-34-4671-stroeby-1903901600
"Hummerstræde 8A, Hou",9370,Hals,1495000,Villa/Parcelhus,110,4.0,1917,C,36,136.7,4814.0,6488.0,57.05811,10.37463,https://www.boliga.dk/adresse/hummerstraede-8a-9370-hals-913572804
Svanegade 12,7680,Thyborøn,1695000,Fritidshus,159,6.0,1957,D,1524,136.8,3202.0,9139.0,56.70382,8.21957,https://www.boliga.dk/adresse/svanegade-12-7680-thyboroen-513459923
"Tværvænget 4, Hasmark Strand",5450,Otterup,1990000,Fritidshus,99,5.0,1963,-,172,136.9,2964.0,9042.0,55.56146,10.46288,https://www.boliga.dk/adresse/tvaervaenget-4-5450-otterup-1337072498
Munkerup Strandvej 72,3120,Dronningmølle,5450000,Villa/Parcelhus,199,6.0,1959,c,146,137.0,1405.0,9341.0,56.10886,12.36625,https://www.boliga.dk/adresse/munkerup-strandvej-72-3120-dronningmoelle-1407317218
Sandvej 2,4540,Fårevejle,10495000,Fritidshus,125,5.0,1976,-,114,137.0,6747.0,7366.0,55.83592,11.37393,https://www.boliga.dk/adresse/sandvej-2-4540-faarevejle-725057712
Grøndahlsvej 2B,3120,Dronningmølle,8995000,Villa/Parcelhus,218,7.0,2016,I,286,137.4,1557.0,9349.0,56.10601,12.37011,https://www.boliga.dk/adresse/groendahlsvej-2b-3120-dronningmoelle-1474398297
Reedtzholmvej 149,4736,Karrebæksminde,5995000,Fritidshus,120,5.0,1982,-,5,137.4,4469.0,9586.0,55.17578,11.67047,https://www.boliga.dk/adresse/reedtzholmvej-149-4736-karrebaeksminde-680001432
"Bjergstien 12, Hvidbjerg",7080,Børkop,5395000,Fritidshus,127,4.0,2024,-,156,137.4,2359.0,2469.0,55.64099,9.74227,https://www.boliga.dk/adresse/bjergstien-12-7080-boerkop-1459626192
Svalemosevej 24,4671,Strøby,1795000,Fritidshus,71,3.0,1964,-,140,137.4,1014.0,6409.0,55.40088,12.29741,https://www.boliga.dk/adresse/svalemosevej-24-4671-stroeby-835007608
Søbrinken 14,7700,Thisted,4250000,Villa/Parcelhus,159,5.0,1967,C,322,137.4,2615.0,1870.0,56.95218,8.71621,https://www.boliga.dk/adresse/soebrinken-14-7700-thisted-662973950
Brogade 36,9670,Løgstør,450000,Fritidshus,114,5.0,1930,c,317,137.5,2675.0,5731.0,57.00376,9.29089,https://www.boliga.dk/adresse/brogade-36-9670-loegstoer-1981791059
Fredensgade 5A,9670,Løgstør,1295000,Fritidshus,187,6.0,1922,C,1183,137.5,2595.0,2271.0,56.96736,9.24972,https://www.boliga.dk/adresse/fredensgade-5a-9670-loegstoer-859764032
"Ulvshalevej 363, Ulvshale",4780,Stege,2495000,Fritidshus,119,5.0,1884,F,476,137.5,4990.0,6297.0,55.04869,12.23748,https://www.boliga.dk/adresse/ulvshalevej-363-4780-stege-928942151
"Feriebyen 112, Gilbjerg",3250,Gilleleje,3600000,Fritidshus,71,3.0,1986,-,169,137.6,1562.0,7500.0,56.12455,12.26503,https://www.boliga.dk/adresse/feriebyen-112-3250-gilleleje-266805640
Brombærvænget 5,8585,Glesborg,2895000,Fritidshus,69,4.0,1975,-,34,137.6,6431.0,2695.0,56.51932,10.61127,https://www.boliga.dk/adresse/brombaervaenget-5-8585-glesborg-211587562
Strandkanten 67,9300,Sæby,9995000,Villa/Parcelhus,243,5.0,2019,J,503,137.7,3739.0,3729.0,57.35395,10.51695,https://www.boliga.dk/adresse/strandkanten-67-9300-saeby-1391055981
Dyrehavevej 89A,5800,Nyborg,3345000,Villa/Parcelhus,196,6.0,1933,E,108,137.7,5891.0,5485.0,55.30132,10.78094,https://www.boliga.dk/adresse/dyrehavevej-89a-5800-nyborg-1636732094
Henrichsens Vej 5,7884,Fur,795000,Villa/Parcelhus,107,4.0,1900,e,16,137.8,1810.0,8506.0,56.81583,9.02431,https://www.boliga.dk/adresse/henrichsens-vej-5-7884-fur-1834154403
"Ørnevej 17, Yderby Lyng",4583,Sjællands Odde,1995000,Fritidshus,62,3.0,1966,-,176,138.0,4228.0,18896.0,55.9899,11.28916,https://www.boliga.dk/adresse/oernevej-17-4583-sjaellands-odde-1553746194
Østergade 18,7900,Nykøbing M,895000,Fritidshus,140,5.0,1840,C,378,138.0,1896.0,1848.0,56.79681,8.86425,https://www.boliga.dk/adresse/oestergade-18-7900-nykoebing-m-787494600
Nørre Alle 56,5500,Middelfart,6295000,Villa/Parcelhus,185,7.0,1974,c,160,138.0,4300.0,3232.0,55.54156,9.77566,https://www.boliga.dk/adresse/noerre-alle-56-5500-middelfart-1403567592
Niels Tvillings Vej 3,9970,Strandby,1295000,Fritidshus,150,5.0,1948,C,210,138.1,2887.0,894.0,57.49376,10.49969,https://www.boliga.dk/adresse/niels-tvillings-vej-3-9970-strandby-298438213
"Ved Bækken 15, Hasmark Strand",5450,Otterup,2795000,Fritidshus,60,2.0,2020,-,319,138.6,2843.0,9123.0,55.56313,10.45882,https://www.boliga.dk/adresse/ved-baekken-15-5450-otterup-1695304385
"Fælledvej 32, Tørslev Hage",3630,Jægerspris,2645000,Fritidshus,112,3.0,2015,-,196,138.6,3814.0,3553.0,55.80932,12.04559,https://www.boliga.dk/adresse/faelledvej-32-3630-jaegerspris-1870586578
Finnjollevej 2,4040,Jyllinge,12450000,Villa/Parcelhus,259,6.0,1974,D,137,138.7,3206.0,5144.0,55.74431,12.09899,https://www.boliga.dk/adresse/finnjollevej-2-4040-jyllinge-646388685
"Ndr. Strandvej 37, Nexø",3730,Nexø,2640000,Villa/Parcelhus,161,6.0,1913,D,70,138.7,717.0,1368.0,55.06768,15.13538,https://www.boliga.dk/adresse/ndr-strandvej-37-3730-nexoe-2130147151
Lohmannsvej 10,4780,Stege,3995000,Villa/Parcelhus,235,9.0,1974,C,184,138.8,1965.0,1542.0,54.98604,12.29028,https://www.boliga.dk/adresse/lohmannsvej-10-4780-stege-1377554035
Birkevænget 8,8340,Malling,2695000,Fritidshus,72,3.0,1952,-,94,138.8,3653.0,8972.0,56.0343,10.26734,https://www.boliga.dk/adresse/birkevaenget-8-8340-malling-961572398
"Bølshavn 10, Bølshavn",3740,Svaneke,5000000,Fritidshus,116,4.0,1940,C,170,138.8,748.0,177.0,55.15423,15.07448,https://www.boliga.dk/adresse/boelshavn-10-3740-svaneke-1593339659
Horsehoved 1,5600,Faaborg,2995000,Fritidshus,96,4.0,1972,-,28,138.9,1220.0,11985.0,55.11177,10.1145,https://www.boliga.dk/adresse/horsehoved-1-5600-faaborg-812907835
P. K. Nielsens Vej 17,9990,Skagen,6995000,Villa/Parcelhus,117,6.0,1800,-,57,138.9,2144.0,882.0,57.71588,10.57503,https://www.boliga.dk/adresse/p-k-nielsens-vej-17-9990-skagen-1208742848
"Agathesvej 3, Lyngså",9300,Sæby,1395000,Fritidshus,59,4.0,1965,-,361,139.1,2454.0,1934.0,57.25149,10.54763,https://www.boliga.dk/adresse/agathesvej-3-9300-saeby-949612021
Østergade 44,6100,Haderslev,3995000,Villa/Parcelhus,199,9.0,1897,C,28,139.1,4965.0,4949.0,55.25014,9.49822,https://www.boliga.dk/adresse/oestergade-44-6100-haderslev-1540668081
"Stadionvej 3, Tilsted",7700,Thisted,3945000,Villa/Parcelhus,152,4.0,2000,B,93,139.1,2064.0,3197.0,56.95374,8.67102,https://www.boliga.dk/adresse/stadionvej-3-7700-thisted-842727427
"Egelundsvej 12, Færgelunden",3630,Jægerspris,4495000,Villa/Parcelhus,188,7.0,1923,E,79,139.1,3305.0,2129.0,55.82885,12.03447,https://www.boliga.dk/adresse/egelundsvej-12-3630-jaegerspris-288427785
"Fyrrestien Vest 20, Bjerge Sydstrand",4480,Store Fuglede,1800000,Fritidshus,45,3.0,1935,-,14,139.2,642.0,1465.0,55.56252,11.15972,https://www.boliga.dk/adresse/fyrrestien-vest-20-4480-store-fuglede-1413884308
Helgolandsgade 8,4800,Nykøbing F,2795000,Villa/Parcelhus,148,6.0,1912,E,277,139.3,3852.0,2532.0,54.77335,11.86598,https://www.boliga.dk/adresse/helgolandsgade-8-4800-nykoebing-f-233082065
Strandbakken 5,5700,Svendborg,8495000,Villa/Parcelhus,194,8.0,1968,D,92,139.4,4527.0,439.0,55.04658,10.5863,https://www.boliga.dk/adresse/strandbakken-5-5700-svendborg-688681247
"Skrænten 8, Hvalpsund",9640,Farsø,1295000,Villa/Parcelhus,130,4.0,1973,C,574,139.6,4285.0,368.0,56.70221,9.20207,https://www.boliga.dk/adresse/skraenten-8-9640-farsoe-1494788937
Gyldendal 3,7860,Spøttrup,2250000,Fritidshus,156,5.0,2004,I,8,139.6,838.0,4290.0,56.58139,8.71335,https://www.boliga.dk/adresse/gyldendal-3-7860-spoettrup-522583245
"Hyldevej 7, Marielyst",4873,Væggerløse,5500000,Fritidshus,155,6.0,2012,-,464,139.7,4210.0,4600.0,54.68439,11.96578,https://www.boliga.dk/adresse/hyldevej-7-4873-vaeggerloese-115077543
Skrænten 51,4671,Strøby,2550000,Fritidshus,68,3.0,1970,-,128,139.7,2319.0,7298.0,55.40823,12.27274,https://www.boliga.dk/adresse/skraenten-51-4671-stroeby-1034698014
"Strandhuse 27, Fjællebroen",5762,Vester Skerninge,3995000,Villa/Parcelhus,259,8.0,1877,B,380,139.9,4337.0,1447.0,55.0584,10.38558,https://www.boliga.dk/adresse/strandhuse-27-5762-vester-skerninge-622779731
Sofienlundvej 2,7560,Hjerm,495000,Villa/Parcelhus,137,5.0,1920,F,16,139.9,1231.0,4179.0,56.46738,8.63988,https://www.boliga.dk/adresse/sofienlundvej-2-7560-hjerm-471513392
Stranddalen 61,7870,Roslev,825000,Fritidshus,80,3.0,1972,-,199,140.0,1637.0,5965.0,56.78948,9.09638,https://www.boliga.dk/adresse/stranddalen-61-7870-roslev-1940591209
"Stolpegårdsvej 2, Strøby Egede",4600,Køge,2795000,Fritidshus,68,4.0,1978,-,41,140.0,2753.0,7603.0,55.4104,12.26663,https://www.boliga.dk/adresse/stolpegaardsvej-2-4600-koege-1446479109
"Fuglsøvej 10, Lyngsbækgård",8400,Ebeltoft,1995000,Fritidshus,63,4.0,1953,-,163,140.2,6556.0,4398.0,56.22767,10.601,https://www.boliga.dk/adresse/fuglsoevej-10-8400-ebeltoft-1851971914
"Karrebæksti 29, Karrebæk",4736,Karrebæksminde,3495000,Villa/Parcelhus,160,3.0,1962,D,170,140.3,3241.0,8965.0,55.18881,11.65241,https://www.boliga.dk/adresse/karrebaeksti-29-4736-karrebaeksminde-1683011574
Askø Strandvig 237,4942,Askø,895000,Fritidshus,113,4.0,1977,-,667,140.3,8665.0,7637.0,54.89129,11.50855,https://www.boliga.dk/adresse/askoe-strandvig-237-4942-askoe-2104163115
"Gravlundsvej 5, Reersø",4281,Gørlev,4995000,Fritidshus,215,9.0,1966,-,97,140.4,3442.0,4084.0,55.53567,11.12303,https://www.boliga.dk/adresse/gravlundsvej-5-4281-goerlev-263334073
Heboltoft 18,6950,Ringkøbing,1595000,Villa/Parcelhus,173,5.0,1964,D,343,140.5,2403.0,2391.0,56.07296,8.27341,https://www.boliga.dk/adresse/heboltoft-18-6950-ringkoebing-2029399571
"Kystvejen 173, Egsmark Strand",8400,Ebeltoft,5495000,Fritidshus,160,4.0,1992,-,357,140.7,4594.0,662.0,56.22457,10.66255,https://www.boliga.dk/adresse/kystvejen-173-8400-ebeltoft-878522488
Fjordvej 92,5330,Munkebo,1895000,Villa/Parcelhus,129,5.0,1932,D,161,140.8,1850.0,7724.0,55.45517,10.5528,https://www.boliga.dk/adresse/fjordvej-92-5330-munkebo-216020034
Rishøjvej 53,4500,Nykøbing Sj,9995000,Fritidshus,117,3.0,1987,-,86,140.8,1267.0,3398.0,55.9024,11.72076,https://www.boliga.dk/adresse/rishoejvej-53-4500-nykoebing-sj-840249103
"Strandengen 15, Peløkke",5900,Rudkøbing,1900000,Helårsgrund,0,,0,-,65,140.9,1351.0,2684.0,54.95208,10.72698,https://www.boliga.dk/adresse/strandengen-15-5900-rudkoebing-1902984150
Æblehaven 13,6320,Egernsund,1695000,Villa/Parcelhus,190,5.0,1981,B,31,141.0,5058.0,1472.0,54.90556,9.60659,https://www.boliga.dk/adresse/aeblehaven-13-6320-egernsund-733807552
Havnevej 18,8970,Havndal,1995000,Villa/Parcelhus,150,6.0,1919,e,48,141.0,4749.0,1655.0,56.6118,10.30259,https://www.boliga.dk/adresse/havnevej-18-8970-havndal-72885949
Kongsnæsparken 7,4850,Stubbekøbing,1995000,Fritidshus,123,5.0,2009,-,127,141.3,3093.0,947.0,54.8882,12.05465,https://www.boliga.dk/adresse/kongsnaesparken-7-4850-stubbekoebing-828609392
Frederiksvej 44B,3730,Nexø,9850000,Fritidshus,127,5.0,2023,-,224,141.3,1294.0,2656.0,55.03374,15.10902,https://www.boliga.dk/adresse/frederiksvej-44b-3730-nexoe-44991473
"Mågevej 15, Østerby",9940,Læsø,3295000,Fritidshus,136,6.0,1994,E,186,141.4,15543.0,10778.0,57.32044,11.13287,https://www.boliga.dk/adresse/maagevej-15-9940-laesoe-577875170
"Strandmosen 1, Plejeruphuse",4571,Grevinge,1995000,Fritidshus,61,3.0,2010,-,59,141.4,2697.0,4802.0,55.78751,11.61513,https://www.boliga.dk/adresse/strandmosen-1-4571-grevinge-1270795354
Badstuevælen 12,2791,Dragør,10995000,Villa/Parcelhus,210,6.0,1810,-,303,141.5,8988.0,4324.0,55.5937,12.67241,https://www.boliga.dk/adresse/badstuevaelen-12-2791-dragoer-1909958960
Villingebæk Strandvej 510,3100,Hornbæk,26000000,Fritidshus,395,14.0,1917,-,205,141.6,4331.0,11247.0,56.09687,12.41366,https://www.boliga.dk/adresse/villingebaek-strandvej-510-3100-hornbaek-1191968672
Stenurt Alle 5,2670,Greve,8695000,Villa/Parcelhus,160,5.0,1930,D,60,141.6,5741.0,2217.0,55.58155,12.31124,https://www.boliga.dk/adresse/stenurt-alle-5-2670-greve-804894814
Sophus Claussens Vej 2,9900,Frederikshavn,2595000,Villa/Parcelhus,181,5.0,1900,D,15,142.0,844.0,2549.0,57.41123,10.52251,https://www.boliga.dk/adresse/sophus-claussens-vej-2-9900-frederikshavn-803171284
Skansevej 26,4880,Nysted,495000,Helårsgrund,0,0.0,0,-,42,142.0,1765.0,1209.0,54.65795,11.73621,https://www.boliga.dk/adresse/skansevej-26-4880-nysted-258178532
Sommervej 20C,7900,Nykøbing M,1345000,Helårsgrund,0,0.0,0,-,1645,142.0,2948.0,3016.0,56.78084,8.8595,https://www.boliga.dk/adresse/sommervej-20c-7900-nykoebing-m-395960363
"Sundvænget 3A, Hasselø Pl",4800,Nykøbing F,2495000,Fritidshus,170,6.0,1973,D,258,142.1,1927.0,1827.0,54.73873,11.8772,https://www.boliga.dk/adresse/sundvaenget-3a-4800-nykoebing-f-1823606064
"I Bakkerne 5, Aarsdale",3740,Svaneke,3995000,Fritidshus,190,6.0,1962,C,73,142.3,3564.0,3494.0,55.10806,15.14173,https://www.boliga.dk/adresse/i-bakkerne-5-3740-svaneke-651949710
Rådalsgård Strandpark 26,4040,Jyllinge,4995000,Villa/Parcelhus,202,8.0,1970,K,24,142.3,5259.0,4884.0,55.76372,12.09224,https://www.boliga.dk/adresse/raadalsgaard-strandpark-26-4040-jyllinge-1041811633
Sønder Strand 9,9900,Frederikshavn,840000,Villa/Parcelhus,91,3.0,1924,D,109,142.4,2427.0,2064.0,57.42917,10.52459,https://www.boliga.dk/adresse/soender-strand-9-9900-frederikshavn-385080831
Bjerghuse 35,6990,Ulfborg,1495000,Fritidshus,65,4.0,1972,-,185,142.4,2175.0,4849.0,56.3226,8.12311,https://www.boliga.dk/adresse/bjerghuse-35-6990-ulfborg-636242589
Vesterhavsgade 1A,7680,Thyborøn,2145000,Fritidshus,216,5.0,1973,D,171,142.4,3472.0,9176.0,56.70619,8.21814,https://www.boliga.dk/adresse/vesterhavsgade-1a-7680-thyboroen-6279687
"Strandgården Vest 32, Kastrup",4300,Holbæk,1395000,Fritidshus,62,4.0,1977,-,124,142.4,3884.0,2136.0,55.77203,11.65811,https://www.boliga.dk/adresse/strandgaarden-vest-32-4300-holbaek-971036108
"Løvdalsvej 9, Stinesminde",9500,Hobro,6895000,Villa/Parcelhus,256,6.0,1987,D,423,142.7,3864.0,7130.0,56.67093,9.96787,https://www.boliga.dk/adresse/loevdalsvej-9-9500-hobro-2107341353
"Nygade 14, Lendemarke",4780,Stege,895000,Villa/Parcelhus,140,6.0,1915,D,382,142.7,2437.0,660.0,54.98043,12.27945,https://www.boliga.dk/adresse/nygade-14-4780-stege-1274990704
Strandparken 4,6950,Ringkøbing,1795000,Helårsgrund,0,0.0,0,-,531,142.8,2175.0,2231.0,56.07583,8.26823,https://www.boliga.dk/adresse/strandparken-4-6950-ringkoebing-183337543
"Annesvej 3, Lyngså",9300,Sæby,1898000,Fritidshus,79,4.0,1979,-,594,142.9,2402.0,1810.0,57.25282,10.54765,https://www.boliga.dk/adresse/annesvej-3-9300-saeby-471110408
"Brinken 104, Strøby Egede",4600,Køge,2250000,Fritidshus,50,2.0,1964,-,137,142.9,2646.0,7534.0,55.40995,12.26828,https://www.boliga.dk/adresse/brinken-104-4600-koege-989545875
Heboltoft 50,6950,Ringkøbing,3295000,Villa/Parcelhus,188,6.0,1979,c,125,143.0,2219.0,2589.0,56.07051,8.27741,https://www.boliga.dk/adresse/heboltoft-50-6950-ringkoebing-702071402
Vestergade 12A,4850,Stubbekøbing,1100000,Villa/Parcelhus,541,16.0,1860,-,14,143.0,3128.0,921.0,54.89058,12.04111,https://www.boliga.dk/adresse/vestergade-12a-4850-stubbekoebing-1341941213
"Præstemarken 50, Øster Hurup",9560,Hadsund,3145000,Fritidshus,78,4.0,1996,-,156,143.2,4087.0,784.0,56.80824,10.27327,https://www.boliga.dk/adresse/praestemarken-50-9560-hadsund-2046028235
"Paradisvej 6, Havnsø",4591,Føllenslev,3195000,Villa/Parcelhus,97,3.0,2022,J,40,143.3,2022.0,3090.0,55.7521,11.32391,https://www.boliga.dk/adresse/paradisvej-6-4591-foellenslev-1464973252
Søndre Ringvej 9,5610,Assens,1995000,Villa/Parcelhus,280,10.0,1900,e,325,143.4,1902.0,1990.0,55.26938,9.89185,https://www.boliga.dk/adresse/soendre-ringvej-9-5610-assens-7600219
"Arielvej 26, Holme Strand",8400,Ebeltoft,4800000,Fritidshus,136,5.0,1973,-,29,143.4,3585.0,3627.0,56.22554,10.74103,https://www.boliga.dk/adresse/arielvej-26-8400-ebeltoft-923573059
"Tranevej 7, Ll Kongsmark",4200,Slagelse,1295000,Fritidshus,51,3.0,1971,-,213,143.4,2681.0,4717.0,55.42357,11.19863,https://www.boliga.dk/adresse/tranevej-7-4200-slagelse-2080286269
"Grønhøjvænge 28, Løserup",4300,Holbæk,1795000,Fritidshus,62,3.0,1962,-,466,143.5,2163.0,3354.0,55.78943,11.73997,https://www.boliga.dk/adresse/groenhoejvaenge-28-4300-holbaek-1618316243
Remmerstrandvej 145B,7620,Lemvig,1395000,Fritidshus,58,2.0,2023,-,207,143.6,3392.0,8607.0,56.54923,8.49053,https://www.boliga.dk/adresse/remmerstrandvej-145b-7620-lemvig-1278355057
Stenstrupsgade 12,9900,Frederikshavn,995000,Fritidshus,99,3.0,1924,E,10,143.6,2503.0,1880.0,57.43135,10.52673,https://www.boliga.dk/adresse/stenstrupsgade-12-9900-frederikshavn-557750425
Sønderport 31A,6200,Aabenraa,3398000,Villa/Parcelhus,192,6.0,1929,C,114,143.7,3950.0,1691.0,55.03831,9.42,https://www.boliga.dk/adresse/soenderport-31a-6200-aabenraa-225535062
Vesterled 12,4874,Gedser,645000,Fritidshus,26,2.0,1961,-,7,143.9,3058.0,813.0,54.58115,11.92525,https://www.boliga.dk/adresse/vesterled-12-4874-gedser-915440208
Fjordvang 13,4000,Roskilde,2995000,Fritidshus,108,3.0,1974,-,107,144.1,1622.0,1770.0,55.65127,11.94034,https://www.boliga.dk/adresse/fjordvang-13-4000-roskilde-596478707
"Havvej 10, Fjellerup Strand",8585,Glesborg,2049000,Fritidshus,76,3.0,1950,-,143,144.4,7328.0,1014.0,56.51583,10.58198,https://www.boliga.dk/adresse/havvej-10-8585-glesborg-1227170091
Hejrevej 67,4760,Vordingborg,1495000,Fritidshus,77,4.0,1996,-,53,144.5,3263.0,1802.0,55.04606,11.83499,https://www.boliga.dk/adresse/hejrevej-67-4760-vordingborg-1875036990
Assensvej 26,5600,Faaborg,1525000,Villa/Parcelhus,143,5.0,1884,d,689,144.5,6743.0,10028.0,55.10235,10.22912,https://www.boliga.dk/adresse/assensvej-26-5600-faaborg-1766041838
Havet 5,8585,Glesborg,2495000,Villa/Parcelhus,110,5.0,1960,D,84,144.6,508.0,8930.0,56.53048,10.71163,https://www.boliga.dk/adresse/havet-5-8585-glesborg-996287918
"Norre Næbbe 6, Aarsdale",3740,Svaneke,2495000,Fritidshus,95,4.0,1900,C,59,144.6,3395.0,3372.0,55.1098,15.14203,https://www.boliga.dk/adresse/norre-naebbe-6-3740-svaneke-562752107
Strandlund 20,9560,Hadsund,2295000,Fritidshus,78,4.0,1998,-,723,144.7,6666.0,1907.0,56.7411,10.30795,https://www.boliga.dk/adresse/strandlund-20-9560-hadsund-1774230056
"Lærkevænget 8, Sundby",4800,Nykøbing F,2995000,Villa/Parcelhus,210,7.0,1967,D,100,144.7,2743.0,2138.0,54.7735,11.84686,https://www.boliga.dk/adresse/laerkevaenget-8-4800-nykoebing-f-2060539146
"Odinvej 9, Holme",8400,Ebeltoft,3295000,Fritidshus,90,5.0,1973,-,120,144.7,4646.0,4439.0,56.23338,10.75115,https://www.boliga.dk/adresse/odinvej-9-8400-ebeltoft-498945386
"Søndergade 18, Nyord",4780,Stege,2195000,Fritidshus,106,5.0,1896,D,168,144.7,4956.0,7630.0,55.04123,12.1943,https://www.boliga.dk/adresse/soendergade-18-4780-stege-850919420
Thoredsvej 3,3230,Græsted,13800000,Fritidshus,130,6.0,2023,-,133,144.7,2508.0,5747.0,56.11239,12.20682,https://www.boliga.dk/adresse/thoredsvej-3-3230-graested-1381417001
Kelstrup Nørreskov 6,6100,Haderslev,1875000,Fritidshus,85,4.0,1968,-,0,144.8,2393.0,1449.0,55.19365,9.58499,https://www.boliga.dk/adresse/kelstrup-noerreskov-6-6100-haderslev-1676963606
"Præstegyden 1, Kristiansminde",5450,Otterup,2250000,Fritidshus,88,3.0,2010,-,126,145.0,3609.0,10698.0,55.58281,10.42394,https://www.boliga.dk/adresse/praestegyden-1-5450-otterup-1794388529
Odinshøjvej 116,3140,Ålsgårde,12000000,Villa/Parcelhus,326,9.0,1937,d,59,145.1,3198.0,7228.0,56.08341,12.52212,https://www.boliga.dk/adresse/odinshoejvej-116-3140-aalsgaarde-577138579
Langgade 72,4874,Gedser,395000,Fritidshus,147,4.0,1908,D,192,145.1,4064.0,531.0,54.57289,11.93235,https://www.boliga.dk/adresse/langgade-72-4874-gedser-1195412300
Ole Piis Vej 12A,3100,Hornbæk,10650000,Villa/Parcelhus,163,5.0,1700,b,203,145.2,4219.0,10960.0,56.0922,12.45951,https://www.boliga.dk/adresse/ole-piis-vej-12a-3100-hornbaek-2146200434
Bryggergade 2,7900,Nykøbing M,1995000,Fritidshus,116,4.0,2018,K,2258,145.3,1854.0,1808.0,56.79678,8.86346,https://www.boliga.dk/adresse/bryggergade-2-7900-nykoebing-m-1852011048
"Rødtjørnevej 18, Sæby",4070,Kirke Hyllinge,3995000,Fritidshus,129,4.0,2000,-,59,145.3,3811.0,1319.0,55.69483,11.95653,https://www.boliga.dk/adresse/roedtjoernevej-18-4070-kirke-hyllinge-202112227
"Halsvej 48, Nørreby Hals",5400,Bogense,1295000,Villa/Parcelhus,142,5.0,1907,C,2,145.3,5771.0,11340.0,55.60532,10.26741,https://www.boliga.dk/adresse/halsvej-48-5400-bogense-323496333
P. K. Nielsens Vej 9,9990,Skagen,6200000,Fritidshus,116,5.0,1908,-,161,145.4,2131.0,848.0,57.71607,10.5758,https://www.boliga.dk/adresse/p-k-nielsens-vej-9-9990-skagen-1183469267
"Havet 24A, 1. 202., Bønnerup Strand",8585,Glesborg,1798000,Fritidshus,108,3.0,1976,C,125,145.5,667.0,8739.0,56.52966,10.70882,https://www.boliga.dk/adresse/havet-24a-1-202-8585-glesborg-537519373
"Havet 24A, 1. 205., Bønnerup Strand",8585,Glesborg,1795000,Fritidshus,108,3.0,1976,-,169,145.5,667.0,8739.0,56.52966,10.70882,https://www.boliga.dk/adresse/havet-24a-1-205-8585-glesborg-224720461
Tågense Engvej 7,4880,Nysted,3495000,Fritidshus,191,6.0,1880,C,38,145.6,3221.0,4565.0,54.65488,11.8261,https://www.boliga.dk/adresse/taagense-engvej-7-4880-nysted-1629120419
"Munkerup Have 5, Munkerup",3120,Dronningmølle,4245000,Villa/Parcelhus,143,4.0,1988,D,85,145.6,1408.0,9327.0,56.10834,12.36666,https://www.boliga.dk/adresse/munkerup-have-5-3120-dronningmoelle-1422356789
Dageløkkevej 16,3050,Humlebæk,10495000,Villa/Parcelhus,164,5.0,1980,B,268,145.6,9518.0,4141.0,55.95196,12.53104,https://www.boliga.dk/adresse/dageloekkevej-16-3050-humlebaek-264824621
"Nebbe Odde Vej 6, Rønne",3700,Rønne,3200000,Villa/Parcelhus,224,6.0,1900,C,176,145.6,1604.0,1669.0,55.11123,14.70311,https://www.boliga.dk/adresse/nebbe-odde-vej-6-3700-roenne-425601413
Smedegade 17,6950,Ringkøbing,4495000,Villa/Parcelhus,227,6.0,1926,C,157,145.8,2373.0,2597.0,56.08834,8.24326,https://www.boliga.dk/adresse/smedegade-17-6950-ringkoebing-1159142713
"Rørsangervænget 13, Sortsø",4850,Stubbekøbing,850000,Fritidshus,59,4.0,1982,-,164,146.0,2770.0,4333.0,54.92852,11.9762,https://www.boliga.dk/adresse/roersangervaenget-13-4850-stubbekoebing-537706331
Havvejen 142,8305,Samsø,4995000,Fritidshus,140,5.0,1935,C,42,146.1,5167.0,6224.0,55.88786,10.59729,https://www.boliga.dk/adresse/havvejen-142-8305-samsoe-1977294668
Granbakken 4,4070,Kirke Hyllinge,1595000,Helårsgrund,55,3.0,1973,-,111,146.2,3320.0,443.0,55.68792,11.94955,https://www.boliga.dk/adresse/granbakken-4-4070-kirke-hyllinge-2095068267
Ejner Holsts Vej 9,8400,Ebeltoft,4798000,Fritidshus,75,3.0,1965,-,132,146.2,5647.0,5173.0,56.20023,10.56568,https://www.boliga.dk/adresse/ejner-holsts-vej-9-8400-ebeltoft-521718850
Tranevej 47,4220,Korsør,3295000,Fritidshus,96,3.0,1980,-,359,146.3,1577.0,5831.0,55.38451,11.20767,https://www.boliga.dk/adresse/tranevej-47-4220-korsoer-517233240
"Haslevej 51, Rønne",3700,Rønne,2995000,Villa/Parcelhus,211,6.0,1904,D,602,146.4,1336.0,1438.0,55.11415,14.70476,https://www.boliga.dk/adresse/haslevej-51-3700-roenne-646890290
Askvænget 3,8340,Malling,2345000,Fritidshus,117,4.0,1985,-,143,146.5,2797.0,7796.0,56.02442,10.25988,https://www.boliga.dk/adresse/askvaenget-3-8340-malling-19461758
Willemoesgade 7,5610,Assens,3995000,Villa/Parcelhus,165,12.0,1925,d,43,146.5,1936.0,2018.0,55.2698,9.89199,https://www.boliga.dk/adresse/willemoesgade-7-5610-assens-1658330376
"Strandvejen 1, Reersø",4281,Gørlev,1395000,Fritidshus,124,4.0,1896,B,112,146.6,3329.0,5069.0,55.52815,11.1131,https://www.boliga.dk/adresse/strandvejen-1-4281-goerlev-1873736263
Nimgårdsvej 3,4600,Køge,10995000,Villa/Parcelhus,276,11.0,2009,I,134,146.8,3329.0,8013.0,55.41309,12.25836,https://www.boliga.dk/adresse/nimgaardsvej-3-4600-koege-1392130913
Strandvejen 635,2930,Klampenborg,12485000,Villa/Parcelhus,138,4.0,1898,d,21,146.9,10557.0,3703.0,55.7911,12.59074,https://www.boliga.dk/adresse/strandvejen-635-2930-klampenborg-160048668
Villavej 3A,8500,Grenaa,795000,Villa/Parcelhus,137,4.0,1900,D,1779,146.9,2650.0,1141.0,56.40959,10.91951,https://www.boliga.dk/adresse/villavej-3a-8500-grenaa-2050755158
Sdr. Skovvej 5,4874,Gedser,1095000,Villa/Parcelhus,192,5.0,1974,D,109,147.0,4200.0,554.0,54.57224,11.93575,https://www.boliga.dk/adresse/sdr-skovvej-5-4874-gedser-205655259
"Granvænget 16, Slude Strand",5871,Frørup,1650000,Fritidshus,56,3.0,1968,-,120,147.0,2092.0,1058.0,55.2485,10.80043,https://www.boliga.dk/adresse/granvaenget-16-5871-froerup-1313663624
"Heden 13, Rødding",7860,Spøttrup,1745000,Fritidshus,205,5.0,1920,C,133,147.0,2327.0,4939.0,56.67728,8.79126,https://www.boliga.dk/adresse/heden-13-7860-spoettrup-910540791
"Ternevej 4, Thorsminde",6990,Ulfborg,1175000,Fritidshus,131,4.0,1962,D,280,147.0,4824.0,6184.0,56.37029,8.12265,https://www.boliga.dk/adresse/ternevej-4-6990-ulfborg-1739733439
Grevens Dal 11,3760,Gudhjem,3595000,Villa/Parcelhus,125,4.0,1954,C,140,147.2,2629.0,9085.0,55.21059,14.97475,https://www.boliga.dk/adresse/grevens-dal-11-3760-gudhjem-1020273533
Bredgade 4,5935,Bagenkop,675000,Villa/Parcelhus,160,6.0,1848,D,828,147.3,1025.0,6016.0,54.74927,10.67191,https://www.boliga.dk/adresse/bredgade-4-5935-bagenkop-848632162
Rosendalvænget 71,4654,Faxe Ladeplads,2195000,Fritidshus,38,3.0,1947,-,92,147.4,4739.0,5331.0,55.21763,12.17268,https://www.boliga.dk/adresse/rosendalvaenget-71-4654-faxe-ladeplads-1485411690
Plantagevej 10,7790,Thyholm,725000,Villa/Parcelhus,219,8.0,1960,D,85,147.4,2370.0,6475.0,56.58246,8.54461,https://www.boliga.dk/adresse/plantagevej-10-7790-thyholm-1826498857
Sundvej 40,8832,Skals,1495000,Villa/Parcelhus,139,4.0,1877,c,448,147.4,3746.0,5441.0,56.60685,9.30307,https://www.boliga.dk/adresse/sundvej-40-8832-skals-1085150144
"Flejmose 100, Kegnæs",6470,Sydals,2695000,Fritidshus,185,7.0,1897,-,351,147.7,3635.0,1480.0,54.86069,9.92094,https://www.boliga.dk/adresse/flejmose-100-6470-sydals-252062061
Stillidsvej 23,2670,Greve,15995000,Villa/Parcelhus,209,8.0,2012,b,28,148.0,6275.0,1033.0,55.58882,12.33659,https://www.boliga.dk/adresse/stillidsvej-23-2670-greve-368546199
Søndergade 11,4900,Nakskov,695000,Villa/Parcelhus,84,11.0,1864,c,113,148.1,2339.0,1716.0,54.83004,11.13709,https://www.boliga.dk/adresse/soendergade-11-4900-nakskov-256680844
Romerdammen 11+4,7990,Øster Assels,4495000,Villa/Parcelhus,301,5.0,1987,c,140,148.2,1573.0,7480.0,56.68364,8.73211,https://www.boliga.dk/adresse/romerdammen-11--4-7990-oester-assels-11728290
Torvegade 31,4970,Rødby,785000,Fritidshus,96,3.0,1939,D,81,148.2,2442.0,3618.0,54.65863,11.35108,https://www.boliga.dk/adresse/torvegade-31-4970-roedby-1608983706
Bobakken 29,3140,Ålsgårde,9975000,Villa/Parcelhus,184,7.0,1924,d,4,148.3,3534.0,6356.0,56.07828,12.53943,https://www.boliga.dk/adresse/bobakken-29-3140-aalsgaarde-105158793
Marina Fiskenæs Feriepark 104,6300,Gråsten,1195000,Fritidshus,106,5.0,2005,-,121,148.4,5350.0,1575.0,54.91853,9.60715,https://www.boliga.dk/adresse/marina-fiskenaes-feriepark-104-6300-graasten-106561946
Hannesvej 2,9670,Løgstør,2495000,Fritidshus,118,5.0,2003,-,73,148.6,4234.0,7315.0,56.84247,9.21092,https://www.boliga.dk/adresse/hannesvej-2-9670-loegstoer-1228784138
Jernbanegade 7,9670,Løgstør,575000,Helårsgrund,0,0.0,0,-,1876,148.8,2585.0,2332.0,56.96851,9.25389,https://www.boliga.dk/adresse/jernbanegade-7-9670-loegstoer-1075093857
Strandvejen 234A,2920,Charlottenlund,9495000,Villa/Parcelhus,88,2.0,1875,D,70,148.8,7025.0,2163.0,55.75955,12.59765,https://www.boliga.dk/adresse/strandvejen-234a-2920-charlottenlund-299980362
"Kramnitzevej 25, Kramnitze",4970,Rødby,5995000,Fritidshus,304,7.0,1848,C,105,148.9,2524.0,1677.0,54.70751,11.25359,https://www.boliga.dk/adresse/kramnitzevej-25-4970-roedby-843955917
Eskelundsvænget 18,5466,Asperup,6995000,Fritidshus,157,7.0,1970,-,108,149.1,2294.0,3357.0,55.50927,9.88603,https://www.boliga.dk/adresse/eskelundsvaenget-18-5466-asperup-1621000511
"Haslevgaarde Bakker 72, Haslevgaarde",9560,Hadsund,2798000,Fritidshus,90,4.0,1971,-,158,149.1,4909.0,1905.0,56.76739,10.28854,https://www.boliga.dk/adresse/haslevgaarde-bakker-72-9560-hadsund-662928396
Gasværksvej 10,3390,Hundested,3295000,Villa/Parcelhus,119,4.0,1919,d,29,149.1,6091.0,1973.0,55.95303,11.85387,https://www.boliga.dk/adresse/gasvaerksvej-10-3390-hundested-465319671
"Appenæs Bygade 103, Appenæs",4700,Næstved,4800000,Villa/Parcelhus,218,6.0,1953,D,59,149.2,4161.0,6449.0,55.19489,11.74535,https://www.boliga.dk/adresse/appenaes-bygade-103-4700-naestved-1073391230
Rosengade 25,3770,Allinge,795000,Landejendom,97,5.0,1900,c,65,149.2,6528.0,1334.0,55.27846,14.79856,https://www.boliga.dk/adresse/rosengade-25-3770-allinge-548773011
"Sandvej 10, Fjellerup Strand",8585,Glesborg,2695000,Fritidshus,80,4.0,2006,-,67,149.3,6133.0,2996.0,56.52041,10.61574,https://www.boliga.dk/adresse/sandvej-10-8585-glesborg-854628639
"Bjørnegyden 29, Kristiansminde",5450,Otterup,1995000,Fritidshus,90,4.0,1963,-,224,149.4,3920.0,10840.0,55.58585,10.41892,https://www.boliga.dk/adresse/bjoernegyden-29-5450-otterup-1112674734
Minkemarkvej 26,4300,Holbæk,5495000,Fritidshus,78,4.0,1970,-,85,149.5,1147.0,2287.0,55.76213,11.73976,https://www.boliga.dk/adresse/minkemarkvej-26-4300-holbaek-1396185173
Søvangsvej 36+38,4793,Bogø By,4595000,Fritidshus,135,4.0,2007,-,80,149.5,3946.0,1563.0,54.93714,12.04814,https://www.boliga.dk/adresse/soevangsvej-36--38-4793-bogoe-by-13336627
Tranehalsen 52,4000,Roskilde,2995000,Fritidshus,50,2.0,1966,-,118,149.5,1038.0,1892.0,55.66086,11.94725,https://www.boliga.dk/adresse/tranehalsen-52-4000-roskilde-2009028231
Nordvestvej 14,3360,Liseleje,7175000,Fritidshus,121,5.0,1999,-,83,149.7,1828.0,2785.0,56.00357,11.93586,https://www.boliga.dk/adresse/nordvestvej-14-3360-liseleje-1094043598
"Fjordvænget 28, Thorsminde",6990,Ulfborg,1495000,Fritidshus,135,5.0,1989,E,101,149.7,4321.0,5713.0,56.37522,8.12823,https://www.boliga.dk/adresse/fjordvaenget-28-6990-ulfborg-1982060058
Ndr. Strandvej 38,8400,Ebeltoft,3695000,Fritidshus,103,6.0,1958,C,36,149.8,2479.0,1725.0,56.20493,10.67972,https://www.boliga.dk/adresse/ndr-strandvej-38-8400-ebeltoft-1232196342
Stenstrupsgade 24,9900,Frederikshavn,1075000,Villa/Parcelhus,125,5.0,1921,D,77,149.9,2566.0,1958.0,57.43033,10.52546,https://www.boliga.dk/adresse/stenstrupsgade-24-9900-frederikshavn-1949653916
"Pilevej 14, Sdr Egebølle",4983,Dannemare,765000,Fritidshus,44,3.0,1965,-,105,150.0,941.0,8161.0,54.73248,11.14329,https://www.boliga.dk/adresse/pilevej-14-4983-dannemare-654906776
Hejrevej 15,4873,Væggerløse,3995000,Fritidshus,155,3.0,1961,-,66,150.3,3174.0,3941.0,54.69564,11.97143,https://www.boliga.dk/adresse/hejrevej-15-4873-vaeggerloese-92735872
Æbeløgade 39,5400,Bogense,2095000,Villa/Parcelhus,128,5.0,1935,D,149,150.4,6098.0,248.0,55.56906,10.09505,https://www.boliga.dk/adresse/aebeloegade-39-5400-bogense-714212502
Norgesvej 16,3310,Ølsted,1795000,Fritidshus,78,3.0,1974,-,129,150.5,7898.0,3884.0,55.89061,12.05518,https://www.boliga.dk/adresse/norgesvej-16-3310-oelsted-1712861065
Vestergade 9,9560,Hadsund,995000,Villa/Parcelhus,129,5.0,1967,C,116,150.5,2084.0,2397.0,56.71455,10.11081,https://www.boliga.dk/adresse/vestergade-9-9560-hadsund-1575859527
"Bakken 1, Als",9560,Hadsund,1798000,Fritidshus,269,6.0,1973,D,402,150.6,6028.0,890.0,56.75441,10.29491,https://www.boliga.dk/adresse/bakken-1-9560-hadsund-1424347839
"Egely 10, Sandersvig",6100,Haderslev,1395000,Fritidshus,50,3.0,1960,-,44,150.6,2158.0,9532.0,55.33788,9.644,https://www.boliga.dk/adresse/egely-10-6100-haderslev-1023599889
"Stranddalen 17, Eskov",7870,Roslev,695000,Fritidshus,74,4.0,1975,-,63,150.7,1512.0,6009.0,56.79054,9.09393,https://www.boliga.dk/adresse/stranddalen-17-7870-roslev-1406046055
Slotsalleen 6B,2930,Klampenborg,16495000,Andelsbolig,130,5.0,1902,D,99,150.7,8634.0,2161.0,55.77348,12.59066,https://www.boliga.dk/adresse/slotsalleen-6b-2930-klampenborg-318757089
Skrænten 65,4671,Strøby,2750000,Fritidshus,82,4.0,1989,-,45,150.9,2158.0,7191.0,55.40746,12.27517,https://www.boliga.dk/adresse/skraenten-65-4671-stroeby-429872722
"Molevej 20, Baaring Mark",5466,Asperup,6250000,Fritidshus,132,5.0,1991,-,115,150.9,2339.0,3324.0,55.50947,9.88428,https://www.boliga.dk/adresse/molevej-20-5466-asperup-731403412
Nørregade 15,6960,Hvide Sande,1998000,Villa/Parcelhus,123,5.0,1958,C,60,151.0,743.0,429.0,56.00712,8.1296,https://www.boliga.dk/adresse/noerregade-15-6960-hvide-sande-2133786046
Bavnshøj 9,6950,Ringkøbing,2198000,Villa/Parcelhus,122,4.0,1958,D,84,151.0,2026.0,2239.0,56.08295,8.25437,https://www.boliga.dk/adresse/bavnshoej-9-6950-ringkoebing-1735849928
Jagtvej 23,2680,Solrød Strand,7995000,Villa/Parcelhus,143,5.0,1970,D,3,151.1,3651.0,2540.0,55.53152,12.22714,https://www.boliga.dk/adresse/jagtvej-23-2680-solroed-strand-590109316
St Karlsmindevej 16,3390,Hundested,3495000,Villa/Parcelhus,98,5.0,1957,d,134,151.1,5987.0,2044.0,55.94618,11.86763,https://www.boliga.dk/adresse/st-karlsmindevej-16-3390-hundested-1935265171
"Gormendal 12, Hjarbæk",8831,Løgstrup,3495000,Fritidshus,128,5.0,2006,-,28,151.1,4074.0,2494.0,56.53633,9.32921,https://www.boliga.dk/adresse/gormendal-12-8831-loegstrup-1805018642
"Mollesvej 4, Hasmark Strand",5450,Otterup,1350000,Fritidshus,50,3.0,1975,-,469,151.2,4364.0,8610.0,55.54813,10.49086,https://www.boliga.dk/adresse/mollesvej-4-5450-otterup-2143211407
Hadsundvej 24,9550,Mariager,2320000,Villa/Parcelhus,195,3.0,1901,K,226,151.3,4537.0,8490.0,56.66343,9.99869,https://www.boliga.dk/adresse/hadsundvej-24-9550-mariager-1445107805
Topvej 11,3360,Liseleje,6500000,Fritidshus,92,4.0,2025,-,336,151.3,1757.0,2704.0,56.00296,11.93377,https://www.boliga.dk/adresse/topvej-11-3360-liseleje-233652299
Marina Fiskenæs Feriepark 148,6300,Gråsten,1250000,Fritidshus,106,5.0,2005,-,164,151.3,5364.0,1628.0,54.91807,9.60739,https://www.boliga.dk/adresse/marina-fiskenaes-feriepark-148-6300-graasten-1459236108
"Rosevej 1, Ballen",5762,Vester Skerninge,4795000,Villa/Parcelhus,219,5.0,1973,B,422,151.4,1933.0,1713.0,55.04371,10.47204,https://www.boliga.dk/adresse/rosevej-1-5762-vester-skerninge-416393696
"Kappelborgvej 22A, Midtbyen",9990,Skagen,6495000,Fritidshus,154,5.0,2006,C,260,151.9,1968.0,695.0,57.72128,10.5906,https://www.boliga.dk/adresse/kappelborgvej-22a-9990-skagen-1365962080
Fasanvej 37,7600,Struer,3095000,Fritidshus,158,4.0,2002,c,27,151.9,2107.0,1745.0,56.50758,8.58743,https://www.boliga.dk/adresse/fasanvej-37-7600-struer-988286673
Smallegade 9,5935,Bagenkop,1295000,Fritidshus,137,5.0,1903,C,986,152.0,1099.0,5821.0,54.7503,10.67542,https://www.boliga.dk/adresse/smallegade-9-5935-bagenkop-953268063
Tranevej 37,7600,Struer,495000,Fritidshus,43,2.0,1968,-,93,152.2,2039.0,1823.0,56.50826,8.58786,https://www.boliga.dk/adresse/tranevej-37-7600-struer-1541337679
Sommerlystvej 22,4640,Faxe,4295000,Fritidshus,168,7.0,2000,-,171,152.4,3922.0,4028.0,55.17618,12.05936,https://www.boliga.dk/adresse/sommerlystvej-22-4640-faxe-98631565
"Søstræde 20 +22, Hummingen",4983,Dannemare,1395000,Fritidshus,68,4.0,1974,-,87,152.5,2475.0,2994.0,54.70954,11.23131,https://www.boliga.dk/adresse/soestraede-20--22-4983-dannemare-1994334604
Svalemosevej 91,4671,Strøby,1795000,Fritidshus,60,3.0,1960,-,150,152.5,1176.0,6161.0,55.39861,12.30959,https://www.boliga.dk/adresse/svalemosevej-91-4671-stroeby-385912539
"Dalsgårdvej 8, Dalsgård",6300,Gråsten,495000,Villa/Parcelhus,89,3.0,1913,G,56,152.6,3040.0,3032.0,54.89298,9.57606,https://www.boliga.dk/adresse/dalsgaardvej-8-6300-graasten-1317688268
Kystvejen 45A,9850,Hirtshals,2595000,Fritidshus,199,8.0,1924,d,183,152.6,1823.0,3434.0,57.58859,9.94937,https://www.boliga.dk/adresse/kystvejen-45a-9850-hirtshals-1258980977
"Nørreløkke 9, Melsted",3760,Gudhjem,3850000,Fritidshus,112,5.0,1967,-,71,152.7,2770.0,8429.0,55.20455,14.97883,https://www.boliga.dk/adresse/noerreloekke-9-3760-gudhjem-784251724
Frederikkevej 10,3050,Humlebæk,10495000,Villa/Parcelhus,175,5.0,1983,C,139,152.7,8141.0,3242.0,55.965,12.54026,https://www.boliga.dk/adresse/frederikkevej-10-3050-humlebaek-998196778
"Kystvej 34, 1. 10.",3100,Hornbæk,4200000,Fritidshus,42,2.0,1933,-,70,152.8,4712.0,11904.0,56.09158,12.44438,https://www.boliga.dk/adresse/kystvej-34-1-10-3100-hornbaek-1881658751
Kirkevej 15B,7680,Thyborøn,995000,Fritidshus,149,4.0,1987,D,798,152.8,2972.0,10195.0,56.69952,8.20364,https://www.boliga.dk/adresse/kirkevej-15b-7680-thyboroen-1863204676
Nørre Alle 12,5500,Middelfart,11995000,Villa/Parcelhus,282,6.0,1913,b,367,152.8,4758.0,3320.0,55.54277,9.76437,https://www.boliga.dk/adresse/noerre-alle-12-5500-middelfart-1707726605
"Møllevænget 39, Øster Hurup",9560,Hadsund,1998000,Fritidshus,196,8.0,1863,-,86,153.0,4282.0,2954.0,56.77715,10.28474,https://www.boliga.dk/adresse/moellevaenget-39-9560-hadsund-231798258
"Hannesvej 53, Randrup",7770,Vestervig,1675000,Fritidshus,85,4.0,1977,-,84,153.1,903.0,5339.0,56.75449,8.30454,https://www.boliga.dk/adresse/hannesvej-53-7770-vestervig-424384385
"Solskinsvej 1, Jørgensø Strand",5450,Otterup,1597000,Fritidshus,59,5.0,1950,-,161,153.1,3117.0,10236.0,55.57711,10.43276,https://www.boliga.dk/adresse/solskinsvej-1-5450-otterup-1464072054
Smedevejen 8,5970,Ærøskøbing,2495000,Villa/Parcelhus,184,6.0,1972,c,3,153.1,5341.0,214.0,54.88551,10.41312,https://www.boliga.dk/adresse/smedevejen-8-5970-aeroeskoebing-182918932
Strandvejen 49,4733,Tappernøje,2380000,Villa/Parcelhus,113,4.0,1837,d,65,153.1,4483.0,3360.0,55.16506,12.02473,https://www.boliga.dk/adresse/strandvejen-49-4733-tappernoeje-856717445
Ho Bugt Vej 49,6852,Billum,8995000,Villalejlighed,391,13.0,1977,C,101,153.1,1452.0,1360.0,55.59449,8.29639,https://www.boliga.dk/adresse/ho-bugt-vej-49-6852-billum-875591218
"Odinshøjvej 182, Ellekilde",3140,Ålsgårde,6750000,Villa/Parcelhus,162,4.0,1938,B,190,153.2,3173.0,7550.0,56.08505,12.51621,https://www.boliga.dk/adresse/odinshoejvej-182-3140-aalsgaarde-424357553
Kildebakken 53,7830,Vinderup,2495000,Fritidshus,124,3.0,2021,-,155,153.2,1500.0,3280.0,56.5253,8.74047,https://www.boliga.dk/adresse/kildebakken-53-7830-vinderup-1994159540
Tjørnevej 6,6950,Ringkøbing,2598000,Villa/Parcelhus,150,5.0,1969,B,59,153.2,2097.0,2191.0,56.0772,8.26556,https://www.boliga.dk/adresse/tjoernevej-6-6950-ringkoebing-1542930862
Sottrupskov 37,6400,Sønderborg,2395000,Villa/Parcelhus,176,6.0,1900,c,538,153.3,1214.0,4578.0,54.97286,9.73948,https://www.boliga.dk/adresse/sottrupskov-37-6400-soenderborg-609758571
Langøvej 546,5390,Martofte,4195000,Fritidshus,94,4.0,2006,-,27,153.3,9934.0,15728.0,55.57452,10.60372,https://www.boliga.dk/adresse/langoevej-546-5390-martofte-212523749
"Mullerup Strandvej 20, Mullerup",4200,Slagelse,1595000,Villalejlighed,200,7.0,1900,-,74,153.4,1649.0,3290.0,55.49442,11.17755,https://www.boliga.dk/adresse/mullerup-strandvej-20-4200-slagelse-2073869212
Sandvigvej 10,4750,Lundby,1995000,Fritidshus,141,5.0,1972,-,440,153.5,4487.0,9051.0,55.11817,11.72213,https://www.boliga.dk/adresse/sandvigvej-10-4750-lundby-1006950792
"Hovedvejen 119, Jestrup",7790,Thyholm,1195000,Villa/Parcelhus,104,4.0,1957,D,121,153.5,1802.0,4473.0,56.65705,8.44096,https://www.boliga.dk/adresse/hovedvejen-119-7790-thyholm-1378485066
Østre Strandvej 15,2680,Solrød Strand,11995000,Villa/Parcelhus,198,8.0,1997,c,52,153.6,3689.0,1982.0,55.53612,12.2309,https://www.boliga.dk/adresse/oestre-strandvej-15-2680-solroed-strand-1766286424
"Bakkesiden 32, Doverodde",7760,Hurup Thy,2275000,Fritidshus,84,4.0,1976,-,2,153.6,1341.0,2951.0,56.72057,8.47126,https://www.boliga.dk/adresse/bakkesiden-32-7760-hurup-thy-1488497553
"Strandvang 54, Lindenborg",4000,Roskilde,2495000,Fritidshus,78,4.0,1968,-,156,153.7,1771.0,1779.0,55.6492,11.9398,https://www.boliga.dk/adresse/strandvang-54-4000-roskilde-618692421
"Stavildvej 59D, Lynderup",8832,Skals,995000,Fritidshus,70,4.0,1984,-,147,153.9,3913.0,4955.0,56.57818,9.29284,https://www.boliga.dk/adresse/stavildvej-59d-8832-skals-1661517187
Vedbæk Strandvej 457,2950,Vedbæk,14995000,Villa/Parcelhus,225,7.0,1921,D,2,154.0,15637.0,4769.0,55.85687,12.56364,https://www.boliga.dk/adresse/vedbaek-strandvej-457-2950-vedbaek-1412731455
Stubbegårdsparken 107,4900,Nakskov,895000,Fritidshus,61,4.0,1973,-,69,154.0,1842.0,10462.0,54.74825,11.0604,https://www.boliga.dk/adresse/stubbegaardsparken-107-4900-nakskov-94741748
Bøgevænget 4,5330,Munkebo,1695000,Villa/Parcelhus,148,5.0,1974,C,108,154.0,2234.0,6811.0,55.46371,10.58478,https://www.boliga.dk/adresse/boegevaenget-4-5330-munkebo-1715627271
Strandmøllevej 236,4300,Holbæk,7995000,Villa/Parcelhus,229,6.0,1979,C,135,154.1,3402.0,4564.0,55.72094,11.75476,https://www.boliga.dk/adresse/strandmoellevej-236-4300-holbaek-1320983828
Strandvænget 3,2680,Solrød Strand,10495000,Villa/Parcelhus,176,8.0,1943,c,17,154.2,3743.0,1755.0,55.53797,12.23264,https://www.boliga.dk/adresse/strandvaenget-3-2680-solroed-strand-1917750070
"Strandløbervej 10, Smidstrup",3250,Gilleleje,7950000,Fritidsgrund,125,6.0,1930,-,186,154.2,2869.0,6805.0,56.11899,12.23576,https://www.boliga.dk/adresse/strandloebervej-10-3250-gilleleje-465137240
Strandjægervej 5,3630,Jægerspris,3995000,Fritidshus,89,3.0,1967,-,86,154.2,4522.0,4726.0,55.93269,11.93215,https://www.boliga.dk/adresse/strandjaegervej-5-3630-jaegerspris-295034861
Strandparken 11,6950,Ringkøbing,1495000,Helårsgrund,0,0.0,0,-,553,154.3,2185.0,2232.0,56.0756,8.26893,https://www.boliga.dk/adresse/strandparken-11-6950-ringkoebing-961336065
Strandparken 30,4591,Føllenslev,599000,Helårsgrund,0,0.0,0,-,37,154.3,1299.0,2564.0,55.75261,11.33693,https://www.boliga.dk/adresse/strandparken-30-4591-foellenslev-297066054
Hulda Lütkens Vej 1,9900,Frederikshavn,2350000,Villa/Parcelhus,135,3.0,2001,c,114,154.6,838.0,2506.0,57.41081,10.52261,https://www.boliga.dk/adresse/hulda-lütkens-vej-1-9900-frederikshavn-1056480926
"Gaden 26, Aarsdale",3740,Svaneke,4300000,Fritidshus,253,6.0,1922,B,86,154.9,3874.0,3793.0,55.10559,15.14398,https://www.boliga.dk/adresse/gaden-26-3740-svaneke-2045671148
Marsvinvej 18,9480,Løkken,2795000,Fritidshus,85,4.0,2006,-,129,154.9,1958.0,5201.0,57.41787,9.75109,https://www.boliga.dk/adresse/marsvinvej-18-9480-loekken-1845835336
"Kystvejen 2, Strandkvarteret",4400,Kalundborg,6995000,Villa/Parcelhus,259,8.0,1915,D,77,154.9,2076.0,3200.0,55.68115,11.06653,https://www.boliga.dk/adresse/kystvejen-2-4400-kalundborg-1137981527
Svinget 10,6320,Egernsund,495000,Helårsgrund,0,0.0,0,-,1417,155.0,5331.0,1690.0,54.90933,9.60944,https://www.boliga.dk/adresse/svinget-10-6320-egernsund-280388352
Strandparken 43,4000,Roskilde,7995000,Villa/Parcelhus,196,4.0,1967,d,92,155.0,2804.0,426.0,55.65617,12.08858,https://www.boliga.dk/adresse/strandparken-43-4000-roskilde-880697818
Sønderballe Strand 34,6100,Haderslev,3395000,Fritidshus,110,5.0,2022,-,134,155.0,3654.0,8614.0,55.13206,9.48062,https://www.boliga.dk/adresse/soenderballe-strand-34-6100-haderslev-715664564
Klosterbugten 6A,7900,Nykøbing M,1095000,Helårsgrund,0,4.0,0,-,679,155.0,2371.0,2444.0,56.78517,8.85426,https://www.boliga.dk/adresse/klosterbugten-6a-7900-nykoebing-m-785572582
Havnebyvej 69,6792,Rømø,1845000,Fritidshus,137,5.0,1981,K,45,155.1,8528.0,12332.0,55.13289,8.55034,https://www.boliga.dk/adresse/havnebyvej-69-6792-roemoe-1512078631
Oldermandsvej 1,2690,Karlslunde,3695000,Helårsgrund,0,0.0,1935,-,42,155.3,3903.0,1889.0,55.56109,12.26564,https://www.boliga.dk/adresse/oldermandsvej-1-2690-karlslunde-693112199
Fjord Alle 21,6950,Ringkøbing,1695000,Villa/Parcelhus,153,6.0,1961,D,72,155.4,2185.0,2409.0,56.08632,8.24778,https://www.boliga.dk/adresse/fjord-alle-21-6950-ringkoebing-193408797
"Strandengen 17, Kulhuse",3630,Jægerspris,3450000,Fritidshus,149,4.0,2020,-,66,155.7,4469.0,5488.0,55.92989,11.95127,https://www.boliga.dk/adresse/strandengen-17-3630-jaegerspris-1044474179
Parkvænget 7,5300,Kerteminde,4250000,Villa/Parcelhus,133,3.0,1949,D,189,155.8,4855.0,2997.0,55.44328,10.66881,https://www.boliga.dk/adresse/parkvaenget-7-5300-kerteminde-1514925404
"Strandvejen 62, Hjarbæk",8831,Løgstrup,1745000,Fritidshus,70,4.0,1947,-,791,155.8,3673.0,2358.0,56.53264,9.32492,https://www.boliga.dk/adresse/strandvejen-62-8831-loegstrup-75040699
Reedtzholmvej 89,4736,Karrebæksminde,4250000,Fritidshus,87,4.0,2018,-,16,155.9,4215.0,9444.0,55.17591,11.67508,https://www.boliga.dk/adresse/reedtzholmvej-89-4736-karrebaeksminde-1024789393
Askø Strandvig 204,4942,Askø,595000,Fritidshus,57,3.0,1976,-,184,155.9,8528.0,7513.0,54.8902,11.5044,https://www.boliga.dk/adresse/askoe-strandvig-204-4942-askoe-2018151769
"Enghaven 42, Næsby",4305,Orø,1999000,Villa/Parcelhus,101,5.0,1963,-,99,155.9,3837.0,9031.0,55.79866,11.82957,https://www.boliga.dk/adresse/enghaven-42-4305-oroe-1614383306
"Plantagevej 23, Vesterø Havn",9940,Læsø,1795000,Fritidshus,147,5.0,1935,F,547,156.0,4031.0,2871.0,57.29568,10.92857,https://www.boliga.dk/adresse/plantagevej-23-9940-laesoe-674493784
Næsbankens Tværvej 8,4873,Væggerløse,1495000,Villa/Parcelhus,145,8.0,1908,f,84,156.0,930.0,624.0,54.7146,11.91324,https://www.boliga.dk/adresse/naesbankens-tvaervej-8-4873-vaeggerloese-884529543
"Kongestien 2, 1. 4",9480,Løkken,1395000,Fritidshus,44,2.0,1902,C,190,156.1,1814.0,1419.0,57.37481,9.71361,https://www.boliga.dk/adresse/kongestien-2-1-4-9480-loekken-495166405
"Havnevej 14, Lundeborg",5874,Hesselager,1575000,Fritidshus,126,8.0,1827,C,381,156.1,4553.0,4794.0,55.13969,10.78303,https://www.boliga.dk/adresse/havnevej-14-5874-hesselager-2027110582
Kirsebærbakken 3,3070,Snekkersten,7995000,Villa/Parcelhus,130,5.0,1958,E,216,156.1,5366.0,6591.0,56.01515,12.5962,https://www.boliga.dk/adresse/kirsebaerbakken-3-3070-snekkersten-1480681921
Skolegade 14,7600,Struer,2695000,Villa/Parcelhus,239,8.0,1930,C,273,156.2,3434.0,243.0,56.49223,8.58856,https://www.boliga.dk/adresse/skolegade-14-7600-struer-132723871
"Birkelien 3, Audebo",4300,Holbæk,1395000,Villa/Parcelhus,109,2.0,1951,E,57,156.2,2036.0,3971.0,55.77106,11.62821,https://www.boliga.dk/adresse/birkelien-3-4300-holbaek-1979719594
"Søborgvej 7A, Strib",5500,Middelfart,9795000,Villa/Parcelhus,204,4.0,2015,I,220,156.3,4292.0,3214.0,55.54142,9.77541,https://www.boliga.dk/adresse/soeborgvej-7a-5500-middelfart-1703834202
Strandvænge 1B,5935,Bagenkop,1345000,Fritidshus,173,6.0,1978,C,105,156.4,723.0,6327.0,54.7463,10.67157,https://www.boliga.dk/adresse/strandvaenge-1b-5935-bagenkop-626758314
"Ålbækparken 113, Ålbæk",7860,Spøttrup,1795000,Fritidshus,80,3.0,1974,-,436,156.5,3156.0,4994.0,56.62469,8.73409,https://www.boliga.dk/adresse/aalbaekparken-113-7860-spoettrup-1468660626
"Assensvej 501, Faldsled",5642,Millinge,4995000,Fritidshus,185,4.0,1891,K,176,156.5,4244.0,7313.0,55.15143,10.14948,https://www.boliga.dk/adresse/assensvej-501-5642-millinge-1121646978
Fischersgade 46,9670,Løgstør,1995000,Fritidshus,164,6.0,1921,D,190,156.5,2419.0,2211.0,56.96603,9.24612,https://www.boliga.dk/adresse/fischersgade-46-9670-loegstoer-1630892731
Hejrevej 73,4760,Vordingborg,2985000,Fritidshus,223,4.0,1969,c,30,156.6,3261.0,1867.0,55.04538,11.83493,https://www.boliga.dk/adresse/hejrevej-73-4760-vordingborg-318079940
Vængevej 40,3220,Tisvildeleje,24000000,Fritidshus,174,9.0,1929,-,153,156.7,7512.0,4949.0,56.05862,12.06719,https://www.boliga.dk/adresse/vaengevej-40-3220-tisvildeleje-692192969
"Gråstensborgvej 48, Nørhede",6990,Ulfborg,1875000,Fritidshus,121,8.0,1970,-,56,156.7,2142.0,1957.0,56.31874,8.2167,https://www.boliga.dk/adresse/graastensborgvej-48-6990-ulfborg-2054758067
Solbakken 16,7600,Struer,795000,Villa/Parcelhus,116,4.0,1962,D,407,156.8,2703.0,1697.0,56.48511,8.60924,https://www.boliga.dk/adresse/solbakken-16-7600-struer-1330447503
"Grønningen 28, Korsør Syd",4220,Korsør,2700000,Villa/Parcelhus,172,6.0,1963,C,45,157.0,3280.0,3366.0,55.32151,11.15273,https://www.boliga.dk/adresse/groenningen-28-4220-korsoer-46178144
"Rørsangervænget 9, Sortsø Strand",4850,Stubbekøbing,645000,Fritidshus,50,2.0,1979,-,1211,157.0,2816.0,4330.0,54.9281,11.9761,https://www.boliga.dk/adresse/roersangervaenget-9-4850-stubbekoebing-1085193276
Hovedgaden 83,3220,Tisvildeleje,23900000,Fritidshus,126,6.0,1912,-,46,157.4,7492.0,4924.0,56.05882,12.06747,https://www.boliga.dk/adresse/hovedgaden-83-3220-tisvildeleje-927917571
"Strandagervænge 38, Gershøj",4070,Kirke Hyllinge,3495000,Fritidshus,82,4.0,1967,-,23,157.7,3711.0,2801.0,55.70673,11.96731,https://www.boliga.dk/adresse/strandagervaenge-38-4070-kirke-hyllinge-1664408034
Sommerstedvej 41,7830,Vinderup,1595000,Fritidshus,153,5.0,1880,-,422,157.8,1107.0,6262.0,56.46973,8.68862,https://www.boliga.dk/adresse/sommerstedvej-41-7830-vinderup-742703080
Vrinners Strandvej 19,8420,Knebel,2595000,Fritidshus,79,4.0,1996,-,93,157.9,1275.0,4625.0,56.24728,10.48078,https://www.boliga.dk/adresse/vrinners-strandvej-19-8420-knebel-745546040
Strandmarken 8,3230,Græsted,5350000,Fritidshus,86,5.0,1984,-,0,158.0,2211.0,4371.0,56.10736,12.18208,https://www.boliga.dk/adresse/strandmarken-8-3230-graested-1221810029
"Thorasvej 69, Kysing Næs",8300,Odder,3398000,Fritidshus,88,4.0,1998,-,14,158.1,3581.0,7789.0,56.01823,10.27396,https://www.boliga.dk/adresse/thorasvej-69-8300-odder-1270434362
"Tejnvej 116L, Sandkås",3770,Allinge,795000,Fritidshus,28,1.0,1970,-,23,158.2,4522.0,2703.0,55.25266,14.82148,https://www.boliga.dk/adresse/tejnvej-116l-3770-allinge-1945968384
"Færgevej 1, Fynshav",6440,Augustenborg,4500000,Fritidshus,500,14.0,1976,D,268,158.2,9444.0,6298.0,54.99203,9.9819,https://www.boliga.dk/adresse/faergevej-1-6440-augustenborg-141390905
Kaj Ørums Vej 2,4654,Faxe Ladeplads,1845000,Fritidshus,80,4.0,1989,-,128,158.2,2157.0,4154.0,55.20235,12.14215,https://www.boliga.dk/adresse/kaj-oerums-vej-2-4654-faxe-ladeplads-222063875
"Grastenvej 201, Thurø",5700,Svendborg,6995000,Villa/Parcelhus,194,6.0,2000,B,85,158.2,3994.0,4361.0,55.03427,10.69484,https://www.boliga.dk/adresse/grastenvej-201-5700-svendborg-581149385
Bredmaj 40,6320,Egernsund,2865000,Fritidshus,113,4.0,2001,-,210,158.3,3631.0,460.0,54.8957,9.63007,https://www.boliga.dk/adresse/bredmaj-40-6320-egernsund-679274444
"Fredenslund 3, Als Odde",9560,Hadsund,1498000,Fritidshus,76,4.0,1977,-,774,158.3,2941.0,5527.0,56.70751,10.32678,https://www.boliga.dk/adresse/fredenslund-3-9560-hadsund-1196140102
"Kongsdalparken 46, Assens",9550,Mariager,1095000,Helårsgrund,0,0.0,0,-,2865,158.8,2935.0,6508.0,56.68223,10.07111,https://www.boliga.dk/adresse/kongsdalparken-46-9550-mariager-15185778
Bisnapkrat 9,9370,Hals,2975000,Fritidshus,121,5.0,2010,-,191,158.8,7511.0,3255.0,56.99962,10.33969,https://www.boliga.dk/adresse/bisnapkrat-9-9370-hals-1100061356
"Birkevænget 1, Korsør Syd",4220,Korsør,2675000,Villa/Parcelhus,187,6.0,1972,B,52,158.8,2925.0,3058.0,55.32578,11.15834,https://www.boliga.dk/adresse/birkevaenget-1-4220-korsoer-2110293011
"Glentevej 10, Bremdal",7600,Struer,3495000,Villa/Parcelhus,222,6.0,1996,C,563,158.9,1764.0,2162.0,56.51119,8.58989,https://www.boliga.dk/adresse/glentevej-10-7600-struer-1723904562
"Vesterbakken 7, Sandager Næs",5610,Assens,2195000,Fritidshus,86,4.0,1979,-,63,158.9,4687.0,2452.0,55.33318,9.88006,https://www.boliga.dk/adresse/vesterbakken-7-5610-assens-585113758
"Østergade 51, 1. th.",5600,Faaborg,1995000,Fritidshus,113,3.0,1872,D,483,159.0,7696.0,10109.0,55.09402,10.24683,https://www.boliga.dk/adresse/oestergade-51-1-th-5600-faaborg-798291782
Lyngvej 12,4945,Femø,875000,Fritidshus,56,4.0,1991,-,445,159.0,7549.0,10084.0,54.97015,11.56145,https://www.boliga.dk/adresse/lyngvej-12-4945-femoe-223472137
Kristoffervejen 3,8400,Ebeltoft,6000000,Villalejlighed,174,5.0,2011,K,98,159.1,1164.0,7191.0,56.16015,10.72514,https://www.boliga.dk/adresse/kristoffervejen-3-8400-ebeltoft-1251055659
Villavej 5,8500,Grenaa,1780000,Villa/Parcelhus,178,6.0,1930,C,329,159.1,2652.0,1134.0,56.40959,10.91929,https://www.boliga.dk/adresse/villavej-5-8500-grenaa-922725226
"Agathesvej 5, Lyngså",9300,Sæby,1695000,Fritidshus,59,3.0,1967,-,63,159.2,2434.0,1919.0,57.25153,10.5473,https://www.boliga.dk/adresse/agathesvej-5-9300-saeby-190103034
"Strandhuse 15, Strandhuse",5762,Vester Skerninge,4795000,Villalejlighed,235,6.0,1977,C,14,159.2,4516.0,1521.0,55.05601,10.38977,https://www.boliga.dk/adresse/strandhuse-15-5762-vester-skerninge-884169715
"Strandkrogvejen 54, Aargab",6960,Hvide Sande,3198000,Fritidshus,67,4.0,1987,-,93,159.3,2550.0,2085.0,55.98103,8.13267,https://www.boliga.dk/adresse/strandkrogvejen-54-6960-hvide-sande-251871561
"Vorbækvej 20, Saksild Str",8300,Odder,3595000,Fritidshus,93,4.0,1971,-,39,159.4,3848.0,4184.0,55.98385,10.24974,https://www.boliga.dk/adresse/vorbaekvej-20-8300-odder-691410751
Fyrvej 65,6857,Blåvand,9700000,Fritidshus,100,5.0,1962,-,62,159.5,14682.0,12211.0,55.5548,8.09076,https://www.boliga.dk/adresse/fyrvej-65-6857-blaavand-692812318
Uhlendorffs Alle 2,4581,Rørvig,1100000,Helårsgrund,0,0.0,0,-,339,159.5,4343.0,6380.0,55.9455,11.76213,https://www.boliga.dk/adresse/uhlendorffs-alle-2-4581-roervig-91479029
"Turistvej 5B, Snogebæk",3730,Nexø,15000000,Fritidshus,336,6.0,1900,K,212,159.5,1363.0,3686.0,55.0223,15.11519,https://www.boliga.dk/adresse/turistvej-5b-3730-nexoe-1876283281
Melsted Langgade 45 13,3760,Gudhjem,1650000,Fritidshus,57,2.0,1954,-,101,159.7,2693.0,8692.0,55.207,14.97722,https://www.boliga.dk/adresse/melsted-langgade-45-13-3760-gudhjem-188764716
Jerichausvej 5,3630,Jægerspris,9995000,Villa/Parcelhus,179,7.0,1963,B,71,160.1,2961.0,2903.0,55.85415,12.01027,https://www.boliga.dk/adresse/jerichausvej-5-3630-jaegerspris-369915036
Doktorbakken 3,9560,Hadsund,845000,Villa/Parcelhus,120,5.0,1970,E,77,160.2,2524.0,2099.0,56.71725,10.1166,https://www.boliga.dk/adresse/doktorbakken-3-9560-hadsund-694583101
Elleborgvej 4A,3140,Ålsgårde,14500000,Villa/Parcelhus,218,5.0,2004,d,49,160.2,3174.0,7287.0,56.08352,12.5211,https://www.boliga.dk/adresse/elleborgvej-4a-3140-aalsgaarde-1251038490
Hvidbjerg Strandvej 133,6857,Blåvand,3875000,Fritidshus,75,4.0,1997,-,30,160.2,12786.0,11189.0,55.5423,8.14075,https://www.boliga.dk/adresse/hvidbjerg-strandvej-133-6857-blaavand-790436790
"Vester Fælled 49, Nr Bork",6893,Hemmet,1625000,Fritidshus,75,5.0,1977,-,57,160.2,3159.0,860.0,55.84462,8.27731,https://www.boliga.dk/adresse/vester-faelled-49-6893-hemmet-683704408
"Kongsdalparken 75, Assens",9550,Mariager,1095000,Helårsgrund,0,0.0,0,-,2856,160.3,2932.0,6511.0,56.6823,10.07068,https://www.boliga.dk/adresse/kongsdalparken-75-9550-mariager-159209761
Fjordlinien 6,3310,Ølsted,3995000,Fritidshus,109,4.0,1971,-,156,160.4,8370.0,1869.0,55.91253,12.05041,https://www.boliga.dk/adresse/fjordlinien-6-3310-oelsted-813987094
Rævehalen 9B,5390,Martofte,4295000,Fritidshus,114,3.0,2010,-,338,160.4,6786.0,14682.0,55.54797,10.62138,https://www.boliga.dk/adresse/raevehalen-9b-5390-martofte-1125572504
Strandvejen 38,3220,Tisvildeleje,10500000,Fritidshus,123,6.0,1972,-,395,160.5,6291.0,3590.0,56.06574,12.08572,https://www.boliga.dk/adresse/strandvejen-38-3220-tisvildeleje-1172834941
Elmevænget 4,8340,Malling,3095000,Fritidshus,81,4.0,1950,-,60,160.6,4056.0,9205.0,56.03993,10.26841,https://www.boliga.dk/adresse/elmevaenget-4-8340-malling-1716255767
Skansørevej 9,3000,Helsingør,12995000,Villa/Parcelhus,314,8.0,1982,C,100,160.8,5405.0,6162.0,56.024,12.60309,https://www.boliga.dk/adresse/skansoerevej-9-3000-helsingoer-944428768
Krathusvej 6,2680,Solrød Strand,11995000,Villa/Parcelhus,227,6.0,1972,C,164,160.8,3717.0,1818.0,55.53748,12.23201,https://www.boliga.dk/adresse/krathusvej-6-2680-solroed-strand-1395596556
"Vigen 20, Føns",5580,Nørre Aaby,1995000,Fritidshus,61,4.0,1970,-,105,161.1,1872.0,6356.0,55.42664,9.82228,https://www.boliga.dk/adresse/vigen-20-5580-noerre-aaby-15438093
"Hafavej 63, Søndervig",6950,Ringkøbing,4495000,Fritidshus,189,5.0,1980,-,198,161.3,7473.0,995.0,56.12838,8.11269,https://www.boliga.dk/adresse/hafavej-63-6950-ringkoebing-437199169
Myrehøjvej 22,5700,Svendborg,5275000,Villa/Parcelhus,233,3.0,1972,C,49,161.4,2712.0,2128.0,55.05656,10.64465,https://www.boliga.dk/adresse/myrehoejvej-22-5700-svendborg-1267075236
Kildensmindevej 1,5610,Assens,2595000,Villa/Parcelhus,142,5.0,1949,D,64,161.5,2369.0,2393.0,55.27442,9.89272,https://www.boliga.dk/adresse/kildensmindevej-1-5610-assens-511481957
Høve Klitbo 25,4550,Asnæs,4250000,Villa/Parcelhus,194,4.0,1937,C,91,161.6,2410.0,2736.0,55.84726,11.49736,https://www.boliga.dk/adresse/hoeve-klitbo-25-4550-asnaes-1877220591
"Snødervej 30, Hjerm",7830,Vinderup,795000,Fritidshus,68,4.0,1972,-,382,161.7,1303.0,6430.0,56.47057,8.69275,https://www.boliga.dk/adresse/snoedervej-30-7830-vinderup-909685941
Lyngvej 16,4945,Femø,1095000,Fritidshus,79,4.0,1977,-,28,161.9,7500.0,10019.0,54.96956,11.56077,https://www.boliga.dk/adresse/lyngvej-16-4945-femoe-1618355513
Svalemosevej 76,4671,Strøby,1995000,Fritidshus,99,5.0,1971,-,96,162.0,1076.0,6217.0,55.39876,12.3072,https://www.boliga.dk/adresse/svalemosevej-76-4671-stroeby-1531606401
"Bregnestien 4, Marielyst",4873,Væggerløse,3875000,Fritidshus,85,4.0,1912,-,178,162.4,3696.0,4234.0,54.68961,11.96783,https://www.boliga.dk/adresse/bregnestien-4-4873-vaeggerloese-190901631
Haslevej 63,3700,Rønne,3995000,Villa/Parcelhus,195,7.0,1891,C,10,162.5,1269.0,1378.0,55.11513,14.70505,https://www.boliga.dk/adresse/haslevej-63-3700-roenne-336221847
Moseholmen 7,4400,Kalundborg,995000,Fritidsgrund,0,2.0,0,-,379,162.6,1030.0,4446.0,55.59875,11.14327,https://www.boliga.dk/adresse/moseholmen-7-4400-kalundborg-658671390
Næsset 57,5330,Munkebo,4300000,Villa/Parcelhus,230,7.0,1864,c,279,162.6,2323.0,7453.0,55.44704,10.54962,https://www.boliga.dk/adresse/naesset-57-5330-munkebo-2036460933
Strandskadevej 23,4760,Vordingborg,945000,Fritidshus,67,3.0,1967,-,519,162.6,3533.0,1072.0,55.05326,11.83314,https://www.boliga.dk/adresse/strandskadevej-23-4760-vordingborg-1858036571
Bjerghuse 141,6990,Ulfborg,4600000,Fritidshus,50,3.0,1930,-,170,162.7,2108.0,4619.0,56.31753,8.1238,https://www.boliga.dk/adresse/bjerghuse-141-6990-ulfborg-1574258131
Gyden 7,5970,Ærøskøbing,1195000,Villa/Parcelhus,72,3.0,1877,F,168,162.7,5595.0,629.0,54.88905,10.41098,https://www.boliga.dk/adresse/gyden-7-5970-aeroeskoebing-522498344
"Møllevænget 38, Øster Hurup",9560,Hadsund,2395000,Villa/Parcelhus,84,3.0,2013,-,137,162.7,4269.0,2942.0,56.77705,10.28447,https://www.boliga.dk/adresse/moellevaenget-38-9560-hadsund-1818906427
"Klydevej 2A, Hvalpsund",9640,Farsø,2995000,Fritidshus,116,6.0,1962,-,98,162.8,3620.0,1268.0,56.69604,9.18806,https://www.boliga.dk/adresse/klydevej-2a-9640-farsoe-1532280073
"Gåsehagevej 17B, Øer",8400,Ebeltoft,3850000,Fritidshus,156,5.0,1992,-,4,162.8,1590.0,7725.0,56.15093,10.68419,https://www.boliga.dk/adresse/gaasehagevej-17b-8400-ebeltoft-1355208880
"Sandnæshagevej 10, Lild Strand",7741,Frøstrup,1250000,Fritidshus,75,2.0,1965,F,72,162.9,6069.0,11088.0,57.15342,8.9652,https://www.boliga.dk/adresse/sandnaeshagevej-10-7741-froestrup-232575679
Pilevænget 1,4850,Stubbekøbing,385000,Fritidsgrund,0,0.0,0,,84,162.9,2511.0,4314.0,54.93075,11.9774,https://www.boliga.dk/adresse/pilevaenget-1-4850-stubbekoebing-1703551744
"Portlandsvej 135, 1.",9370,Hals,765000,Fritidshus,53,3.0,1990,-,154,162.9,6054.0,4105.0,57.01892,10.35416,https://www.boliga.dk/adresse/portlandsvej-135-1-9370-hals-875284941
"Birkelien 4, Audebo",4300,Holbæk,1250000,Villa/Parcelhus,79,3.0,1959,G,2,163.0,2061.0,3943.0,55.77078,11.62878,https://www.boliga.dk/adresse/birkelien-4-4300-holbaek-427903866
"Stranddalen 85, Eskov",7870,Roslev,495000,Fritidshus,58,3.0,1972,-,43,163.1,1704.0,5924.0,56.78873,9.09764,https://www.boliga.dk/adresse/stranddalen-85-7870-roslev-1945121492
"Skovbrynet 25, Sæby",4070,Kirke Hyllinge,1995000,Fritidshus,96,3.0,1968,-,291,163.1,3882.0,1810.0,55.6979,11.9623,https://www.boliga.dk/adresse/skovbrynet-25-4070-kirke-hyllinge-1208668568
Strandhaven 4,3060,Espergærde,7850000,Villa/Parcelhus,132,5.0,1973,G,32,163.2,6420.0,2866.0,55.98204,12.54966,https://www.boliga.dk/adresse/strandhaven-4-3060-espergaerde-948927831
Kildevej 3,5600,Faaborg,1195000,Villa/Parcelhus,94,4.0,1958,F,14,163.4,6446.0,10131.0,55.10163,10.22446,https://www.boliga.dk/adresse/kildevej-3-5600-faaborg-999555348
"Fjordvejen 33, Kollund",6340,Kruså,1495000,Villa/Parcelhus,139,5.0,1959,D,77,163.5,5754.0,1138.0,54.84641,9.46918,https://www.boliga.dk/adresse/fjordvejen-33-6340-krusaa-1668443557
Lyngvej 6,4945,Femø,975000,Fritidshus,71,4.0,1980,-,109,163.6,7620.0,10180.0,54.97104,11.56242,https://www.boliga.dk/adresse/lyngvej-6-4945-femoe-666353964
"Ryttermarken 25, Fruerlund",9560,Hadsund,1198000,Fritidshus,73,3.0,1957,-,713,163.6,3929.0,1980.0,56.78604,10.28171,https://www.boliga.dk/adresse/ryttermarken-25-9560-hadsund-1168434174
"Vordingborg Landevej 32, V Egesborg",4700,Næstved,995000,Helårsgrund,0,4.0,0,-,633,163.8,3675.0,3449.0,55.14001,11.81852,https://www.boliga.dk/adresse/vordingborg-landevej-32-4700-naestved-1721052193
"Havstokken 22A, Vorupør",7700,Thisted,3145000,Fritidshus,77,2.0,2019,-,238,163.8,6702.0,13055.0,56.95812,8.36543,https://www.boliga.dk/adresse/havstokken-22a-7700-thisted-1371910984
"Svanevej 22A, Hjarbæk",8831,Løgstrup,3495000,Fritidshus,80,3.0,2023,-,108,163.8,2986.0,2473.0,56.52725,9.3162,https://www.boliga.dk/adresse/svanevej-22a-8831-loegstrup-2020296953
"Søvænget 13, Faldsled",5642,Millinge,1250000,Villa/Parcelhus,150,5.0,1968,E,105,164.0,4845.0,7541.0,55.14574,10.15336,https://www.boliga.dk/adresse/soevaenget-13-5642-millinge-1353250592
Aastrupvej 148,6100,Haderslev,3495000,Villa/Parcelhus,183,6.0,1934,C,228,164.0,4707.0,4665.0,55.25384,9.51571,https://www.boliga.dk/adresse/aastrupvej-148-6100-haderslev-378657676
Søndre Ringvej 17,5610,Assens,799000,Fritidshus,96,4.0,1880,E,281,164.0,1838.0,1935.0,55.26874,9.89195,https://www.boliga.dk/adresse/soendre-ringvej-17-5610-assens-492976864
Strandagervej 29,4671,Strøby,1795000,Fritidsgrund,0,0.0,0,-,0,164.1,1849.0,7017.0,55.40625,12.28083,https://www.boliga.dk/adresse/strandagervej-29-4671-stroeby-194830540
"Damgårdsvej 55, Markeslev",4300,Holbæk,1995000,Fritidshus,110,4.0,1966,-,71,164.1,1537.0,1830.0,55.73791,11.72216,https://www.boliga.dk/adresse/damgaardsvej-55-4300-holbaek-1082500444
Skråningen 31,8420,Knebel,3995000,Fritidshus,63,4.0,1974,-,167,164.2,4781.0,3227.0,56.17677,10.48428,https://www.boliga.dk/adresse/skraaningen-31-8420-knebel-2134869931
"Cikorievej 28, Ordrup",4540,Fårevejle,2595000,Fritidshus,40,2.0,1950,-,113,164.2,5416.0,5948.0,55.82915,11.39374,https://www.boliga.dk/adresse/cikorievej-28-4540-faarevejle-276225161
Jernbanegade 11,9560,Hadsund,450000,Helårsgrund,0,0.0,0,-,919,164.2,2626.0,2085.0,56.71748,10.11824,https://www.boliga.dk/adresse/jernbanegade-11-9560-hadsund-1897254789
Kanalvejen 5,4300,Holbæk,2425000,Fritidshus,66,4.0,1940,-,134,164.3,2099.0,3903.0,55.77048,11.62957,https://www.boliga.dk/adresse/kanalvejen-5-4300-holbaek-1476720435
Bygvangen 11,3310,Ølsted,2195000,Fritidshus,73,3.0,1966,-,42,164.4,8114.0,3595.0,55.89388,12.05278,https://www.boliga.dk/adresse/bygvangen-11-3310-oelsted-383306973
Ramsherred 57A,5610,Assens,945000,Fritidshus,94,4.0,1885,C,476,164.4,2301.0,2338.0,55.27358,9.89213,https://www.boliga.dk/adresse/ramsherred-57a-5610-assens-319469430
Dyrehavevej 57,5800,Nyborg,2595000,Villa/Parcelhus,179,6.0,1905,E,140,164.6,6253.0,5846.0,55.30461,10.78363,https://www.boliga.dk/adresse/dyrehavevej-57-5800-nyborg-1439255816
I Pilene 4,3740,Svaneke,2295000,Villa/Parcelhus,95,4.0,1827,E,156,164.7,1827.0,2761.0,55.13207,15.14666,https://www.boliga.dk/adresse/i-pilene-4-3740-svaneke-1797325072
"Portlandsvej 137, 1.",9370,Hals,695000,Ejerlejlighed,53,3.0,1990,-,364,164.7,6051.0,4105.0,57.01895,10.35415,https://www.boliga.dk/adresse/portlandsvej-137-1-9370-hals-555957968
Villingebæk Strandvej 555,3100,Hornbæk,5800000,Fritidsgrund,0,5.0,0,-,129,164.8,4411.0,11257.0,56.09584,12.41459,https://www.boliga.dk/adresse/villingebaek-strandvej-555-3100-hornbaek-841504816
Klitvej 1A,2690,Karlslunde,8475000,Villa/Parcelhus,198,4.0,2024,J,290,164.8,3817.0,1697.0,55.56017,12.26305,https://www.boliga.dk/adresse/klitvej-1a-2690-karlslunde-2069153810
"Klitvej 2, Gudmindrup Lyng",4573,Højby,4400000,Fritidshus,82,4.0,2000,-,779,164.8,3123.0,5811.0,55.9076,11.52835,https://www.boliga.dk/adresse/klitvej-2-4573-hoejby-944285643
"Anders Juhls Vej 25, Søndervig",6950,Ringkøbing,4500000,Fritidshus,40,2.0,2004,-,57,164.8,7608.0,792.0,56.11433,8.10978,https://www.boliga.dk/adresse/anders-juhls-vej-25-6950-ringkoebing-496205046
"Mejsevænget 74, Vellerup",4050,Skibby,2195000,Fritidshus,50,3.0,1975,-,31,164.9,4129.0,8306.0,55.74107,11.85728,https://www.boliga.dk/adresse/mejsevaenget-74-4050-skibby-1794960392
"Hovedvejen 3, Oddesund",7790,Thyholm,3675000,Villalejlighed,81,7.0,1880,D,59,165.0,2447.0,6373.0,56.58172,8.546,https://www.boliga.dk/adresse/hovedvejen-3-7790-thyholm-963683581
Rylevej 14,3310,Ølsted,2850000,Fritidshus,119,4.0,1962,-,11,165.1,8835.0,2803.0,55.90285,12.04837,https://www.boliga.dk/adresse/rylevej-14-3310-oelsted-746361665
Strandvangen 3,4571,Grevinge,4195000,Fritidshus,118,4.0,2024,-,16,165.3,2677.0,4846.0,55.78749,11.61441,https://www.boliga.dk/adresse/strandvangen-3-4571-grevinge-137903754
Fjordvej 5,8340,Malling,2695000,Fritidshus,76,3.0,1948,-,79,165.4,2807.0,7830.0,56.02479,10.25986,https://www.boliga.dk/adresse/fjordvej-5-8340-malling-165821678
"Odinshøjvej 7A, Ellekilde",3140,Ålsgårde,5595000,Villa/Parcelhus,154,4.0,1977,D,177,165.5,3283.0,6815.0,56.08076,12.53021,https://www.boliga.dk/adresse/odinshoejvej-7a-3140-aalsgaarde-150108825
Fruerlund Plantage 23,9560,Hadsund,1745000,Fritidshus,85,4.0,1961,-,83,165.5,3764.0,1417.0,56.79098,10.27886,https://www.boliga.dk/adresse/fruerlund-plantage-23-9560-hadsund-778778863
Guldborghave 106,4862,Guldborg,120000,Helårsgrund,0,0.0,0,-,710,165.6,2285.0,7804.0,54.87098,11.74215,https://www.boliga.dk/adresse/guldborghave-106-4862-guldborg-113537610
Klostermøllevej 31,7770,Vestervig,695000,Villa/Parcelhus,138,5.0,1907,D,93,165.6,623.0,7585.0,56.7708,8.28249,https://www.boliga.dk/adresse/klostermoellevej-31-7770-vestervig-251009201
"Portlandsvej 67, 1.",9370,Hals,895000,Fritidshus,53,3.0,1990,-,120,165.7,5985.0,4185.0,57.02002,10.35496,https://www.boliga.dk/adresse/portlandsvej-67-1-9370-hals-886926555
"Agger Havn Feriecenter 59, Agger",7770,Vestervig,855000,Fritidshus,57,4.0,1978,-,95,165.8,552.0,8610.0,56.77847,8.25966,https://www.boliga.dk/adresse/agger-havn-feriecenter-59-7770-vestervig-785072156
Klitten 7,8500,Grenaa,5850000,Fritidshus,86,4.0,2017,g,92,165.8,3547.0,1959.0,56.40148,10.91865,https://www.boliga.dk/adresse/klitten-7-8500-grenaa-466486251
Fjordvang 15,4000,Roskilde,2195000,Fritidshus,84,4.0,1966,-,146,165.8,1614.0,1746.0,55.65108,11.94067,https://www.boliga.dk/adresse/fjordvang-15-4000-roskilde-1246670426
Lindevej 33,5600,Faaborg,2575000,Fritidshus,143,4.0,1963,C,218,165.9,6258.0,10331.0,55.1,10.2215,https://www.boliga.dk/adresse/lindevej-33-5600-faaborg-448333017
Petersvej 3,9300,Sæby,1435000,Fritidshus,82,4.0,1965,-,184,166.0,2269.0,1508.0,57.25591,10.54694,https://www.boliga.dk/adresse/petersvej-3-9300-saeby-1079138441
"Albanivej 24, Lendrup",9670,Løgstør,1195000,Fritidshus,65,3.0,2008,-,147,166.1,1900.0,1205.0,56.93523,9.20142,https://www.boliga.dk/adresse/albanivej-24-9670-loegstoer-1803819622
"Strandvejen 228, st. th.",2920,Charlottenlund,7995000,Villa/Parcelhus,65,3.0,1899,E,141,166.1,6972.0,2156.0,55.75904,12.59743,https://www.boliga.dk/adresse/strandvejen-228-st-th-2920-charlottenlund-2007303478
"Sønderhavvej 8E, Sønderhav",6340,Kruså,5245000,Villa/Parcelhus,139,4.0,2022,I,310,166.2,3943.0,2909.0,54.8595,9.49142,https://www.boliga.dk/adresse/soenderhavvej-8e-6340-krusaa-1739591845
"Klokkelyngen 4, Langø",5390,Martofte,2345000,Fritidshus,72,4.0,1969,-,15,166.3,7207.0,15097.0,55.55155,10.61917,https://www.boliga.dk/adresse/klokkelyngen-4-5390-martofte-1671124030
"Æblelunden 2, Egsmark",8400,Ebeltoft,2195000,Fritidshus,228,7.0,1947,C,387,166.4,4295.0,362.0,56.22294,10.66641,https://www.boliga.dk/adresse/aeblelunden-2-8400-ebeltoft-1004324387
"Stjernevang 5, Over Draaby Strand",3630,Jægerspris,3395000,Fritidshus,93,4.0,1960,-,212,166.5,1772.0,2988.0,55.84188,11.95901,https://www.boliga.dk/adresse/stjernevang-5-3630-jaegerspris-267954740
Strandgade 16,2791,Dragør,8995000,Villa/Parcelhus,142,7.0,1800,-,63,166.5,9034.0,4367.0,55.59326,12.6723,https://www.boliga.dk/adresse/strandgade-16-2791-dragoer-2083991606
Svanevej 84,7840,Højslev,2295000,Fritidshus,57,3.0,1986,-,291,166.6,3582.0,2476.0,56.58121,9.25036,https://www.boliga.dk/adresse/svanevej-84-7840-hoejslev-792272623
"Lodbergsvej 181, Søndervig",6950,Ringkøbing,3695000,Fritidshus,78,4.0,1973,-,16,166.7,7525.0,566.0,56.12209,8.11145,https://www.boliga.dk/adresse/lodbergsvej-181-6950-ringkoebing-1938269836
"Grønnevej 12, Hou",8300,Odder,2395000,Villa/Parcelhus,149,5.0,1930,E,107,166.7,1345.0,2355.0,55.91295,10.25169,https://www.boliga.dk/adresse/groennevej-12-8300-odder-2018052240
Niels Hansensvej 4,4070,Kirke Hyllinge,1795000,Fritidshus,77,3.0,1958,-,175,167.2,3591.0,6021.0,55.69252,11.84139,https://www.boliga.dk/adresse/niels-hansensvej-4-4070-kirke-hyllinge-1066519891
Greve Strandvej 96,2670,Greve,6500000,Villa/Parcelhus,88,10.0,1935,-,35,167.3,5108.0,2578.0,55.57709,12.29755,https://www.boliga.dk/adresse/greve-strandvej-96-2670-greve-409873515
Klint Strandvej 42,4500,Nykøbing Sj,3095000,Fritidshus,83,5.0,1953,-,127,167.4,5103.0,2468.0,55.94184,11.61636,https://www.boliga.dk/adresse/klint-strandvej-42-4500-nykoebing-sj-3485067
"Strandvejen 27, Aarsdale",3740,Svaneke,3195000,Fritidshus,180,4.0,1961,D,189,167.4,3322.0,3340.0,55.11076,15.14288,https://www.boliga.dk/adresse/strandvejen-27-3740-svaneke-1278495530
"Fjordparken 17, Helberskov",9560,Hadsund,1475000,Fritidshus,51,3.0,1986,-,30,167.5,3064.0,5060.0,56.70896,10.31499,https://www.boliga.dk/adresse/fjordparken-17-9560-hadsund-904097390
Hejrevej 53,4760,Vordingborg,1950000,Fritidshus,91,3.0,1976,-,44,167.6,3260.0,1650.0,55.04774,11.83534,https://www.boliga.dk/adresse/hejrevej-53-4760-vordingborg-2037479584
"Strandagervej 11, 1 række, Bjerge Sydstrand",4281,Gørlev,3750000,Fritidshus,98,4.0,1946,-,10,167.6,2558.0,1839.0,55.5456,11.15403,https://www.boliga.dk/adresse/strandagervej-11-1-4281-goerlev-110877373
Refshammervej 12,7900,Nykøbing M,849000,Villa/Parcelhus,188,5.0,1917,C,428,167.7,1933.0,2005.0,56.78879,8.85138,https://www.boliga.dk/adresse/refshammervej-12-7900-nykoebing-m-1109248083
Crownvej 14B,7673,Harboøre,1695000,Fritidshus,134,6.0,2012,-,260,167.7,1030.0,8254.0,56.60092,8.14595,https://www.boliga.dk/adresse/crownvej-14b-7673-harbooere-179076038
Ved Fjorden 7,4070,Kirke Hyllinge,3995000,Villa/Parcelhus,124,3.0,1996,d,76,168.0,2165.0,1648.0,55.67014,11.93592,https://www.boliga.dk/adresse/ved-fjorden-7-4070-kirke-hyllinge-2040141500
Sofievej 9,4780,Stege,1995000,Villa/Parcelhus,132,5.0,1922,C,797,168.0,1658.0,1460.0,54.98768,12.28318,https://www.boliga.dk/adresse/sofievej-9-4780-stege-2109763799
"Nederby 9, Nederby",7884,Fur,695000,Villa/Parcelhus,98,4.0,1953,-,15,168.1,1822.0,8548.0,56.81617,9.02396,https://www.boliga.dk/adresse/nederby-9-7884-fur-459283690
Aarøsundvej 41,6100,Haderslev,3495000,Villa/Parcelhus,166,6.0,1986,C,121,168.4,4703.0,4697.0,55.24587,9.4961,https://www.boliga.dk/adresse/aaroesundvej-41-6100-haderslev-998336521
"Parkvej 3, Glyngøre",7870,Roslev,1295000,Villa/Parcelhus,135,4.0,1924,C,100,168.5,1647.0,4765.0,56.75983,8.87087,https://www.boliga.dk/adresse/parkvej-3-7870-roslev-1973529461
"Sundvej 32, Sundstrup",8832,Skals,1895000,Villa/Parcelhus,226,6.0,1977,C,303,168.5,3768.0,5344.0,56.60611,9.30179,https://www.boliga.dk/adresse/sundvej-32-8832-skals-635835438
Sellegaarde Øst 20,9560,Hadsund,2595000,Fritidshus,89,4.0,1951,-,160,168.6,4558.0,1593.0,56.81635,10.27128,https://www.boliga.dk/adresse/sellegaarde-oest-20-9560-hadsund-221188853
Kildebakken 49,7830,Vinderup,1795000,Fritidshus,111,6.0,1986,-,203,168.6,1556.0,3283.0,56.52582,8.74054,https://www.boliga.dk/adresse/kildebakken-49-7830-vinderup-601617750
Drosselvej 19,2680,Solrød Strand,8895000,Villa/Parcelhus,154,6.0,1934,c,70,168.6,3686.0,2972.0,55.52796,12.22431,https://www.boliga.dk/adresse/drosselvej-19-2680-solroed-strand-1473393365
Classensvej 7,3360,Liseleje,6500000,Villa/Parcelhus,125,3.0,1920,c,66,168.7,3173.0,4032.0,56.01398,11.96621,https://www.boliga.dk/adresse/classensvej-7-3360-liseleje-1728030379
Kalundborgvej 73A,4300,Holbæk,2750000,Villa/Parcelhus,205,4.0,1877,f,447,168.7,3056.0,1979.0,55.71738,11.69532,https://www.boliga.dk/adresse/kalundborgvej-73a-4300-holbaek-2047258503
Smedelinien 51,4400,Kalundborg,4995000,Fritidshus,96,4.0,2022,-,135,168.9,1432.0,4464.0,55.71359,11.0071,https://www.boliga.dk/adresse/smedelinien-51-4400-kalundborg-1657182215
"Portlandsvej 139, st.",9370,Hals,680000,Fritidshus,53,3.0,1990,D,105,169.0,6050.0,4099.0,57.01893,10.35406,https://www.boliga.dk/adresse/portlandsvej-139-st-9370-hals-966348457
"Sandstien 27, Vesterhave",4736,Karrebæksminde,7000000,Fritidshus,74,3.0,2022,-,112,169.1,3011.0,10342.0,55.17883,11.63965,https://www.boliga.dk/adresse/sandstien-27-4736-karrebaeksminde-2129882949
Reedtzholmvej 39,4736,Karrebæksminde,4245000,Fritidshus,113,5.0,2016,-,103,169.2,4074.0,9838.0,55.17219,11.67442,https://www.boliga.dk/adresse/reedtzholmvej-39-4736-karrebaeksminde-434103408
Søndervej 4,9990,Skagen,6800000,Fritidshus,127,5.0,1953,f,146,169.2,2005.0,852.0,57.72243,10.59383,https://www.boliga.dk/adresse/soendervej-4-9990-skagen-327641738
Bjerregårds Bakke 10,7884,Fur,1045000,Villa/Parcelhus,157,6.0,1978,c,76,169.2,1904.0,8615.0,56.81686,9.02458,https://www.boliga.dk/adresse/bjerregaards-bakke-10-7884-fur-1664548288
Fischersgade 34,9670,Løgstør,1895000,Villa/Parcelhus,186,5.0,1855,B,56,169.4,2474.0,2223.0,56.96645,9.24741,https://www.boliga.dk/adresse/fischersgade-34-9670-loegstoer-67920159
"Snabevej 7, Sverdrup",6100,Haderslev,565000,Villa/Parcelhus,90,5.0,1877,-,10,169.5,4292.0,6841.0,55.26971,9.60329,https://www.boliga.dk/adresse/snabevej-7-6100-haderslev-233618702
"Havstokken 32A, Vorupør",7700,Thisted,2900000,Fritidshus,77,3.0,2019,-,24,169.6,6675.0,13013.0,56.95806,8.36621,https://www.boliga.dk/adresse/havstokken-32a-7700-thisted-346546198
"Engvej 17, Stadionkvarteret",4220,Korsør,1098000,Villa/Parcelhus,126,3.0,1912,B,9,169.6,1947.0,1602.0,55.3362,11.14138,https://www.boliga.dk/adresse/engvej-17-4220-korsoer-577970768
"Rønnemose 57, Skovmose",6470,Sydals,1845000,Fritidshus,100,4.0,1965,-,70,169.9,1492.0,2006.0,54.87432,10.02218,https://www.boliga.dk/adresse/roennemose-57-6470-sydals-817421218
Skandsen 28,4900,Nakskov,1265000,Villa/Parcelhus,162,5.0,1938,C,21,169.9,1937.0,1866.0,54.82733,11.13254,https://www.boliga.dk/adresse/skandsen-28-4900-nakskov-1397863965
"Buen 14, Tejn",3770,Allinge,2200000,Fritidshus,113,4.0,1966,C,129,169.9,4637.0,4304.0,55.24581,14.84391,https://www.boliga.dk/adresse/buen-14-3770-allinge-468457133
"Sandvejen 17, Nordskov",5390,Martofte,3595000,Fritidshus,61,3.0,1975,-,463,170.0,11245.0,19303.0,55.61197,10.61985,https://www.boliga.dk/adresse/sandvejen-17-5390-martofte-1051141248
Askhavnsvej 16,4945,Femø,999000,Fritidshus,119,6.0,1930,C,184,170.0,4594.0,7636.0,54.97478,11.5134,https://www.boliga.dk/adresse/askhavnsvej-16-4945-femoe-693157199
Rudvej 20,5580,Nørre Aaby,5995000,Villa/Parcelhus,193,7.0,1955,F,93,170.1,1767.0,8516.0,55.41204,9.79437,https://www.boliga.dk/adresse/rudvej-20-5580-noerre-aaby-392776721
"Tjurvej 11, Gundestrup",4571,Grevinge,1995000,Fritidshus,97,4.0,2017,-,27,170.3,1586.0,4791.0,55.77626,11.6138,https://www.boliga.dk/adresse/tjurvej-11-4571-grevinge-2021985156
"Krusesvej 17, Hasmark Strand",5450,Otterup,2199000,Fritidshus,100,2.0,1966,-,88,170.3,2731.0,9394.0,55.56735,10.44971,https://www.boliga.dk/adresse/krusesvej-17-5450-otterup-68130118
Havvejen 74,6100,Haderslev,3500000,Villa/Parcelhus,165,5.0,1952,b,365,170.4,3160.0,4818.0,55.16197,9.51083,https://www.boliga.dk/adresse/havvejen-74-6100-haderslev-1072010830
Skårupøre Strandvej 133,5881,Skårup Fyn,995000,Helårsgrund,0,3.0,0,-,262,170.5,2758.0,946.0,55.07678,10.74639,https://www.boliga.dk/adresse/skaarupoere-strandvej-133-5881-skaarup-fyn-1466118223
"Havstokken 32, 1., Vorupør",7700,Thisted,3300000,Fritidshus,77,3.0,2019,-,10,170.5,6675.0,13015.0,56.95805,8.36617,https://www.boliga.dk/adresse/havstokken-32-1-7700-thisted-543897553
"Portlandsvej 65, st.",9370,Hals,790000,Fritidshus,53,3.0,1990,-,199,170.6,5983.0,4179.0,57.02,10.35486,https://www.boliga.dk/adresse/portlandsvej-65-st-9370-hals-1213189329
Nordvangsvej 25,8961,Allingåbro,3995000,Fritidshus,166,7.0,1929,-,297,170.6,3971.0,2825.0,56.51115,10.52636,https://www.boliga.dk/adresse/nordvangsvej-25-8961-allingaabro-955475198
"Vigen 2, Lønstrup",9800,Hjørring,5150000,Fritidshus,159,3.0,1919,-,67,170.6,2247.0,1608.0,57.47541,9.79748,https://www.boliga.dk/adresse/vigen-2-9800-hjoerring-1807919258
Fjordvej 18,5330,Munkebo,2195000,Villa/Parcelhus,151,6.0,1958,c,77,170.9,1672.0,7450.0,55.45759,10.56105,https://www.boliga.dk/adresse/fjordvej-18-5330-munkebo-487383657
"Mosesvinget 13, Vibæk Strand",8400,Ebeltoft,2998000,Fritidshus,131,6.0,1989,D,71,171.0,4150.0,217.0,56.22205,10.66812,https://www.boliga.dk/adresse/mosesvinget-13-8400-ebeltoft-1365756063
"Valmuevej 13, Følle Strand",8410,Rønde,3495000,Fritidshus,89,4.0,1972,-,50,171.2,463.0,1422.0,56.29712,10.43196,https://www.boliga.dk/adresse/valmuevej-13-8410-roende-1970203289
Damgårdsvej 103,4300,Holbæk,2995000,Fritidshus,192,5.0,1962,-,115,171.3,1937.0,1931.0,55.74101,11.73126,https://www.boliga.dk/adresse/damgaardsvej-103-4300-holbaek-1384282096
"Gerdasvej 16, Trend",9670,Løgstør,895000,Fritidshus,62,3.0,1957,-,176,171.3,4095.0,7110.0,56.84433,9.2121,https://www.boliga.dk/adresse/gerdasvej-16-9670-loegstoer-1014514155
"Strandbakken 30, Veddinge",4540,Fårevejle,4795000,Fritidshus,105,4.0,1957,-,100,171.4,3104.0,3969.0,55.84441,11.44425,https://www.boliga.dk/adresse/strandbakken-30-4540-faarevejle-1148444036
"Hornsherredvej 314, Lyndby",4070,Kirke Hyllinge,9995000,Villa/Parcelhus,466,18.0,1974,C,420,171.7,3422.0,566.0,55.68886,11.95063,https://www.boliga.dk/adresse/hornsherredvej-314-4070-kirke-hyllinge-625329113
"Klitrosevej 24, Gniben",4583,Sjællands Odde,3795000,Fritidshus,124,5.0,1999,-,7,171.7,3054.0,17722.0,55.98598,11.30696,https://www.boliga.dk/adresse/klitrosevej-24-4583-sjaellands-odde-1948582136
"Strandbakkevej 12, Rude Strand",8300,Odder,2595000,Fritidshus,143,4.0,1960,-,119,171.7,3606.0,4685.0,55.99165,10.25031,https://www.boliga.dk/adresse/strandbakkevej-12-8300-odder-1426759480
"Brevikvej 11, Faaborg",5600,Faaborg,795000,Villa/Parcelhus,123,4.0,1960,D,260,171.8,6959.0,8573.0,55.08678,10.26849,https://www.boliga.dk/adresse/brevikvej-11-5600-faaborg-569797730
"Langøvej 268, Langø",5390,Martofte,1475000,Fritidshus,96,3.0,1959,G,177,171.9,7418.0,15141.0,55.55331,10.61785,https://www.boliga.dk/adresse/langoevej-268-5390-martofte-574485775
Rosengade 13A,9550,Mariager,1095000,Villa/Parcelhus,140,5.0,1933,E,79,171.9,2858.0,9337.0,56.65199,9.97918,https://www.boliga.dk/adresse/rosengade-13a-9550-mariager-1694687035
"Brinken 30, Strøby Egede",4600,Køge,2995000,Fritidshus,56,3.0,1966,-,78,171.9,3492.0,8127.0,55.41377,12.25592,https://www.boliga.dk/adresse/brinken-30-4600-koege-1181442035
Hejrevej 20,4760,Vordingborg,1695000,Fritidshus,121,6.0,1977,-,31,172.0,3348.0,1407.0,55.05011,11.83467,https://www.boliga.dk/adresse/hejrevej-20-4760-vordingborg-2091420684
"Kløvervej 11, Lynæs",3390,Hundested,3695000,Villa/Parcelhus,180,6.0,1966,C,217,172.1,5555.0,1927.0,55.94595,11.87927,https://www.boliga.dk/adresse/kloevervej-11-3390-hundested-1935877021
Søndergade 14,6960,Hvide Sande,1395000,Fritidshus,130,6.0,1950,E,81,172.1,882.0,515.0,55.99778,8.12621,https://www.boliga.dk/adresse/soendergade-14-6960-hvide-sande-2025416473
"Alpehau 35, Nordskov",5390,Martofte,2990000,Fritidshus,92,5.0,1971,-,154,172.1,11804.0,19255.0,55.60765,10.62652,https://www.boliga.dk/adresse/alpehau-35-5390-martofte-265623776
Lindevej 4,6950,Ringkøbing,2998000,Villa/Parcelhus,254,5.0,1974,C,156,172.4,2118.0,2196.0,56.07669,8.26676,https://www.boliga.dk/adresse/lindevej-4-6950-ringkoebing-1613793192
Kongebrovej 29,5500,Middelfart,6295000,Villa/Parcelhus,141,5.0,1928,C,136,172.5,5201.0,1692.0,55.50678,9.7219,https://www.boliga.dk/adresse/kongebrovej-29-5500-middelfart-494059719
Hundborgvej 19,7700,Thisted,2095000,Villa/Parcelhus,190,3.0,1905,C,4,172.5,2231.0,3231.0,56.95381,8.67916,https://www.boliga.dk/adresse/hundborgvej-19-7700-thisted-1735498877
"Søndre Landevej 102, Aaker",3720,Aakirkeby,6950000,Fritidshus,321,10.0,1799,D,394,172.5,1239.0,2968.0,55.03745,14.87054,https://www.boliga.dk/adresse/soendre-landevej-102-3720-aakirkeby-1009019476
Viffertsholm 19,9560,Hadsund,3645000,Fritidshus,122,4.0,1984,-,66,172.7,4475.0,1470.0,56.81521,10.27137,https://www.boliga.dk/adresse/viffertsholm-19-9560-hadsund-1905902252
"Vesterskovsvej 33, Ommel",5960,Marstal,4695000,Villalejlighed,188,7.0,1925,G,169,172.8,7446.0,3358.0,54.88378,10.46739,https://www.boliga.dk/adresse/vesterskovsvej-33-5960-marstal-559372176
"Sønderbygade 17, Sønderby",6470,Sydals,1345000,Fritidshus,162,5.0,1959,-,133,172.8,1966.0,2593.0,54.86652,9.8931,https://www.boliga.dk/adresse/soenderbygade-17-6470-sydals-1614661916
"Strandgården Vest 25, Kastrup",4300,Holbæk,995000,Fritidshus,86,3.0,1971,-,49,172.9,3848.0,2177.0,55.77168,11.65764,https://www.boliga.dk/adresse/strandgaarden-vest-25-4300-holbaek-1924148201
Vinkelvej 5,8305,Samsø,3500000,Fritidshus,150,6.0,1954,C,77,172.9,1616.0,3384.0,55.8155,10.63516,https://www.boliga.dk/adresse/vinkelvej-5-8305-samsoe-792379242
Katholmstien 7,8585,Glesborg,2195000,Fritidshus,73,4.0,1983,-,163,172.9,5841.0,3291.0,56.52145,10.62015,https://www.boliga.dk/adresse/katholmstien-7-8585-glesborg-110103167
Ole Rasmussensvej 1A,3360,Liseleje,6900000,Villa/Parcelhus,166,6.0,1977,C,15,173.0,3201.0,4035.0,56.01405,11.9673,https://www.boliga.dk/adresse/ole-rasmussensvej-1a-3360-liseleje-889330440
"Svanevej 42, Hjarbæk",8831,Løgstrup,1695000,Fritidshus,90,3.0,1970,-,84,173.2,2578.0,2671.0,56.52363,9.31058,https://www.boliga.dk/adresse/svanevej-42-8831-loegstrup-1504869112
"Flejmose 90, Kegnæs",6470,Sydals,2245000,Fritidshus,85,4.0,1968,-,45,173.3,3537.0,1485.0,54.86022,9.92235,https://www.boliga.dk/adresse/flejmose-90-6470-sydals-984978475
Korshærsvej 4,4760,Vordingborg,595000,Fritidshus,128,6.0,1878,-,56,173.3,3411.0,113.0,55.06136,11.82139,https://www.boliga.dk/adresse/korshaersvej-4-4760-vordingborg-1685446468
Ved Stranden 72,9560,Hadsund,399000,Helårsgrund,0,0.0,0,-,2092,173.6,3090.0,2087.0,56.7185,10.12567,https://www.boliga.dk/adresse/ved-stranden-72-9560-hadsund-767545023
Strandgårdsvej 7,4244,Agersø,1895000,Fritidshus,109,4.0,1968,-,21,173.7,4455.0,9404.0,55.23162,11.17321,https://www.boliga.dk/adresse/strandgaardsvej-7-4244-agersoe-714554828
Storkenhøjvej 185,5400,Bogense,3495000,Fritidshus,125,4.0,1976,-,287,173.8,8119.0,1234.0,55.55339,10.03584,https://www.boliga.dk/adresse/storkenhoejvej-185-5400-bogense-1186622581
"Grønnegade 16, Rønne",3700,Rønne,1595000,Villa/Parcelhus,92,2.0,1830,D,85,173.8,2727.0,1343.0,55.10179,14.69454,https://www.boliga.dk/adresse/groennegade-16-3700-roenne-886366223
"Brigvej 9, Dråby Strand",8400,Ebeltoft,11500000,Fritidshus,122,4.0,2018,-,98,173.9,2587.0,3247.0,56.21719,10.73505,https://www.boliga.dk/adresse/brigvej-9-8400-ebeltoft-1269730209
"Kompasvej 7, Sillerslev",7990,Øster Assels,495000,Fritidshus,124,4.0,1976,D,135,173.9,1548.0,7490.0,56.68387,8.73206,https://www.boliga.dk/adresse/kompasvej-7-7990-oester-assels-1424351327
"Hans Nielsensvej 6, Lumsås",4500,Nykøbing Sj,3890000,Fritidshus,88,4.0,1937,-,206,174.0,1304.0,3475.0,55.95019,11.53093,https://www.boliga.dk/adresse/hans-nielsensvej-6-4500-nykoebing-sj-406180579
Øster Møllevej 4,5600,Faaborg,1395000,Villa/Parcelhus,128,5.0,1939,G,128,174.1,7344.0,9629.0,55.09093,10.25319,https://www.boliga.dk/adresse/oester-moellevej-4-5600-faaborg-1246552068
Portlandsvej 95A,9370,Hals,2980000,Fritidshus,165,3.0,1990,-,156,174.1,6012.0,4136.0,57.01949,10.35441,https://www.boliga.dk/adresse/portlandsvej-95a-9370-hals-632246361
"Drosselvej 2, Lærkelunden",8400,Ebeltoft,2095000,Fritidshus,84,5.0,1973,-,330,174.4,1314.0,7293.0,56.15487,10.68823,https://www.boliga.dk/adresse/drosselvej-2-8400-ebeltoft-652904905
"Røllikevej 197, Nørhede",6990,Ulfborg,875000,Fritidshus,70,4.0,1973,-,91,174.4,1755.0,1678.0,56.31843,8.21006,https://www.boliga.dk/adresse/roellikevej-197-6990-ulfborg-647568391
"Kystvej 20, 1. 5.",3100,Hornbæk,7475000,Fritidshus,107,3.0,1967,C,305,174.5,4585.0,11669.0,56.09183,12.44813,https://www.boliga.dk/adresse/kystvej-20-1-5-3100-hornbaek-1882082905
Kringsvej 15B,6857,Blåvand,7998000,Fritidshus,160,5.0,1993,-,73,174.7,13986.0,11589.0,55.54956,8.11363,https://www.boliga.dk/adresse/kringsvej-15b-6857-blaavand-1159517737
"Østerbyvej 66, Østerby",6470,Sydals,839000,Fritidshus,57,3.0,1965,-,416,174.8,3574.0,1399.0,54.86239,9.91879,https://www.boliga.dk/adresse/oesterbyvej-66-6470-sydals-438754501
"Fuglsøvej 34, Strandkær",8400,Ebeltoft,3200000,Fritidshus,137,5.0,1930,-,107,174.9,6294.0,4657.0,56.22559,10.59624,https://www.boliga.dk/adresse/fuglsoevej-34-8400-ebeltoft-1384052426
Stationsvej 71 1 4,4760,Vordingborg,723848,Landejendom,70,3.0,2008,b,12,175.0,5199.0,2401.0,54.99735,11.89501,https://www.boliga.dk/adresse/stationsvej-71-1-4-4760-vordingborg-1114346383
Gyldendal 1,7860,Spøttrup,3450000,Fritidshus,192,5.0,2006,c,559,175.0,800.0,4329.0,56.5815,8.71396,https://www.boliga.dk/adresse/gyldendal-1-7860-spoettrup-173145981
Strandvangen 4,2690,Karlslunde,11995000,Villa/Parcelhus,204,5.0,1950,e,9,175.0,3715.0,1319.0,55.55797,12.25826,https://www.boliga.dk/adresse/strandvangen-4-2690-karlslunde-1447937831
"Nansensgade 2, Svaneke",3740,Svaneke,3295000,Villa/Parcelhus,153,5.0,1868,C,78,175.1,1426.0,2559.0,55.13703,15.14193,https://www.boliga.dk/adresse/nansensgade-2-3740-svaneke-1688565943
"Kongsdalparken 24, Assens",9550,Mariager,895000,Helårsgrund,0,0.0,0,-,2868,175.2,3002.0,6549.0,56.6815,10.07262,https://www.boliga.dk/adresse/kongsdalparken-24-9550-mariager-1263353904
Brevikvej 13,5600,Faaborg,695000,Villa/Parcelhus,102,3.0,1960,E,296,175.3,6960.0,8587.0,55.08681,10.26828,https://www.boliga.dk/adresse/brevikvej-13-5600-faaborg-1601465411
Strandvej 32,4800,Nykøbing F,1395000,Villa/Parcelhus,158,5.0,1909,G,63,175.3,3815.0,2738.0,54.77542,11.86387,https://www.boliga.dk/adresse/strandvej-32-4800-nykoebing-f-2106705549
"Halvrebene 76, Als",9560,Hadsund,1798000,Villa/Parcelhus,103,4.0,2005,-,25,175.4,7075.0,1414.0,56.74499,10.30277,https://www.boliga.dk/adresse/halvrebene-76-9560-hadsund-19013591
"Dalkærvej 12, Næsby Strand",4200,Slagelse,2245000,Fritidshus,69,4.0,1973,-,51,175.4,2718.0,6810.0,55.40591,11.21268,https://www.boliga.dk/adresse/dalkaervej-12-4200-slagelse-1238789156
Strandbovej 93,2650,Hvidovre,10995000,Villa/Parcelhus,174,6.0,1925,D,78,175.4,988.0,1252.0,55.6299,12.4987,https://www.boliga.dk/adresse/strandbovej-93-2650-hvidovre-157531026
"Portlandsvej 143, 1.",9370,Hals,695000,Ejerlejlighed,53,3.0,1990,-,364,175.5,6045.0,4094.0,57.01895,10.35396,https://www.boliga.dk/adresse/portlandsvej-143-1-9370-hals-773740534
Askø Strandvig 231,4942,Askø,850000,Fritidshus,74,4.0,1991,-,179,175.6,8609.0,7586.0,54.89085,11.50688,https://www.boliga.dk/adresse/askoe-strandvig-231-4942-askoe-792122829
Havbakken 7,9990,Skagen,13600000,Fritidshus,152,5.0,1983,-,115,176.0,2254.0,3054.0,57.73082,10.53028,https://www.boliga.dk/adresse/havbakken-7-9990-skagen-1123792548
Omø Havnevej 55,4245,Omø,725000,Villa/Parcelhus,104,2.0,1889,e,70,176.1,1601.0,12590.0,55.16921,11.15913,https://www.boliga.dk/adresse/omoe-havnevej-55-4245-omoe-2032219813
"Følvigvej 52, Vile",7870,Roslev,2295000,Fritidshus,108,4.0,1973,-,79,176.2,3139.0,3817.0,56.7093,8.8761,https://www.boliga.dk/adresse/foelvigvej-52-7870-roslev-626664003
Kongevej 76,6300,Gråsten,3300000,Villa/Parcelhus,278,8.0,1933,c,379,176.2,4723.0,1512.0,54.91997,9.59508,https://www.boliga.dk/adresse/kongevej-76-6300-graasten-1880734837
"Gl Færgevej 40, Alnor",6300,Gråsten,1795000,Villa/Parcelhus,231,7.0,1910,C,344,176.4,3820.0,2689.0,54.90749,9.58581,https://www.boliga.dk/adresse/gl-faergevej-40-6300-graasten-640200312
"Syrenvej 89, Gjellerodde",7620,Lemvig,2095000,Fritidshus,71,4.0,1970,-,7,176.7,1771.0,1479.0,56.57629,8.28276,https://www.boliga.dk/adresse/syrenvej-89-7620-lemvig-77215737
"Mågevej 1, Hou",9370,Hals,975000,Fritidshus,122,4.0,1970,-,441,176.7,4977.0,5394.0,57.06793,10.37734,https://www.boliga.dk/adresse/maagevej-1-9370-hals-1812592947
Bryggerivej 9,7700,Thisted,895000,Villa/Parcelhus,60,1.0,1920,D,267,176.7,2248.0,3308.0,56.9534,8.68205,https://www.boliga.dk/adresse/bryggerivej-9-7700-thisted-65675537
"Goldbjergvej 10, Kulhuse",3630,Jægerspris,1995000,Fritidshus,78,4.0,2014,-,157,176.7,4437.0,5464.0,55.93035,11.94957,https://www.boliga.dk/adresse/goldbjergvej-10-3630-jaegerspris-898035521
"Kongsdalparken 44, Assens",9550,Mariager,3895000,Villa/Parcelhus,154,5.0,0,-,2868,177.1,2961.0,6530.0,56.68198,10.07126,https://www.boliga.dk/adresse/kongsdalparken-44-9550-mariager-157818560
Pilekrogen 25,5700,Svendborg,5695000,Villa/Parcelhus,175,5.0,1964,d,44,177.3,4433.0,666.0,55.03874,10.6363,https://www.boliga.dk/adresse/pilekrogen-25-5700-svendborg-512580259
Hyllingebjergvej 83A,3360,Liseleje,8470000,Fritidshus,120,4.0,2009,-,134,177.4,2282.0,3248.0,56.00681,11.94454,https://www.boliga.dk/adresse/hyllingebjergvej-83a-3360-liseleje-1365150499
"Adelgade 5B, 1. 19.",8400,Ebeltoft,699000,Fritidshus,50,2.0,1985,C,659,177.6,2470.0,2438.0,56.19867,10.677,https://www.boliga.dk/adresse/adelgade-5b-1-19-8400-ebeltoft-169006570
Sundbyvej 202,7950,Erslev,1350000,Fritidshus,178,5.0,1969,c,371,177.9,1169.0,1418.0,56.88106,8.64677,https://www.boliga.dk/adresse/sundbyvej-202-7950-erslev-1606139328
Portlandsvej 97F,9370,Hals,1125000,Fritidshus,105,4.0,1990,-,204,177.9,6006.0,4136.0,57.01954,10.35438,https://www.boliga.dk/adresse/portlandsvej-97f-9370-hals-73097426
Vestermark 27,4862,Guldborg,1595000,Villa/Parcelhus,209,7.0,1892,d,143,178.0,5397.0,8767.0,54.90004,11.63886,https://www.boliga.dk/adresse/vestermark-27-4862-guldborg-1822732404
Grævlingevænget 4,5466,Asperup,4497000,Fritidshus,148,4.0,1984,-,7,178.0,3049.0,2324.0,55.50835,9.92695,https://www.boliga.dk/adresse/graevlingevaenget-4-5466-asperup-1222461908
Kystvejen 373,4671,Strøby,4195000,Fritidshus,77,3.0,1974,-,510,178.0,1444.0,6103.0,55.39874,12.31465,https://www.boliga.dk/adresse/kystvejen-373-4671-stroeby-1963436356
"Badstuen 15, Tåsinge",5700,Svendborg,6495000,Villa/Parcelhus,342,10.0,1852,C,84,178.0,4737.0,958.0,55.03346,10.6408,https://www.boliga.dk/adresse/badstuen-15-5700-svendborg-482005844
Strandvejen 10,4720,Præstø,2195000,Villa/Parcelhus,135,5.0,1920,D,23,178.1,1923.0,999.0,55.12134,12.03634,https://www.boliga.dk/adresse/strandvejen-10-4720-praestoe-1107260924
"Hedningestræde 5, Rønne",3700,Rønne,1795000,Villa/Parcelhus,107,4.0,1936,C,122,178.1,2835.0,837.0,55.09831,14.6999,https://www.boliga.dk/adresse/hedningestraede-5-3700-roenne-1944120579
Marina Fiskenæs Feriepark 140,6300,Gråsten,1295000,Fritidshus,106,5.0,2004,-,170,178.2,5327.0,1564.0,54.91867,9.60757,https://www.boliga.dk/adresse/marina-fiskenaes-feriepark-140-6300-graasten-1002002853
Ramsherred 75,5900,Rudkøbing,1995000,Fritidshus,237,9.0,1842,C,206,178.2,1594.0,2623.0,54.93863,10.71124,https://www.boliga.dk/adresse/ramsherred-75-5900-rudkoebing-1126369186
Peyronsvej 12,2680,Solrød Strand,11995000,Villa/Parcelhus,286,7.0,1975,c,56,178.3,3675.0,1914.0,55.53674,12.23098,https://www.boliga.dk/adresse/peyronsvej-12-2680-solroed-strand-1926712075
"Jelsevej 443, Lundø",7840,Højslev,2195000,Fritidshus,91,4.0,2010,-,129,178.4,4158.0,5764.0,56.64602,9.14713,https://www.boliga.dk/adresse/jelsevej-443-7840-hoejslev-859419626
"Vestre Havnevej 13B, Havnebyen",4583,Sjællands Odde,2995000,Villa/Parcelhus,197,6.0,2010,B,42,178.4,775.0,14233.0,55.9725,11.35969,https://www.boliga.dk/adresse/vestre-havnevej-13b-4583-sjaellands-odde-532810507
"Vester Fælled 156, F9., Bork Havn",6893,Hemmet,585000,Fritidshus,44,3.0,1979,-,192,178.7,3058.0,812.0,55.8454,8.27844,https://www.boliga.dk/adresse/vester-faelled-156-6893-hemmet-1897157632
"Betinavej 2 & Bentevej 1, Gjerrild",8500,Grenaa,5000000,Fritidshus,95,3.0,1972,-,70,178.8,6211.0,12165.0,56.53089,10.81525,https://www.boliga.dk/adresse/betinavej-2-8500-grenaa-878277711
Ingeborg Vænge 8,2960,Rungsted Kyst,11495000,Villa/Parcelhus,163,5.0,1985,c,9,178.8,14917.0,3682.0,55.87807,12.54496,https://www.boliga.dk/adresse/ingeborg-vaenge-8-2960-rungsted-kyst-555692465
Munkegade 18,9900,Frederikshavn,1195000,Villa/Parcelhus,161,5.0,1932,D,317,178.8,2304.0,1867.0,57.43225,10.52964,https://www.boliga.dk/adresse/munkegade-18-9900-frederikshavn-1228400958
Strandkrogen 2E,3120,Dronningmølle,3995000,Fritidshus,156,5.0,2008,B,141,179.1,3069.0,10185.0,56.09854,12.39358,https://www.boliga.dk/adresse/strandkrogen-2e-3120-dronningmoelle-1152349391
"Solsortevej 23, Draget",7760,Hurup Thy,1245000,Fritidshus,104,4.0,2004,-,570,179.1,2352.0,3417.0,56.67303,8.39728,https://www.boliga.dk/adresse/solsortevej-23-7760-hurup-thy-596527961
"Gl Strandvej 97, Strib",5500,Middelfart,3495000,Villa/Parcelhus,135,4.0,1935,E,133,179.2,2979.0,615.0,55.51753,9.76126,https://www.boliga.dk/adresse/gl-strandvej-97-5500-middelfart-2060212352
Stationsvej 29,2791,Dragør,10595000,Villa/Parcelhus,206,7.0,1939,D,50,179.2,8455.0,3786.0,55.59822,12.66939,https://www.boliga.dk/adresse/stationsvej-29-2791-dragoer-1622478825
Havnevejen 14,5985,Søby Ærø,495000,Fritidshus,190,5.0,1900,d,162,179.2,9481.0,1253.0,54.93982,10.25844,https://www.boliga.dk/adresse/havnevejen-14-5985-soeby-aeroe-1030382795
"Krænhavs Sti 6, Klitmøller",7700,Thisted,6650000,Fritidshus,305,8.0,1968,C,519,179.3,6914.0,11112.0,57.04241,8.48162,https://www.boliga.dk/adresse/kraenhavs-sti-6-7700-thisted-1833304399
Bøtølundvej 31,4873,Væggerløse,6300000,Fritidshus,417,10.0,1930,-,231,179.3,3866.0,5432.0,54.6736,11.96047,https://www.boliga.dk/adresse/boetoelundvej-31-4873-vaeggerloese-1538422861
"Strandvejen 113, Lønstrup",9800,Hjørring,4595000,Villa/Parcelhus,238,3.0,1918,C,116,179.3,2253.0,1483.0,57.47431,9.79709,https://www.boliga.dk/adresse/strandvejen-113-9800-hjoerring-2145099389
Dybvigvej 34,4944,Fejø,1495000,Villa/Parcelhus,111,5.0,1895,E,10,179.3,2041.0,1782.0,54.94667,11.43521,https://www.boliga.dk/adresse/dybvigvej-34-4944-fejoe-1889002815
"Vagtelvej 22, Draget",7760,Hurup Thy,1499000,Fritidshus,71,5.0,1991,-,43,179.3,2099.0,3500.0,56.67525,8.39089,https://www.boliga.dk/adresse/vagtelvej-22-7760-hurup-thy-1565288786
Blomstervænget 1A,5610,Assens,1495000,Villa/Parcelhus,118,4.0,1953,D,741,179.3,2399.0,2417.0,55.27479,9.89302,https://www.boliga.dk/adresse/blomstervaenget-1a-5610-assens-1397532342
"Mariagervej 43, Hadsund",9560,Hadsund,775000,Fritidshus,98,3.0,1947,E,2683,179.4,2325.0,3632.0,56.70342,10.1157,https://www.boliga.dk/adresse/mariagervej-43-9560-hadsund-1919950538
Kappelborgvej 25,9990,Skagen,5995000,Fritidshus,170,8.0,1770,c,65,179.5,1937.0,658.0,57.72138,10.59001,https://www.boliga.dk/adresse/kappelborgvej-25-9990-skagen-1745182555
Frederiksborgvej 70,4000,Roskilde,9700000,Villa/Parcelhus,187,7.0,1926,D,107,179.6,3363.0,185.0,55.65071,12.08531,https://www.boliga.dk/adresse/frederiksborgvej-70-4000-roskilde-1787417397
Bjerggade 30,6400,Sønderborg,7495000,Villa/Parcelhus,237,10.0,1740,d,62,179.7,4425.0,1495.0,54.90939,9.78823,https://www.boliga.dk/adresse/bjerggade-30-6400-soenderborg-1528113053
Snekkersten Stationsvej 20,3070,Snekkersten,10395000,Villa/Parcelhus,184,5.0,1972,C,224,179.7,5104.0,5582.0,56.0088,12.58393,https://www.boliga.dk/adresse/snekkersten-stationsvej-20-3070-snekkersten-1052314443
"Lyngbyvej 239Q, st., Lyngby",9480,Løkken,795000,Fritidshus,44,2.0,1987,D,2,179.7,1562.0,4626.0,57.41292,9.74779,https://www.boliga.dk/adresse/lyngbyvej-239q-st-9480-loekken-1347584026
"Fægangsvej 11D, 1. 202., Bønnerup Strand",8585,Glesborg,410000,Fritidshus,47,2.0,1976,C,633,179.9,729.0,8691.0,56.52921,10.70823,https://www.boliga.dk/adresse/faegangsvej-11d-1-202-8585-glesborg-305534158
"Sommerstedvej 35, Hjerm",7830,Vinderup,1195000,Fritidshus,73,5.0,1972,-,99,180.0,1032.0,6191.0,56.46933,8.68705,https://www.boliga.dk/adresse/sommerstedvej-35-7830-vinderup-948248860
Kølstrupvej 28,5330,Munkebo,995000,Villa/Parcelhus,124,3.0,1847,C,260,180.0,1981.0,7660.0,55.44758,10.5439,https://www.boliga.dk/adresse/koelstrupvej-28-5330-munkebo-2141675695
"Ønsbækvej 31, Studstrup",8541,Skødstrup,3995000,Villa/Parcelhus,156,4.0,1976,C,86,180.1,4074.0,3337.0,56.25769,10.34256,https://www.boliga.dk/adresse/oensbaekvej-31-8541-skoedstrup-186584778
Solsbækvej 31,9300,Sæby,1498000,Fritidshus,158,4.0,1957,F,528,180.2,3156.0,1871.0,57.32883,10.52565,https://www.boliga.dk/adresse/solsbaekvej-31-9300-saeby-1670438018
Sommerbyen 43,5800,Nyborg,2745000,Fritidshus,170,3.0,1932,-,304,180.2,7911.0,6493.0,55.30673,10.82083,https://www.boliga.dk/adresse/sommerbyen-43-5800-nyborg-1047314124
"Hyacintvej 20, Næsby Strand",4200,Slagelse,1795000,Fritidsgrund,30,2.0,1944,-,121,180.2,2256.0,7241.0,55.39729,11.21766,https://www.boliga.dk/adresse/hyacintvej-20-4200-slagelse-637120184
Nyholmsvej 7,9900,Frederikshavn,845000,Villa/Parcelhus,102,3.0,1900,D,143,180.3,2366.0,2088.0,57.42879,10.52362,https://www.boliga.dk/adresse/nyholmsvej-7-9900-frederikshavn-1358752821
Udsigten 8,6400,Sønderborg,4199000,Villa/Parcelhus,161,5.0,1997,B,7,180.4,3185.0,316.0,54.919,9.77572,https://www.boliga.dk/adresse/udsigten-8-6400-soenderborg-261427625
Flovt Strand 76,6100,Haderslev,4595000,Fritidshus,121,5.0,2026,-,91,180.4,4522.0,9833.0,55.23158,9.70198,https://www.boliga.dk/adresse/flovt-strand-76-6100-haderslev-1916661240
"Tjørnevej 7, Lyngby",9480,Løkken,4145000,Fritidshus,252,9.0,1917,-,60,180.5,1655.0,4784.0,57.41427,9.74885,https://www.boliga.dk/adresse/tjoernevej-7-9480-loekken-960649955
Majvej 12,9800,Hjørring,2395000,Fritidshus,100,4.0,2004,-,357,180.7,2754.0,5336.0,57.50052,9.8437,https://www.boliga.dk/adresse/majvej-12-9800-hjoerring-2118960342
Ndr Strandvej 23,2791,Dragør,8495000,Villa/Parcelhus,186,7.0,1982,C,182,180.7,7850.0,3190.0,55.6035,12.66714,https://www.boliga.dk/adresse/ndr-strandvej-23-2791-dragoer-398605803
"Smedegade 18A, Lohals",5953,Tranekær,395000,Fritidsgrund,0,0.0,0,-,623,180.7,4698.0,3083.0,55.13676,10.90507,https://www.boliga.dk/adresse/smedegade-18a-5953-tranekaer-2006400096
"Pilehøj 15, Yderby Lyng",4583,Sjællands Odde,3295000,Fritidshus,121,5.0,2019,-,852,180.8,1492.0,16447.0,55.97214,11.3239,https://www.boliga.dk/adresse/pilehoej-15-4583-sjaellands-odde-976525131
Munkerup Strandvej 70,3120,Dronningmølle,5845000,Villa/Parcelhus,204,6.0,1875,D,72,180.9,1364.0,9296.0,56.10856,12.36575,https://www.boliga.dk/adresse/munkerup-strandvej-70-3120-dronningmoelle-1572416498
Munchsvej 1,9560,Hadsund,2995000,Villa/Parcelhus,211,8.0,1936,C,29,180.9,2200.0,2254.0,56.7158,10.11198,https://www.boliga.dk/adresse/munchsvej-1-9560-hadsund-1485914806
Ved Stranden 74,9560,Hadsund,399000,Helårsgrund,0,0.0,0,-,2092,180.9,3109.0,2081.0,56.71861,10.12592,https://www.boliga.dk/adresse/ved-stranden-74-9560-hadsund-2068445997
"Bellevue 6, Mommark",6470,Sydals,2845000,Fritidshus,90,4.0,2005,-,123,180.9,4763.0,2979.0,54.9207,10.0414,https://www.boliga.dk/adresse/bellevue-6-6470-sydals-1819931766
Portlandsvej 97C,9370,Hals,1148000,Ejerlejlighed,94,4.0,1990,-,234,181.0,5994.0,4146.0,57.01971,10.35446,https://www.boliga.dk/adresse/portlandsvej-97c-9370-hals-835869386
Adelgade 48,4880,Nysted,1295000,Villa/Parcelhus,113,7.0,1875,d,696,181.0,1961.0,411.0,54.66703,11.72856,https://www.boliga.dk/adresse/adelgade-48-4880-nysted-1702859151
Østergade 30,3250,Gilleleje,7395000,Villa/Parcelhus,153,3.0,1802,C,95,181.0,2279.0,8360.0,56.12327,12.31324,https://www.boliga.dk/adresse/oestergade-30-3250-gilleleje-2125976040
Ørredvej 12,6430,Nordborg,2695000,Fritidshus,85,4.0,2023,-,92,181.1,4977.0,5066.0,55.07766,9.72147,https://www.boliga.dk/adresse/oerredvej-12-6430-nordborg-1237235896
"Agger Havn Feriecenter 63, Agger",7770,Vestervig,795000,Fritidshus,57,4.0,1978,-,1902,181.2,522.0,8581.0,56.77855,8.26012,https://www.boliga.dk/adresse/agger-havn-feriecenter-63-7770-vestervig-658177034
"Bertavej 18, Gjerrild",8500,Grenaa,2198000,Fritidshus,95,4.0,1966,-,168,181.2,6718.0,11805.0,56.52979,10.82336,https://www.boliga.dk/adresse/bertavej-18-8500-grenaa-663163088
"Hamiltonvej 25D, Gl. Skagen",9990,Skagen,7495000,Fritidshus,112,4.0,2007,-,112,181.3,1529.0,2645.0,57.73493,10.5408,https://www.boliga.dk/adresse/hamiltonvej-25d-9990-skagen-2064686972
Sæbyvej 74A,9900,Frederikshavn,995000,Villa/Parcelhus,121,3.0,1985,f,155,181.3,925.0,2816.0,57.41391,10.52153,https://www.boliga.dk/adresse/saebyvej-74a-9900-frederikshavn-860014017
Uglevej 19,2680,Solrød Strand,8995000,Villa/Parcelhus,144,6.0,2003,D,156,181.3,3683.0,3014.0,55.52764,12.2239,https://www.boliga.dk/adresse/uglevej-19-2680-solroed-strand-1959903978
"Vesterhavsgade 3A, Ferring",7620,Lemvig,1395000,Villa/Parcelhus,121,4.0,1967,B,470,181.4,3653.0,349.0,56.52592,8.11962,https://www.boliga.dk/adresse/vesterhavsgade-3a-7620-lemvig-488139556
"Brinkholmvej 13, Strøby Egede",4600,Køge,2895000,Fritidshus,93,3.0,1979,-,375,181.5,3175.0,7891.0,55.41224,12.26031,https://www.boliga.dk/adresse/brinkholmvej-13-4600-koege-347864218
"Galochen 1, Skuldbøl",6893,Hemmet,795000,Fritidshus,57,3.0,1969,-,361,181.6,345.0,2688.0,55.87585,8.33636,https://www.boliga.dk/adresse/galochen-1-6893-hemmet-639503379
Kystvej 15,5300,Kerteminde,5995000,Villa/Parcelhus,120,4.0,1948,C,67,181.6,4341.0,3391.0,55.44746,10.66478,https://www.boliga.dk/adresse/kystvej-15-5300-kerteminde-1301343358
"Hvilehøjvej 13, Hostrupskov",6200,Aabenraa,6500000,Villa/Parcelhus,160,2.0,1901,D,449,181.6,5537.0,2776.0,55.01464,9.45481,https://www.boliga.dk/adresse/hvilehoejvej-13-6200-aabenraa-601131058
"Vesterhavsgade 3C, Ferring",7620,Lemvig,1995000,Rækkehus,163,5.0,1977,-,538,181.7,3668.0,338.0,56.52607,8.11965,https://www.boliga.dk/adresse/vesterhavsgade-3c-7620-lemvig-937367213
Troldeskoven 11,3310,Ølsted,2695000,Fritidshus,47,2.0,1970,-,10,181.8,8590.0,2085.0,55.91002,12.05018,https://www.boliga.dk/adresse/troldeskoven-11-3310-oelsted-1360755819
"Gl. Møllevej 62, Hanehoved",3300,Frederiksværk,5295000,Fritidshus,131,3.0,2010,-,22,181.9,1223.0,1305.0,55.96753,11.99123,https://www.boliga.dk/adresse/gl-moellevej-62-3300-frederiksvaerk-1020889002
Kongevej 98,6400,Sønderborg,10995000,Villa/Parcelhus,253,9.0,1923,D,106,181.9,4937.0,2048.0,54.90447,9.79183,https://www.boliga.dk/adresse/kongevej-98-6400-soenderborg-1034992808
Syrenstien 6,4944,Fejø,595000,Fritidshus,56,3.0,1982,-,79,182.0,3142.0,2179.0,54.93432,11.38252,https://www.boliga.dk/adresse/syrenstien-6-4944-fejoe-1039795665
"Klintevej 19, Bredfjed",4970,Rødby,1825000,Fritidshus,58,3.0,1971,-,58,182.0,2926.0,1229.0,54.68499,11.30242,https://www.boliga.dk/adresse/klintevej-19-4970-roedby-885293226
"Portlandsvej 97B, 1. tv.",9370,Hals,1198000,Fritidshus,93,3.0,1990,-,129,182.0,5996.0,4142.0,57.01967,10.35441,https://www.boliga.dk/adresse/portlandsvej-97b-1-tv-9370-hals-662163187
"Ligustervej 1B, Egsmark strand",8400,Ebeltoft,5500000,Fritidshus,121,3.0,2009,-,8,182.2,4536.0,603.0,56.22452,10.66374,https://www.boliga.dk/adresse/ligustervej-1b-8400-ebeltoft-1582613436
"Fjordgade 10, Gjøl",9440,Aabybro,698000,Villa/Parcelhus,150,5.0,1892,C,137,182.4,5328.0,3845.0,57.06506,9.6997,https://www.boliga.dk/adresse/fjordgade-10-9440-aabybro-62481023
Gimlevej 15,8585,Glesborg,1295000,Fritidshus,55,4.0,1973,-,161,182.5,6922.0,2206.0,56.5177,10.60383,https://www.boliga.dk/adresse/gimlevej-15-8585-glesborg-301704604
Orebyvej 69A,4990,Sakskøbing,775000,Fritidshus,126,4.0,1925,F,389,182.6,1033.0,2255.0,54.80577,11.63417,https://www.boliga.dk/adresse/orebyvej-69a-4990-sakskoebing-1946867429
"Crownvej 15, Vrist",7673,Harboøre,1545000,Fritidshus,87,5.0,1970,-,63,182.7,1103.0,8150.0,56.6,8.14566,https://www.boliga.dk/adresse/crownvej-15-7673-harbooere-1210194616
Elinsvej 6,9300,Sæby,1745000,Fritidshus,103,5.0,1963,-,55,182.9,2289.0,1604.0,57.25475,10.54679,https://www.boliga.dk/adresse/elinsvej-6-9300-saeby-1496682149
Florkevænget 6,4760,Vordingborg,3250000,Villa/Parcelhus,200,6.0,1984,c,290,182.9,5596.0,2607.0,54.99952,11.9505,https://www.boliga.dk/adresse/florkevaenget-6-4760-vordingborg-1783874870
Varnæsvej 82,6200,Aabenraa,1250000,Helårsgrund,0,0.0,0,-,1037,183.0,5716.0,2586.0,55.01489,9.45178,https://www.boliga.dk/adresse/varnaesvej-82-6200-aabenraa-688763423
Nørregade 20,7600,Struer,895000,Villa/Parcelhus,132,8.0,1911,E,1700,183.3,3402.0,124.0,56.49223,8.58661,https://www.boliga.dk/adresse/noerregade-20-7600-struer-307854403
Teglgårdsbakken 12,7620,Lemvig,2645000,Villa/Parcelhus,215,7.0,1976,C,105,183.5,2573.0,3042.0,56.55555,8.31083,https://www.boliga.dk/adresse/teglgaardsbakken-12-7620-lemvig-289463555
Engvej 16,4220,Korsør,1045000,Villa/Parcelhus,124,7.0,1911,C,84,183.6,1965.0,1613.0,55.33613,11.14169,https://www.boliga.dk/adresse/engvej-16-4220-korsoer-1023292765
Kastanievænget 10,8340,Malling,2995000,Fritidshus,98,5.0,1938,-,137,183.8,3520.0,8807.0,56.03293,10.26625,https://www.boliga.dk/adresse/kastanievaenget-10-8340-malling-161737771
"Bolværksstræde 17, Hummingen",4983,Dannemare,1375000,Fritidshus,79,4.0,1990,-,147,183.8,2227.0,3161.0,54.71047,11.22757,https://www.boliga.dk/adresse/bolvaerksstraede-17-4983-dannemare-84864625
Solsortevej 11,3210,Vejby,5250000,Fritidshus,66,4.0,1995,-,45,184.0,4250.0,1268.0,56.08119,12.1227,https://www.boliga.dk/adresse/solsortevej-11-3210-vejby-624899425
Engvang 11,7800,Skive,745000,Villa/Parcelhus,105,5.0,1957,D,17,184.0,3442.0,1125.0,56.56222,9.04543,https://www.boliga.dk/adresse/engvang-11-7800-skive-54930145
Naffet 34,6100,Haderslev,2095000,Villa/Parcelhus,171,5.0,1870,D,538,184.0,5081.0,5072.0,55.24921,9.49361,https://www.boliga.dk/adresse/naffet-34-6100-haderslev-23400441
"Svanevej 14, Dalby",4281,Gørlev,1795000,Fritidshus,83,3.0,1984,-,114,184.0,552.0,4783.0,55.5074,11.16196,https://www.boliga.dk/adresse/svanevej-14-4281-goerlev-88394237
Rørkærsvej 18,5500,Middelfart,4995000,Villa/Parcelhus,130,4.0,2021,J,114,184.1,4082.0,2705.0,55.53724,9.76898,https://www.boliga.dk/adresse/roerkaersvej-18-5500-middelfart-435315805
Bertavej 6,8500,Grenaa,2695000,Fritidshus,174,5.0,2006,-,120,184.2,6590.0,11887.0,56.52998,10.82129,https://www.boliga.dk/adresse/bertavej-6-8500-grenaa-493596712
Lyngbjergvej 51,7900,Nykøbing M,1995000,Villa/Parcelhus,192,6.0,1897,D,338,184.3,3515.0,3761.0,56.77151,8.8384,https://www.boliga.dk/adresse/lyngbjergvej-51-7900-nykoebing-m-706531443
"Hovedgade 28, Snogebæk",3730,Nexø,1195000,Fritidsgrund,0,0.0,0,-,176,184.5,1332.0,3548.0,55.02439,15.11537,https://www.boliga.dk/adresse/hovedgade-28-3730-nexoe-1416588225
Harresvej 10,5935,Bagenkop,695000,Villa/Parcelhus,179,5.0,1900,e,267,184.5,698.0,6325.0,54.74619,10.6721,https://www.boliga.dk/adresse/harresvej-10-5935-bagenkop-927287081
Muslingevej 6,4880,Nysted,2295000,Fritidshus,94,4.0,2007,-,95,184.5,2007.0,1799.0,54.65271,11.73947,https://www.boliga.dk/adresse/muslingevej-6-4880-nysted-753725289
Ramsherred 3,5610,Assens,1395000,Fritidshus,106,4.0,1700,C,128,184.6,2025.0,2085.0,55.27096,9.8927,https://www.boliga.dk/adresse/ramsherred-3-5610-assens-1928920947
"Øreringene 12, Øer Strand",8400,Ebeltoft,2195000,Fritidshus,76,3.0,1982,-,95,184.9,1467.0,8712.0,56.14259,10.69926,https://www.boliga.dk/adresse/oereringene-12-8400-ebeltoft-2113833121
"Sneppevej 18, Bremdal",7600,Struer,1145000,Villa/Parcelhus,123,4.0,1955,C,49,185.2,2222.0,1608.0,56.5064,8.58633,https://www.boliga.dk/adresse/sneppevej-18-7600-struer-517102176
"Lyngbyvej 239K, 1., Nr. Lyngby",9480,Løkken,945000,Fritidshus,46,2.0,1987,D,12,185.3,1523.0,4571.0,57.41244,9.74752,https://www.boliga.dk/adresse/lyngbyvej-239k-1-9480-loekken-1908700905
"Poppelvænget 8, Kindvig",4735,Mern,1795000,Villa/Parcelhus,210,5.0,1971,C,65,185.5,3852.0,6224.0,55.04895,12.12344,https://www.boliga.dk/adresse/poppelvaenget-8-4735-mern-1341873406
Liljeparken 3,5450,Otterup,2750000,Fritidshus,108,6.0,1977,-,513,185.5,2941.0,9971.0,55.57426,10.43751,https://www.boliga.dk/adresse/liljeparken-3-5450-otterup-1717646681
Borgnæs Grønvej 5,5970,Ærøskøbing,5145000,Villalejlighed,225,6.0,1896,K,188,185.5,4306.0,1750.0,54.88492,10.36791,https://www.boliga.dk/adresse/borgnaes-groenvej-5-5970-aeroeskoebing-1982641287
Ramsherred 51,5610,Assens,1399000,Fritidshus,112,4.0,1895,C,95,185.6,2273.0,2313.0,55.27331,9.89216,https://www.boliga.dk/adresse/ramsherred-51-5610-assens-1341622794
Udsholt Strandvej 10,3250,Gilleleje,13500000,Fritidshus,236,9.0,1930,-,55,185.7,2979.0,6428.0,56.11462,12.2195,https://www.boliga.dk/adresse/udsholt-strandvej-10-3250-gilleleje-1146170043
"Bredeshave Strand 14, Gammel Tappernøje",4733,Tappernøje,1195000,Helårsgrund,0,0.0,0,-,1004,185.7,2938.0,1604.0,55.15053,12.00979,https://www.boliga.dk/adresse/bredeshave-strand-14-4733-tappernoeje-499004899
"Fjordbakkevej 9, Kisserup",4300,Holbæk,2245000,Fritidshus,71,2.0,1961,-,121,185.8,2146.0,3287.0,55.78946,11.73881,https://www.boliga.dk/adresse/fjordbakkevej-9-4300-holbaek-721392933
"Hestehavevej 1, Ll Rørbæk",4990,Sakskøbing,695000,Fritidshus,100,4.0,1912,E,58,185.8,1149.0,2288.0,54.8128,11.62352,https://www.boliga.dk/adresse/hestehavevej-1-4990-sakskoebing-1908983700
"Rylevej 10, Mosebølle",4640,Faxe,1795000,Fritidshus,98,4.0,2008,-,92,185.8,3858.0,3954.0,55.17676,12.06003,https://www.boliga.dk/adresse/rylevej-10-4640-faxe-1308398303
Nybrogade 14,4800,Nykøbing F,1595000,Villa/Parcelhus,153,5.0,1948,F,249,185.9,3976.0,2520.0,54.77293,11.86828,https://www.boliga.dk/adresse/nybrogade-14-4800-nykoebing-f-451061846
Fjordvej 4,5330,Munkebo,4995000,Villa/Parcelhus,216,8.0,1920,c,87,185.9,1683.0,7343.0,55.45815,10.56392,https://www.boliga.dk/adresse/fjordvej-4-5330-munkebo-1282689363
Svanevej 7,4720,Præstø,3195000,Villa/Parcelhus,160,5.0,1975,D,371,186.0,2292.0,2140.0,55.12792,12.06684,https://www.boliga.dk/adresse/svanevej-7-4720-praestoe-221436899
"Nattergalevej 12, Draget",7760,Hurup Thy,875000,Fritidshus,76,4.0,1976,-,0,186.0,2163.0,3456.0,56.67463,8.39302,https://www.boliga.dk/adresse/nattergalevej-12-7760-hurup-thy-1278880645
"Udsigtsbakken 8, Appenæs",4700,Næstved,4795000,Villa/Parcelhus,231,5.0,1973,B,98,186.1,3900.0,6682.0,55.1927,11.74231,https://www.boliga.dk/adresse/udsigtsbakken-8-4700-naestved-1763540327
Tranevej 3,4230,Skælskør,3995000,Fritidshus,67,2.0,1975,-,42,186.2,2140.0,5469.0,55.26031,11.24813,https://www.boliga.dk/adresse/tranevej-3-4230-skaelskoer-548716999
Bredgade 14A & Jernbanegade 23,7680,Thyborøn,1695000,Fritidshus,189,6.0,1958,D,58,186.2,3308.0,9185.0,56.70473,8.21848,https://www.boliga.dk/adresse/bredgade-14a-7680-thyboroen-846359391
Blåbærvej 9,3250,Gilleleje,5495000,Villa/Parcelhus,95,2.0,1935,G,107,186.2,1643.0,8181.0,56.12679,12.29295,https://www.boliga.dk/adresse/blaabaervej-9-3250-gilleleje-1118089171
Stationsvejen 12,4874,Gedser,525000,Villa/Parcelhus,120,4.0,1948,D,67,186.3,3736.0,552.0,54.57526,11.92799,https://www.boliga.dk/adresse/stationsvejen-12-4874-gedser-773213403
"Tranevej 96, Frølunde Fed",4220,Korsør,1695000,Fritidshus,77,3.0,1964,-,7,186.3,2088.0,6358.0,55.38832,11.21297,https://www.boliga.dk/adresse/tranevej-96-4220-korsoer-1296829798
Borgnæsvej 4D,5970,Ærøskøbing,1900000,Fritidshus,93,5.0,1974,-,128,186.3,4739.0,1940.0,54.88884,10.36583,https://www.boliga.dk/adresse/borgnaesvej-4d-5970-aeroeskoebing-751355622
Vedbæk Strandvej 481,2950,Vedbæk,15995000,Villa/Parcelhus,213,5.0,1958,c,170,186.3,15516.0,4554.0,55.85961,12.56115,https://www.boliga.dk/adresse/vedbaek-strandvej-481-2950-vedbaek-359225003
Egemosegårdsvej 19,4571,Grevinge,1895000,Fritidshus,68,3.0,1978,-,139,186.4,3991.0,3691.0,55.79795,11.64218,https://www.boliga.dk/adresse/egemosegaardsvej-19-4571-grevinge-1275176438
Svanevej 12,4720,Præstø,3495000,Villa/Parcelhus,133,4.0,1981,C,493,186.5,2340.0,2192.0,55.12828,12.06734,https://www.boliga.dk/adresse/svanevej-12-4720-praestoe-2126631073
Hestehavevej 99,4720,Præstø,1445000,Villa/Parcelhus,110,3.0,1917,D,147,186.6,1698.0,1630.0,55.12278,12.06433,https://www.boliga.dk/adresse/hestehavevej-99-4720-praestoe-1413515996
"Strandbækken 7, Øster Hurup",9560,Hadsund,1880000,Fritidshus,129,5.0,1973,-,428,186.6,3678.0,756.0,56.79704,10.27538,https://www.boliga.dk/adresse/strandbaekken-7-9560-hadsund-731295646
"Hagen 4, Lønstrup",9800,Hjørring,2595000,Fritidshus,130,5.0,1973,-,158,186.6,2516.0,865.0,57.46895,9.79235,https://www.boliga.dk/adresse/hagen-4-9800-hjoerring-1954870577
"Holkavej 8, Gudhjem",3760,Gudhjem,2395000,Villa/Parcelhus,173,4.0,1972,C,11,186.8,2332.0,9360.0,55.21107,14.96953,https://www.boliga.dk/adresse/holkavej-8-3760-gudhjem-588563594
Niels Klarskovsvej 6,4070,Kirke Hyllinge,995000,Fritidsgrund,0,0.0,0,-,730,186.8,3410.0,5841.0,55.69089,11.84138,https://www.boliga.dk/adresse/niels-klarskovsvej-6-4070-kirke-hyllinge-1040632727
Haslevej 28,3700,Rønne,2245000,Villa/Parcelhus,151,4.0,1913,D,81,186.8,1341.0,1438.0,55.11362,14.70522,https://www.boliga.dk/adresse/haslevej-28-3700-roenne-1033147747
Sommerbyen 68,5800,Nyborg,2595000,Fritidshus,74,2.0,2010,-,39,186.8,7907.0,6520.0,55.30719,10.81988,https://www.boliga.dk/adresse/sommerbyen-68-5800-nyborg-2030624042
"Østergade 30B, 2. TH",5600,Faaborg,699000,Fritidshus,77,3.0,1898,D,121,186.9,7750.0,10198.0,55.09447,10.2456,https://www.boliga.dk/adresse/oestergade-30b-2-th-5600-faaborg-293172210
Orevej 135,4760,Vordingborg,1395000,Villa/Parcelhus,111,4.0,1922,E,52,186.9,4223.0,2829.0,55.00619,11.87661,https://www.boliga.dk/adresse/orevej-135-4760-vordingborg-1468562253
"Bellevue 2, Mommark",6470,Sydals,2499000,Fritidshus,91,4.0,2004,-,42,187.1,4713.0,2968.0,54.92025,10.04143,https://www.boliga.dk/adresse/bellevue-2-6470-sydals-305480259
"Færkeroddevej 7, Ulsted",7884,Fur,1995000,Villa/Parcelhus,92,4.0,2002,-,176,187.2,5173.0,11497.0,56.84438,9.04634,https://www.boliga.dk/adresse/faerkeroddevej-7-7884-fur-114289216
"Mosegårdsvej 1, Klint",4500,Nykøbing Sj,2895000,Fritidshus,124,4.0,2009,-,78,187.3,4088.0,533.0,55.95455,11.59391,https://www.boliga.dk/adresse/mosegaardsvej-1-4500-nykoebing-sj-1079160443
"Hasselvej 3, Vemmingbund",6310,Broager,1295000,Fritidshus,61,3.0,1959,-,65,187.4,3852.0,2437.0,54.9018,9.7021,https://www.boliga.dk/adresse/hasselvej-3-6310-broager-970218564
Knud Den Storesvej 4,3600,Frederikssund,4695000,Villa/Parcelhus,158,5.0,1966,D,64,187.4,4527.0,3808.0,55.8506,12.04713,https://www.boliga.dk/adresse/knud-den-storesvej-4-3600-frederikssund-361752135
"Lappestensvej 12, Højstrup",3000,Helsingør,4195000,Villa/Parcelhus,57,3.0,1967,-,10,187.5,4718.0,5680.0,56.05004,12.5918,https://www.boliga.dk/adresse/lappestensvej-12-3000-helsingoer-1099101762
Assensvej 31,5600,Faaborg,995000,Fritidshus,111,4.0,1916,E,210,187.5,6656.0,9993.0,55.10272,10.22776,https://www.boliga.dk/adresse/assensvej-31-5600-faaborg-1951872426
Strandkrogen 7,4200,Slagelse,2750000,Fritidshus,113,5.0,1968,-,48,187.5,2603.0,6130.0,55.41144,11.20661,https://www.boliga.dk/adresse/strandkrogen-7-4200-slagelse-1061473901
Snerlevej 7,9970,Strandby,1995000,Villa/Parcelhus,132,4.0,1954,C,797,187.6,2762.0,808.0,57.49252,10.49958,https://www.boliga.dk/adresse/snerlevej-7-9970-strandby-268341330
Askø Strandvig 238,4942,Askø,225000,Fritidsgrund,0,0.0,0,-,211,187.7,8619.0,7653.0,54.89088,11.50828,https://www.boliga.dk/adresse/askoe-strandvig-238-4942-askoe-1828839923
Solbakken 10,8420,Knebel,3895000,Fritidshus,74,4.0,1987,-,135,187.8,7873.0,7125.0,56.17732,10.38004,https://www.boliga.dk/adresse/solbakken-10-8420-knebel-698746457
Lavningen 8,3210,Vejby,10000000,Fritidshus,126,5.0,2023,-,164,187.8,2505.0,2801.0,56.09779,12.16207,https://www.boliga.dk/adresse/lavningen-8-3210-vejby-17498164
Hov Agre 11+13,4245,Omø,1845000,Fritidshus,85,4.0,2002,-,97,187.9,776.0,12935.0,55.14831,11.15209,https://www.boliga.dk/adresse/hov-agre-11--13-4245-omoe-12767463
"Skovlæet 4, Slude Strand",5871,Frørup,2095000,Fritidshus,114,5.0,1977,-,2,188.1,1993.0,1101.0,55.2476,10.80045,https://www.boliga.dk/adresse/skovlaeet-4-5871-froerup-2029092165
"Strandvejen 154, Vester Åby",5600,Faaborg,1800000,Villa/Parcelhus,123,4.0,1969,F,93,188.1,4093.0,1354.0,55.06112,10.38322,https://www.boliga.dk/adresse/strandvejen-154-5600-faaborg-2068200783
Nørrebjerg 15A,7620,Lemvig,2495000,Fritidshus,151,5.0,1932,D,14,188.2,2382.0,3171.0,56.55361,8.31145,https://www.boliga.dk/adresse/noerrebjerg-15a-7620-lemvig-1540111361
"Kongsdalparken 73, Assens",9550,Mariager,895000,Helårsgrund,0,0.0,0,-,2856,188.3,2960.0,6536.0,56.68204,10.07074,https://www.boliga.dk/adresse/kongsdalparken-73-9550-mariager-1467178282
Elinsvej 5,9300,Sæby,1245000,Fritidshus,72,4.0,1963,-,55,188.3,2300.0,1641.0,57.25432,10.54675,https://www.boliga.dk/adresse/elinsvej-5-9300-saeby-641472886
"Mjølnersvej 19, Drøsselbjerg",4200,Slagelse,2595000,Fritidshus,83,4.0,1971,-,92,188.4,3666.0,688.0,55.47121,11.18451,https://www.boliga.dk/adresse/mjoelnersvej-19-4200-slagelse-631081928
"Loddenhøjvej 190, Barsmark",6200,Aabenraa,495000,Fritidsgrund,0,0.0,1926,-,14,188.4,7499.0,10503.0,55.10188,9.52533,https://www.boliga.dk/adresse/loddenhoejvej-190-6200-aabenraa-1650125877
"Strandholm 1, Mosebølle",4640,Faxe,2795000,Fritidshus,177,5.0,1873,B,105,188.4,4300.0,4288.0,55.17481,12.05394,https://www.boliga.dk/adresse/strandholm-1-4640-faxe-342791920
Askø Strandvig 239,4942,Askø,175000,Fritidsgrund,0,0.0,0,-,72,188.6,8623.0,7625.0,54.89094,11.50781,https://www.boliga.dk/adresse/askoe-strandvig-239-4942-askoe-1713968893
Pandebjergvej 127,4800,Nykøbing F,4395000,Villa/Parcelhus,229,8.0,1976,B,121,188.9,3693.0,2952.0,54.78437,11.85098,https://www.boliga.dk/adresse/pandebjergvej-127-4800-nykoebing-f-630015235
Fasanvej 54,7900,Nykøbing M,595000,Helårsgrund,88,3.0,1952,-,435,189.0,2534.0,2602.0,56.78416,8.85644,https://www.boliga.dk/adresse/fasanvej-54-7900-nykoebing-m-796112161
Bakken 8,9560,Hadsund,595000,Fritidshus,115,5.0,1935,D,168,189.0,6000.0,854.0,56.75438,10.29427,https://www.boliga.dk/adresse/bakken-8-9560-hadsund-963557706
Orebyvej 143,4990,Sakskøbing,399000,Helårsgrund,0,0.0,0,-,2399,189.1,969.0,2235.0,54.81006,11.62733,https://www.boliga.dk/adresse/orebyvej-143-4990-sakskoebing-950537025
"Halsvej 56, Nørreby Hals",5400,Bogense,1995000,Villalejlighed,290,7.0,1844,F,745,189.1,5566.0,11517.0,55.60492,10.27065,https://www.boliga.dk/adresse/halsvej-56-5400-bogense-470319879
"Lyngbjergvej 15, Faarup",7900,Nykøbing M,4495000,Villa/Parcelhus,275,9.0,1987,C,422,189.2,3373.0,3511.0,56.77377,8.83996,https://www.boliga.dk/adresse/lyngbjergvej-15-7900-nykoebing-m-1390232276
Vindingevej 2,5800,Nyborg,2495000,Villa/Parcelhus,180,7.0,1900,C,21,189.2,6653.0,6362.0,55.30925,10.78495,https://www.boliga.dk/adresse/vindingevej-2-5800-nyborg-2111895646
Parkvej 11,4220,Korsør,1795000,Villa/Parcelhus,162,5.0,1936,C,2,189.3,2716.0,2608.0,55.32693,11.13517,https://www.boliga.dk/adresse/parkvej-11-4220-korsoer-1273820411
"Træløbervej 2, Ll Kongsmark",4200,Slagelse,1448000,Fritidshus,71,3.0,1975,-,70,189.5,2742.0,5067.0,55.42037,11.1982,https://www.boliga.dk/adresse/traeloebervej-2-4200-slagelse-164612752
Rønhegnet 17,7790,Thyholm,1995000,Fritidshus,92,4.0,2006,-,168,189.5,2094.0,2179.0,56.63072,8.6265,https://www.boliga.dk/adresse/roenhegnet-17-7790-thyholm-541187930
"Gl. Feggesundvej 96, Amtoft",7742,Vesløs,1195000,Villa/Parcelhus,168,4.0,1947,D,98,189.5,753.0,5536.0,57.00725,8.93978,https://www.boliga.dk/adresse/gl-feggesundvej-96-7742-vesloes-609020838
"Kongenshøjvej 32, Fladbjerg",9550,Mariager,780000,Fritidshus,76,4.0,1966,-,164,189.6,4182.0,7884.0,56.67832,10.0375,https://www.boliga.dk/adresse/kongenshoejvej-32-9550-mariager-78264870
Lundensvej 1,9900,Frederikshavn,1545000,Villa/Parcelhus,149,4.0,1961,D,46,189.7,1498.0,3123.0,57.41941,10.52496,https://www.boliga.dk/adresse/lundensvej-1-9900-frederikshavn-1494990932
Hejsager Strandvej 168,6100,Haderslev,2695000,Fritidshus,103,7.0,1964,-,94,189.8,2564.0,2457.0,55.19568,9.60069,https://www.boliga.dk/adresse/hejsager-strandvej-168-6100-haderslev-1581508115
Skrænten 66,4671,Strøby,2495000,Villa/Parcelhus,75,4.0,1972,-,162,189.8,2212.0,7203.0,55.40746,12.27375,https://www.boliga.dk/adresse/skraenten-66-4671-stroeby-1149620397
Vissingsgade 18,6400,Sønderborg,2999000,Villa/Parcelhus,109,4.0,1952,D,9,189.8,3595.0,722.0,54.91274,9.77648,https://www.boliga.dk/adresse/vissingsgade-18-6400-soenderborg-1073332887
"Vindeby Tværvej 33, Tåsinge",5700,Svendborg,4275000,Villa/Parcelhus,175,6.0,1994,C,28,189.9,4546.0,309.0,55.04878,10.61933,https://www.boliga.dk/adresse/vindeby-tvaervej-33-5700-svendborg-410375407
Vester Fælled 178,6893,Hemmet,510000,Fritidshus,44,3.0,1979,-,168,189.9,3096.0,812.0,55.84491,8.2782,https://www.boliga.dk/adresse/vester-faelled-178-6893-hemmet-114995533
Mølkæret 113,5330,Munkebo,1995000,Villa/Parcelhus,206,6.0,1961,F,114,189.9,1793.0,7761.0,55.45568,10.55269,https://www.boliga.dk/adresse/moelkaeret-113-5330-munkebo-1530435086
"Skråningen 21, Toftum Bjerge",7600,Struer,1375000,Fritidshus,75,4.0,1977,-,16,189.9,1781.0,6631.0,56.54343,8.53027,https://www.boliga.dk/adresse/skraaningen-21-7600-struer-9356559
Ndr. Strandvej 90,8400,Ebeltoft,1595000,Fritidshus,73,2.0,1962,B,393,189.9,2798.0,1124.0,56.21044,10.67923,https://www.boliga.dk/adresse/ndr-strandvej-90-8400-ebeltoft-1162196750
Søndergade 55,8400,Ebeltoft,1895000,Villa/Parcelhus,119,4.0,1900,C,100,189.9,2801.0,3304.0,56.19116,10.67243,https://www.boliga.dk/adresse/soendergade-55-8400-ebeltoft-1117396397
"Græse Strandvej 15, Græse Bakkeby",3600,Frederikssund,3945000,Villa/Parcelhus,140,4.0,1953,E,191,190.0,6817.0,5753.0,55.8708,12.06748,https://www.boliga.dk/adresse/graese-strandvej-15-3600-frederikssund-2112335959
Kaprifolievej 11,3210,Vejby,8950000,Fritidshus,123,5.0,1985,-,182,190.0,5382.0,2543.0,56.07135,12.10047,https://www.boliga.dk/adresse/kaprifolievej-11-3210-vejby-46936771
"Mosesvinget 6, Vibæk Strand",8400,Ebeltoft,895000,Helårsgrund,0,0.0,0,-,234,190.1,4271.0,338.0,56.22295,10.66696,https://www.boliga.dk/adresse/mosesvinget-6-8400-ebeltoft-326884481
"Fuglebakken 22, Mørkholt",7080,Børkop,2495000,Fritidshus,85,2.0,1963,-,115,190.2,1915.0,3592.0,55.65496,9.73612,https://www.boliga.dk/adresse/fuglebakken-22-7080-boerkop-1397590600
"Brisevej 8, Lumsås",4500,Nykøbing Sj,2850000,Fritidshus,73,4.0,1979,-,204,190.3,1665.0,4319.0,55.94993,11.51732,https://www.boliga.dk/adresse/brisevej-8-4500-nykoebing-sj-1378245430
Elmevej 27,5300,Kerteminde,3495000,Villa/Parcelhus,246,4.0,1974,C,23,190.3,3621.0,3968.0,55.45279,10.64671,https://www.boliga.dk/adresse/elmevej-27-5300-kerteminde-1823842393
Ringmosevej 30,4300,Holbæk,3195000,Fritidshus,96,3.0,1985,-,181,190.5,2181.0,2101.0,55.78919,11.71783,https://www.boliga.dk/adresse/ringmosevej-30-4300-holbaek-423210273
Dageløkkevej 19,5953,Tranekær,3695000,Villa/Parcelhus,210,8.0,1915,e,490,190.5,811.0,7642.0,55.06102,10.86492,https://www.boliga.dk/adresse/dageloekkevej-19-5953-tranekaer-395143603
"Thyrasvej 4, Søndbjerg",7790,Thyholm,795000,Fritidshus,52,4.0,1972,-,164,190.5,1415.0,4724.0,56.61315,8.58884,https://www.boliga.dk/adresse/thyrasvej-4-7790-thyholm-8373116
"Vester Fælled 76 (A8), Bork Havn",6893,Hemmet,595000,Fritidshus,45,3.0,1979,-,322,190.5,2934.0,801.0,55.84664,8.27955,https://www.boliga.dk/adresse/vester-faelled-76-6893-hemmet-1996426162
"Hellesvej 2, Trend",9670,Løgstør,1195000,Fritidshus,47,4.0,1968,-,3,190.6,4280.0,7452.0,56.84124,9.21101,https://www.boliga.dk/adresse/hellesvej-2-9670-loegstoer-167041449
Strandkanten 65,9300,Sæby,4895000,Villa/Parcelhus,177,5.0,2021,J,42,190.6,3726.0,3710.0,57.35383,10.51609,https://www.boliga.dk/adresse/strandkanten-65-9300-saeby-1723238728
"Gerdasvej 26, Trend",9670,Løgstør,1495000,Fritidshus,93,4.0,1995,-,162,190.8,3966.0,6903.0,56.84621,9.21323,https://www.boliga.dk/adresse/gerdasvej-26-9670-loegstoer-594654554
"Flakket 5, Lønstrup",9800,Hjørring,3295000,Fritidshus,60,3.0,1973,-,336,190.9,2375.0,1219.0,57.47208,9.79485,https://www.boliga.dk/adresse/flakket-5-9800-hjoerring-1156317202
Gyvelbakken 11,4550,Asnæs,8600000,Fritidshus,50,2.0,1966,-,73,191.1,2476.0,3088.0,55.84637,11.46875,https://www.boliga.dk/adresse/gyvelbakken-11-4550-asnaes-314991025
"Svalevej 5, Dalby Bugten",5370,Mesinge,1995000,Fritidshus,48,4.0,2021,-,163,191.1,3232.0,10990.0,55.51473,10.6253,https://www.boliga.dk/adresse/svalevej-5-5370-mesinge-943097921
Ulstrup Sønderstrand 14,4400,Kalundborg,2975000,Fritidshus,51,3.0,1977,-,331,191.1,1401.0,1008.0,55.7304,10.95613,https://www.boliga.dk/adresse/ulstrup-soenderstrand-14-4400-kalundborg-55204438
"Petersvej 6, Lyngså",9300,Sæby,2095000,Fritidshus,89,3.0,1969,-,56,191.2,2231.0,1451.0,57.25637,10.54646,https://www.boliga.dk/adresse/petersvej-6-9300-saeby-1329317701
Sommervej 12,7900,Nykøbing M,1495000,Fritidshus,157,5.0,1890,C,276,191.6,2885.0,2948.0,56.78176,8.86037,https://www.boliga.dk/adresse/sommervej-12-7900-nykoebing-m-2040462671
"Pilevænget 3, Spodsbj Drej",5900,Rudkøbing,2195000,Fritidshus,107,4.0,1976,-,144,191.6,3117.0,4939.0,54.91911,10.82424,https://www.boliga.dk/adresse/pilevaenget-3-5900-rudkoebing-1845771805
"Transvej 10, Ferring",7620,Lemvig,795000,Helårsgrund,0,0.0,0,-,471,191.7,3587.0,390.0,56.5253,8.11968,https://www.boliga.dk/adresse/transvej-10-7620-lemvig-1322633325
"Hannesvej 66, Kærgården",7770,Vestervig,1595000,Fritidshus,104,4.0,2010,-,67,191.8,934.0,5354.0,56.75489,8.30493,https://www.boliga.dk/adresse/hannesvej-66-7770-vestervig-763283855
Portlandsvej 97A,9370,Hals,1595000,Fritidshus,131,4.0,1990,-,80,191.8,5985.0,4137.0,57.01974,10.35429,https://www.boliga.dk/adresse/portlandsvej-97a-9370-hals-1797868631
"Hammershusvej 24, Sandvig",3770,Allinge,2150000,Fritidsgrund,0,0.0,0,-,531,191.9,7413.0,2339.0,55.28797,14.77752,https://www.boliga.dk/adresse/hammershusvej-24-3770-allinge-1694789521
Smuglerstien 27,8400,Ebeltoft,1150000,Landejendom,89,3.0,2005,C,114,191.9,2388.0,2016.0,56.20231,10.67962,https://www.boliga.dk/adresse/smuglerstien-27-8400-ebeltoft-758294482
"Rejenettet 8, Lumsås",4500,Nykøbing Sj,3995000,Fritidshus,86,4.0,2020,-,380,191.9,2426.0,5080.0,55.95231,11.50457,https://www.boliga.dk/adresse/rejenettet-8-4500-nykoebing-sj-108194133
Kirkevej 7,7680,Thyborøn,895000,Villa/Parcelhus,169,7.0,1942,D,189,192.1,2906.0,10222.0,56.69883,8.20348,https://www.boliga.dk/adresse/kirkevej-7-7680-thyboroen-103022935
Gulspurvevej 16,3210,Vejby,6995000,Fritidshus,98,6.0,1949,-,154,192.1,4342.0,1345.0,56.0802,12.12051,https://www.boliga.dk/adresse/gulspurvevej-16-3210-vejby-177441587
"Nørregade 12, Hou",9370,Hals,775000,Villa/Parcelhus,90,3.0,1893,E,624,192.2,4748.0,6454.0,57.05843,10.37359,https://www.boliga.dk/adresse/noerregade-12-9370-hals-1798622627
"Lyngvej 1, Vesterø Havn",9940,Læsø,1795000,Fritidshus,68,3.0,1969,-,140,192.2,4153.0,2894.0,57.29621,10.93103,https://www.boliga.dk/adresse/lyngvej-1-9940-laesoe-1840524621
Strandlinien 45,2791,Dragør,7495000,Villa/Parcelhus,83,3.0,1843,D,4,192.3,9220.0,4563.0,55.59187,12.67466,https://www.boliga.dk/adresse/strandlinien-45-2791-dragoer-861494166
"Sundkrogen 2, Dybbøl",6400,Sønderborg,3799000,Villa/Parcelhus,171,3.0,1968,C,77,192.3,2552.0,578.0,54.91735,9.76208,https://www.boliga.dk/adresse/sundkrogen-2-6400-soenderborg-1140528351
Grønnegangen 1B,3070,Snekkersten,5495000,Villa/Parcelhus,104,5.0,1955,F,328,192.3,5132.0,5693.0,56.00943,12.58536,https://www.boliga.dk/adresse/groennegangen-1b-3070-snekkersten-1203058336
Elmehaven 2,4600,Køge,4495000,Villa/Parcelhus,195,5.0,1927,b,118,192.4,4188.0,8549.0,55.41558,12.24405,https://www.boliga.dk/adresse/elmehaven-2-4600-koege-1512650735
"Kappelborgvej 5, Midtbyen",9990,Skagen,5200000,Villa/Parcelhus,99,4.0,1804,C,99,192.4,1889.0,505.0,57.72039,10.58598,https://www.boliga.dk/adresse/kappelborgvej-5-9990-skagen-1437023277
Vestervang 5,8420,Knebel,2495000,Fritidshus,147,7.0,1978,-,125,192.4,6397.0,6160.0,56.20129,10.38394,https://www.boliga.dk/adresse/vestervang-5-8420-knebel-2062356331
"Fælledvej 21, Tørslev Hage",3630,Jægerspris,1195000,Fritidshus,57,4.0,1965,-,472,192.5,3775.0,3499.0,55.80955,12.04481,https://www.boliga.dk/adresse/faelledvej-21-3630-jaegerspris-1016391131
"Hamiltonvej 54, Gammel Skagen",9990,Skagen,5495000,Fritidshus,92,5.0,1977,-,203,192.5,1428.0,2593.0,57.73543,10.54236,https://www.boliga.dk/adresse/hamiltonvej-54-9990-skagen-1513907692
"Obelsvej 15, Halsskov",4220,Korsør,495000,Villa/Parcelhus,100,4.0,1918,D,168,192.5,1452.0,1442.0,55.33794,11.13023,https://www.boliga.dk/adresse/obelsvej-15-4220-korsoer-1259584980
Ramsherred 81,5900,Rudkøbing,2195000,Villa/Parcelhus,218,8.0,1853,B,15,192.5,1567.0,2600.0,54.93881,10.7117,https://www.boliga.dk/adresse/ramsherred-81-5900-rudkoebing-1334902052
Nørregade 16,5330,Munkebo,1750000,Villa/Parcelhus,141,6.0,1928,D,149,192.6,1627.0,7525.0,55.45779,10.55982,https://www.boliga.dk/adresse/noerregade-16-5330-munkebo-707167829
Damgade 6,5610,Assens,895000,Fritidshus,108,3.0,1877,C,121,192.6,1954.0,2022.0,55.27025,9.89277,https://www.boliga.dk/adresse/damgade-6-5610-assens-1432263084
"Strandvejen 72C, Hjarbæk",8831,Løgstrup,690000,Fritidshus,56,2.0,1966,-,78,192.7,3664.0,2306.0,56.53207,9.32513,https://www.boliga.dk/adresse/strandvejen-72c-8831-loegstrup-190179367
Portlandsvej 30,9370,Hals,1995000,Fritidshus,79,3.0,1986,-,158,192.7,6070.0,4042.0,57.01843,10.35333,https://www.boliga.dk/adresse/portlandsvej-30-9370-hals-335724784
Fredensvej 2,3250,Gilleleje,3995000,Fritidshus,89,5.0,1982,-,3,192.7,1616.0,7292.0,56.12298,12.26096,https://www.boliga.dk/adresse/fredensvej-2-3250-gilleleje-2102562028
Orebyvej 285,4990,Sakskøbing,2595000,Fritidshus,206,5.0,1830,C,185,192.8,2364.0,3280.0,54.82402,11.60457,https://www.boliga.dk/adresse/orebyvej-285-4990-sakskoebing-190662306
"Vejlby Klit 391, Vejlby",7673,Harboøre,1999000,Fritidshus,104,4.0,1976,-,799,193.0,3490.0,4249.0,56.56572,8.13121,https://www.boliga.dk/adresse/vejlby-klit-391-7673-harbooere-1333361958
Østervej 11,4673,Rødvig Stevns,3195000,Villa/Parcelhus,177,7.0,1959,C,122,193.0,3289.0,10287.0,55.25674,12.38155,https://www.boliga.dk/adresse/oestervej-11-4673-roedvig-stevns-1090453415
Strandparken 48,5800,Nyborg,2195000,Villa/Parcelhus,140,5.0,1969,D,105,193.0,7914.0,8665.0,55.32904,10.80573,https://www.boliga.dk/adresse/strandparken-48-5800-nyborg-1746060732
Blåbærvej 47,4300,Holbæk,2995000,Villa/Parcelhus,161,6.0,1974,c,23,193.0,938.0,1646.0,55.73743,11.70735,https://www.boliga.dk/adresse/blaabaervej-47-4300-holbaek-627132903
"Hans Thygesensvej 28, Listed",3740,Svaneke,2995000,Fritidshus,136,5.0,1909,C,17,193.1,804.0,1577.0,55.14355,15.11301,https://www.boliga.dk/adresse/hans-thygesensvej-28-3740-svaneke-1675080988
Mejsevænget 83,4050,Skibby,2495000,Fritidshus,90,4.0,1990,-,70,193.1,4051.0,8224.0,55.74045,11.858,https://www.boliga.dk/adresse/mejsevaenget-83-4050-skibby-416702150
Kløverskrænten 11,8400,Ebeltoft,6998000,Fritidshus,120,4.0,1962,-,48,193.5,1274.0,7108.0,56.15649,10.67997,https://www.boliga.dk/adresse/kloeverskraenten-11-8400-ebeltoft-122824479
"Viffertsholm 3, Øster Hurup",9560,Hadsund,1585000,Fritidshus,74,4.0,1974,-,126,193.5,4310.0,1228.0,56.81299,10.27133,https://www.boliga.dk/adresse/viffertsholm-3-9560-hadsund-1418873728
"Dageløkke Marina 5B, Dageløkke",5953,Tranekær,650000,Fritidshus,45,3.0,1972,-,42,193.6,551.0,7623.0,55.0635,10.86609,https://www.boliga.dk/adresse/dageloekke-marina-5b-5953-tranekaer-2071119099
"Lundevej 14, Dejlig villa i Sundby",4800,Nykøbing F,2495000,Villa/Parcelhus,195,6.0,1950,E,98,193.8,2831.0,2171.0,54.77121,11.85037,https://www.boliga.dk/adresse/lundevej-14-4800-nykoebing-f-628974322
Østergade 26B,5600,Faaborg,3495000,Andelsbolig,150,9.0,1900,C,156,193.9,7770.0,10225.0,55.09464,10.24524,https://www.boliga.dk/adresse/oestergade-26b-5600-faaborg-1373508935
"Strandvænget 2, Egenæs",4571,Grevinge,1495000,Fritidshus,76,4.0,1969,-,22,193.9,3137.0,3870.0,55.80522,11.64883,https://www.boliga.dk/adresse/strandvaenget-2-4571-grevinge-1943477520
Gabet 3,9800,Hjørring,2595000,Fritidshus,72,4.0,2003,-,731,194.0,2719.0,468.0,57.46496,9.78944,https://www.boliga.dk/adresse/gabet-3-9800-hjoerring-2116593498
Fægangsvej 11C 1 202,8585,Glesborg,775000,Fritidshus,61,3.0,1976,-,43,194.1,760.0,8662.0,56.52901,10.70784,https://www.boliga.dk/adresse/faegangsvej-11c-1-202-8585-glesborg-1188977210
Liljehaven 5,5500,Middelfart,6750000,Villa/Parcelhus,170,4.0,2027,-,18,194.1,2934.0,606.0,55.51038,9.75829,https://www.boliga.dk/adresse/liljehaven-5-5500-middelfart-1058871975
Marina Fiskenæs Feriepark 118,6300,Gråsten,1280000,Fritidshus,106,5.0,2005,-,76,194.2,5269.0,1463.0,54.91955,9.60718,https://www.boliga.dk/adresse/marina-fiskenaes-feriepark-118-6300-graasten-1404961136
Hovedskovvej 2,4660,Store Heddinge,2695000,Fritidshus,80,3.0,1877,g,199,194.3,1456.0,7577.0,55.3292,12.44995,https://www.boliga.dk/adresse/hovedskovvej-2-4660-store-heddinge-1938528538
Tuborgvej 26,9670,Løgstør,1595000,Fritidshus,58,3.0,2019,-,29,194.4,1794.0,1198.0,56.93429,9.2018,https://www.boliga.dk/adresse/tuborgvej-26-9670-loegstoer-896030035
Guldborghave 104,4862,Guldborg,120000,Helårsgrund,0,0.0,0,-,710,194.4,2309.0,7790.0,54.87106,11.74172,https://www.boliga.dk/adresse/guldborghave-104-4862-guldborg-1359248721
Damgade 10,5610,Assens,1395000,Fritidshus,114,4.0,1822,K,169,194.5,1943.0,2012.0,55.27014,9.89279,https://www.boliga.dk/adresse/damgade-10-5610-assens-524703283
Klintholm Havnevej 67,4791,Borre,625000,Helårsgrund,0,0.0,0,-,107,194.6,6063.0,11606.0,54.95396,12.47022,https://www.boliga.dk/adresse/klintholm-havnevej-67-4791-borre-1643967179
"Gammel Færgevej 77, Sillerslev",7990,Øster Assels,695000,Fritidshus,65,3.0,1975,-,176,194.6,1741.0,7337.0,56.69161,8.75958,https://www.boliga.dk/adresse/gammel-faergevej-77-7990-oester-assels-541309977
"Merchantvej 11, Vejlby",7673,Harboøre,4500000,Fritidshus,199,7.0,1995,-,3,194.6,3627.0,5452.0,56.57635,8.13523,https://www.boliga.dk/adresse/merchantvej-11-7673-harbooere-1538780769
"Vestergade 15, Hou",8300,Odder,1698000,Villa/Parcelhus,109,5.0,1904,D,66,194.8,1361.0,2340.0,55.91325,10.25197,https://www.boliga.dk/adresse/vestergade-15-8300-odder-1622057589
Hotelstien 8,2950,Vedbæk,14900000,Villa/Parcelhus,189,5.0,1916,c,280,194.8,15483.0,4237.0,55.8505,12.56697,https://www.boliga.dk/adresse/hotelstien-8-2950-vedbaek-1305236293
Svendborgvej 97,5600,Faaborg,1149000,Villa/Parcelhus,127,4.0,1942,F,15,194.9,6931.0,8769.0,55.08677,10.26534,https://www.boliga.dk/adresse/svendborgvej-97-5600-faaborg-1439451424
"Papegøjevej 7, St Kongsmark",4200,Slagelse,1245000,Fritidshus,68,3.0,1967,-,175,194.9,2543.0,4384.0,55.42681,11.20105,https://www.boliga.dk/adresse/papegoejevej-7-st-4200-slagelse-33723185
"Astrup Vig 103, Astrup Vig",7870,Roslev,1495000,Fritidshus,62,2.0,1975,-,22,195.0,1049.0,6335.0,56.65725,9.09525,https://www.boliga.dk/adresse/astrup-vig-103-7870-roslev-1921563712
Ulvedalen 1,6400,Sønderborg,5600000,Villa/Parcelhus,142,3.0,1969,D,54,195.0,4836.0,1946.0,54.90514,9.79075,https://www.boliga.dk/adresse/ulvedalen-1-6400-soenderborg-1321064420
"Nyvej 3, Lendemarke",4780,Stege,2495000,Helårsgrund,196,5.0,1915,C,50,195.1,2252.0,177.0,54.97637,12.2757,https://www.boliga.dk/adresse/nyvej-3-4780-stege-653303498
Bakkedraget 23,3310,Ølsted,1495000,Fritidshus,70,3.0,1950,-,125,195.1,8363.0,3308.0,55.89677,12.05208,https://www.boliga.dk/adresse/bakkedraget-23-3310-oelsted-1459946686
Skovhaven 8 1 1,9560,Hadsund,2150000,Fritidshus,79,2.0,2023,J,1077,195.1,1751.0,2637.0,56.71269,10.10619,https://www.boliga.dk/adresse/skovhaven-8-1-1-9560-hadsund-877125507
Skovhaven 8 st 1,9560,Hadsund,2150000,Fritidshus,79,2.0,2023,J,803,195.1,1751.0,2637.0,56.71269,10.10619,https://www.boliga.dk/adresse/skovhaven-8-st-1-9560-hadsund-1011566085
"Spovevej 8, Thorsminde",6990,Ulfborg,2295000,Fritidshus,177,4.0,1984,J,624,195.2,4811.0,6144.0,56.36776,8.12482,https://www.boliga.dk/adresse/spovevej-8-6990-ulfborg-80406147
Mastrupvej 31,4592,Sejerø,695000,Fritidshus,78,3.0,1957,g,153,195.2,967.0,19489.0,55.88017,11.14405,https://www.boliga.dk/adresse/mastrupvej-31-4592-sejeroe-1170852834
"Johs Jensen Vænget 11, Kristiansminde",5450,Otterup,1880000,Fritidshus,97,4.0,1981,-,107,195.3,3437.0,10584.0,55.58113,10.42538,https://www.boliga.dk/adresse/johs-jensen-vaenget-11-5450-otterup-1597328654
"Storkenhøjvej 179, Fogense",5400,Bogense,2595000,Fritidshus,62,2.0,1987,-,37,195.9,8097.0,1253.0,55.55399,10.03665,https://www.boliga.dk/adresse/storkenhoejvej-179-5400-bogense-775697347
Hanstholmvej 10,7900,Nykøbing M,2395000,Villa/Parcelhus,263,7.0,1877,D,156,196.0,1563.0,6688.0,56.91,8.82783,https://www.boliga.dk/adresse/hanstholmvej-10-7900-nykoebing-m-229344550
Skovhaven 6 st 1,9560,Hadsund,2140000,Fritidshus,79,2.0,2023,J,827,196.1,1729.0,2656.0,56.71254,10.10591,https://www.boliga.dk/adresse/skovhaven-6-st-1-9560-hadsund-1166189274
Svinget 13,6320,Egernsund,745000,Villa/Parcelhus,104,4.0,1964,D,39,196.1,5391.0,1632.0,54.90909,9.61052,https://www.boliga.dk/adresse/svinget-13-6320-egernsund-514072972
Skovhaven 6 st 2,9560,Hadsund,4340000,Fritidshus,141,3.0,2023,J,1077,196.1,1729.0,2656.0,56.71254,10.10591,https://www.boliga.dk/adresse/skovhaven-6-st-2-9560-hadsund-2117409899
Rærupvej 72,9310,Vodskov,3698000,Villa/Parcelhus,254,8.0,1919,B,71,196.1,315.0,3711.0,57.09139,10.00328,https://www.boliga.dk/adresse/raerupvej-72-9310-vodskov-1640809098
Eskærvej 20,8585,Glesborg,1650000,Fritidshus,69,4.0,1974,-,135,196.2,1464.0,10474.0,56.53099,10.73733,https://www.boliga.dk/adresse/eskaervej-20-8585-glesborg-1127264563
Tjørnehegnet 49,4850,Stubbekøbing,1995000,Fritidshus,54,3.0,2004,-,3,196.3,3774.0,1883.0,54.89027,12.06979,https://www.boliga.dk/adresse/tjoernehegnet-49-4850-stubbekoebing-250033117
Orevej 103,4760,Vordingborg,1495000,Villa/Parcelhus,136,4.0,1935,d,241,196.3,4345.0,2551.0,55.00478,11.88222,https://www.boliga.dk/adresse/orevej-103-4760-vordingborg-673604062
"Julianevej 190, Bjerregaard",6960,Hvide Sande,4695000,Fritidshus,120,4.0,1964,-,49,196.3,8459.0,5189.0,55.86406,8.16116,https://www.boliga.dk/adresse/julianevej-190-6960-hvide-sande-1235207407
Vesterhavsgade 89,7680,Thyborøn,995000,Fritidshus,147,5.0,1949,D,18,196.5,3138.0,9873.0,56.70202,8.20801,https://www.boliga.dk/adresse/vesterhavsgade-89-7680-thyboroen-2034203146
"Jagtvej 4, Bjerge Str",4480,Store Fuglede,1845000,Fritidshus,67,3.0,1955,-,239,196.7,1142.0,4430.0,55.5942,11.14719,https://www.boliga.dk/adresse/jagtvej-4-4480-store-fuglede-1554413780
"Attebjergvej 3, Appenæs",4700,Næstved,1645000,Villa/Parcelhus,110,4.0,1900,D,66,196.7,4420.0,6236.0,55.19698,11.74868,https://www.boliga.dk/adresse/attebjergvej-3-4700-naestved-469866534
Bredgade 16,5935,Bagenkop,1795000,Villa/Parcelhus,167,6.0,1845,G,148,196.8,984.0,6091.0,54.74873,10.67114,https://www.boliga.dk/adresse/bredgade-16-5935-bagenkop-593650716
Strandmøllevej 204,4300,Holbæk,5495000,Villa/Parcelhus,171,4.0,1982,c,122,196.9,3557.0,4366.0,55.72142,11.75084,https://www.boliga.dk/adresse/strandmoellevej-204-4300-holbaek-996772348
Gl Skansevej 7,9370,Hals,1895000,Villa/Parcelhus,107,3.0,1969,C,49,196.9,6525.0,2282.0,56.99359,10.31356,https://www.boliga.dk/adresse/gl-skansevej-7-9370-hals-1332962657
Rummes Agre 57,5985,Søby Ærø,300000,Fritidsgrund,0,0.0,0,-,29,196.9,9518.0,1027.0,54.93959,10.26199,https://www.boliga.dk/adresse/rummes-agre-57-5985-soeby-aeroe-1337706385
"Højensvej 12, Gammel Skagen",9990,Skagen,5650000,Fritidshus,96,3.0,1896,-,429,197.0,2730.0,3387.0,57.72829,10.52351,https://www.boliga.dk/adresse/hoejensvej-12-9990-skagen-453131585
Reefslagervænget 24,6320,Egernsund,2375000,Villa/Parcelhus,195,5.0,2010,K,35,197.1,4904.0,1703.0,54.90681,9.60367,https://www.boliga.dk/adresse/reefslagervaenget-24-6320-egernsund-241541939
"Vagtelvej 7, Draget",7760,Hurup Thy,2995000,Fritidshus,156,4.0,2022,-,14,197.1,2125.0,3460.0,56.67498,8.39228,https://www.boliga.dk/adresse/vagtelvej-7-7760-hurup-thy-257776411
Hamiltonvej 23A,9990,Skagen,6950000,Fritidshus,122,4.0,1980,-,45,197.1,1607.0,2670.0,57.7343,10.5397,https://www.boliga.dk/adresse/hamiltonvej-23a-9990-skagen-234568757
Plantagevej 1,7900,Nykøbing M,1150000,Fritidshus,98,4.0,1950,F,136,197.1,2511.0,2581.0,56.78424,8.85595,https://www.boliga.dk/adresse/plantagevej-1-7900-nykoebing-m-779903706
Kirkevej 10 1 15,3760,Gudhjem,1295000,Fritidshus,52,1.0,1912,-,84,197.2,2440.0,9192.0,55.21026,14.97183,https://www.boliga.dk/adresse/kirkevej-10-1-15-3760-gudhjem-1893357004
Nørrevej 2,7680,Thyborøn,1495000,Fritidshus,115,3.0,1954,C,16,197.2,3087.0,9959.0,56.70133,8.20684,https://www.boliga.dk/adresse/noerrevej-2-7680-thyboroen-1367430147
"Møllevangen 30, Bønnerup Strand",8585,Glesborg,1298000,Villa/Parcelhus,157,5.0,1999,K,28,197.3,960.0,8331.0,56.52868,10.70242,https://www.boliga.dk/adresse/moellevangen-30-8585-glesborg-1198658362
Kilden 14,5500,Middelfart,3095000,Villa/Parcelhus,232,6.0,1990,C,80,197.3,2871.0,397.0,55.5137,9.76059,https://www.boliga.dk/adresse/kilden-14-5500-middelfart-1600996430
"Odinshøjvej 21, Ellekilde",3140,Ålsgårde,6250000,Villa/Parcelhus,183,6.0,1992,D,172,197.3,3187.0,7049.0,56.08178,12.5258,https://www.boliga.dk/adresse/odinshoejvej-21-3140-aalsgaarde-1194955761
Nykøbingvej 17,4990,Sakskøbing,1035000,Villa/Parcelhus,132,4.0,1944,E,855,197.3,1371.0,2434.0,54.80186,11.64019,https://www.boliga.dk/adresse/nykoebingvej-17-4990-sakskoebing-1278290237
Borgnæsvej 10,5970,Ærøskøbing,2995000,Fritidshus,94,4.0,1870,d,415,197.6,5354.0,2227.0,54.89425,10.3594,https://www.boliga.dk/adresse/borgnaesvej-10-5970-aeroeskoebing-331227555
Solsbækvej 72,9300,Sæby,2195000,Fritidshus,138,4.0,1949,D,546,197.7,2864.0,1471.0,57.32466,10.52427,https://www.boliga.dk/adresse/solsbaekvej-72-9300-saeby-694024726
Strandparken 13,8305,Samsø,2895000,Fritidshus,179,7.0,2017,-,148,197.8,2101.0,4062.0,55.86233,10.55358,https://www.boliga.dk/adresse/strandparken-13-8305-samsoe-2124472019
"Gl Røsnæsvej 31B, Strandkvarteret",4400,Kalundborg,4995000,Villa/Parcelhus,184,4.0,2003,C,141,197.8,1977.0,3578.0,55.68443,11.06242,https://www.boliga.dk/adresse/gl-roesnaesvej-31b-4400-kalundborg-892070339
"Højbovej 26, Egsmark Strand",8400,Ebeltoft,4995000,Fritidshus,123,4.0,1967,-,43,197.8,5164.0,1234.0,56.22776,10.65532,https://www.boliga.dk/adresse/hoejbovej-26-8400-ebeltoft-1637393770
Søfrydsvej 3,2670,Greve,7295000,Villa/Parcelhus,135,4.0,1935,c,94,197.8,6189.0,1011.0,55.58874,12.33451,https://www.boliga.dk/adresse/soefrydsvej-3-2670-greve-1889260512
Herluf Trollesgade 1,5960,Marstal,1995000,Fritidshus,202,7.0,1850,d,133,197.9,7410.0,859.0,54.85275,10.51957,https://www.boliga.dk/adresse/herluf-trollesgade-1-5960-marstal-927245564
"Eskemosevej 16, Kulhuse",3630,Jægerspris,1350000,Fritidshus,50,3.0,1973,-,66,198.0,4504.0,5524.0,55.92962,11.95078,https://www.boliga.dk/adresse/eskemosevej-16-3630-jaegerspris-1788286375
"Fjordbakken 26, Dyves Bro",4700,Næstved,3148000,Villa/Parcelhus,148,5.0,1966,B,81,198.0,2118.0,5460.0,55.21015,11.69547,https://www.boliga.dk/adresse/fjordbakken-26-4700-naestved-1480605056
"Kystvejen 37, Lyngsbæk Strand",8400,Ebeltoft,2795000,Fritidshus,105,4.0,1996,-,164,198.3,7048.0,3313.0,56.22943,10.61971,https://www.boliga.dk/adresse/kystvejen-37-8400-ebeltoft-74008154
Skovvænget 3,5874,Hesselager,2395000,Villa/Parcelhus,172,4.0,1967,c,456,198.3,4719.0,4944.0,55.14314,10.78134,https://www.boliga.dk/adresse/skovvaenget-3-5874-hesselager-1786425762
"Dalen 5, Aarsdale",3740,Svaneke,2500000,Fritidshus,142,4.0,1970,C,114,198.4,3745.0,3652.0,55.10646,15.14238,https://www.boliga.dk/adresse/dalen-5-3740-svaneke-577043955
"Rauhesvej 65, Bjerregaard",6960,Hvide Sande,3498000,Fritidshus,105,6.0,1994,-,129,198.5,8140.0,4856.0,55.8607,8.16237,https://www.boliga.dk/adresse/rauhesvej-65-6960-hvide-sande-1796388580
Dahl Iversensvej 7A,9492,Blokhus,5195000,Fritidshus,150,5.0,1939,-,126,198.5,4132.0,2865.0,57.26813,9.59734,https://www.boliga.dk/adresse/dahl-iversensvej-7a-9492-blokhus-110132362
Bondegårdsvej 9,4942,Askø,645000,Fritidshus,50,2.0,1950,-,73,198.6,7920.0,6343.0,54.89913,11.49362,https://www.boliga.dk/adresse/bondegaardsvej-9-4942-askoe-1527693327
"Østervænget 4, Langholm",4983,Dannemare,1495000,Fritidshus,69,4.0,1988,-,106,198.8,870.0,5185.0,54.72134,11.18954,https://www.boliga.dk/adresse/oestervaenget-4-4983-dannemare-1476743036
"Remmerstrandvej 89C, Remmerstrand",7620,Lemvig,1500000,Fritidsgrund,0,0.0,0,-,112,198.8,3120.0,8919.0,56.55077,8.48606,https://www.boliga.dk/adresse/remmerstrandvej-89c-7620-lemvig-1799932711
"Østervænget 2, Strib",5500,Middelfart,2245000,Villa/Parcelhus,101,4.0,1968,B,231,198.8,4391.0,3198.0,55.54153,9.77228,https://www.boliga.dk/adresse/oestervaenget-2-5500-middelfart-142821405
Svendborgvej 80,5600,Faaborg,1595000,Fritidshus,168,5.0,1900,C,40,198.9,6940.0,8918.0,55.087,10.26305,https://www.boliga.dk/adresse/svendborgvej-80-5600-faaborg-750406056
"Høkervej 5A, st. 122",9492,Blokhus,1995000,Fritidshus,60,3.0,1973,D,16,198.9,5166.0,2847.0,57.25269,9.57887,https://www.boliga.dk/adresse/hoekervej-5a-st-122-9492-blokhus-1152563443
"Høkervej 5A, 1. 209",9492,Blokhus,1995000,Fritidshus,60,3.0,1972,C,105,198.9,5166.0,2847.0,57.25269,9.57887,https://www.boliga.dk/adresse/hoekervej-5a-1-209-9492-blokhus-235074013
Høkervej 5A st 113,9492,Blokhus,1750000,Fritidshus,60,2.0,1973,c,66,198.9,5166.0,2847.0,57.25269,9.57887,https://www.boliga.dk/adresse/hoekervej-5a-st-113-9492-blokhus-1378247331
"Høkervej 5A, 1. 217",9492,Blokhus,1998000,Fritidshus,60,2.0,1973,C,100,198.9,5166.0,2847.0,57.25269,9.57887,https://www.boliga.dk/adresse/hoekervej-5a-1-217-9492-blokhus-975479567
"Mosesvinget 9, Egsmark",8400,Ebeltoft,6945000,Fritidshus,248,14.0,2005,K,166,199.0,4200.0,267.0,56.22257,10.6679,https://www.boliga.dk/adresse/mosesvinget-9-8400-ebeltoft-1138857566
Østergade 6,7620,Lemvig,1495000,Fritidshus,161,5.0,1890,D,360,199.1,2139.0,3329.0,56.55003,8.31053,https://www.boliga.dk/adresse/oestergade-6-7620-lemvig-28286468
"Klemmen 2A, Midtbyen",9990,Skagen,4950000,Fritidshus,127,3.0,1880,E,258,199.1,1921.0,658.0,57.72164,10.59018,https://www.boliga.dk/adresse/klemmen-2a-9990-skagen-510079030
"Strandparken 36, Faldsled",5642,Millinge,995000,Fritidshus,158,5.0,1971,C,358,199.2,4843.0,7498.0,55.14572,10.15432,https://www.boliga.dk/adresse/strandparken-36-5642-millinge-1904163485
Øreflippen 7B,8400,Ebeltoft,2895000,Fritidshus,147,6.0,1991,-,149,199.2,1639.0,8674.0,56.14263,10.69378,https://www.boliga.dk/adresse/oereflippen-7b-8400-ebeltoft-992491553
"Strandvej 80, Kulhuse",3630,Jægerspris,1785000,Fritidshus,57,4.0,1963,-,117,199.3,6145.0,4640.0,55.92433,11.90621,https://www.boliga.dk/adresse/strandvej-80-3630-jaegerspris-831564603
"Kærmindestien 6, Lynæs",3390,Hundested,2895000,Villa/Parcelhus,158,5.0,1897,B,43,199.5,5489.0,2165.0,55.94415,11.88613,https://www.boliga.dk/adresse/kaermindestien-6-3390-hundested-991035878
Orevej 99,4760,Vordingborg,1975000,Villa/Parcelhus,135,5.0,1929,d,48,199.5,4356.0,2533.0,55.00467,11.8826,https://www.boliga.dk/adresse/orevej-99-4760-vordingborg-168727978
Brøndstræde 2,4581,Rørvig,1495000,Villa/Parcelhus,92,4.0,1970,C,127,199.5,3746.0,5636.0,55.94166,11.75225,https://www.boliga.dk/adresse/broendstraede-2-4581-roervig-1511015103
"Skråningen 42, Strands",8420,Knebel,5950000,Fritidshus,87,4.0,1973,-,21,199.5,5009.0,3456.0,56.17486,10.48849,https://www.boliga.dk/adresse/skraaningen-42-8420-knebel-1277652222
Jernbanegade 6,5400,Bogense,2095000,Villa/Parcelhus,160,6.0,1913,C,94,199.6,6154.0,924.0,55.56539,10.08644,https://www.boliga.dk/adresse/jernbanegade-6-5400-bogense-766692297
Sygehusvejen 35A,5970,Ærøskøbing,1895000,Fritidshus,220,6.0,1890,E,289,199.6,5780.0,1450.0,54.89402,10.40063,https://www.boliga.dk/adresse/sygehusvejen-35a-5970-aeroeskoebing-787373188
"Remmerstrandvej 105A, Gudum",7620,Lemvig,995000,Fritidsgrund,0,0.0,0,-,1980,199.7,3120.0,8918.0,56.55076,8.48606,https://www.boliga.dk/adresse/remmerstrandvej-105a-7620-lemvig-1392004938
"Remmerstrandvej 89A, Gudum",7620,Lemvig,895000,Fritidsgrund,0,0.0,0,-,1980,199.7,3120.0,8918.0,56.55076,8.48606,https://www.boliga.dk/adresse/remmerstrandvej-89a-7620-lemvig-1663264281
"Strandløbervej 14, Smidstrup",3250,Gilleleje,4950000,Fritidsgrund,0,0.0,0,-,9,199.7,2863.0,6756.0,56.11854,12.2357,https://www.boliga.dk/adresse/strandloebervej-14-3250-gilleleje-533853661
"Remmerstrandvej 89B, Gudum",7620,Lemvig,995000,Fritidsgrund,0,0.0,0,-,1980,199.7,3120.0,8918.0,56.55076,8.48606,https://www.boliga.dk/adresse/remmerstrandvej-89b-7620-lemvig-427575355
"Remmerstrandvej 105D, Gudum",7620,Lemvig,795000,Fritidsgrund,0,0.0,0,-,1980,199.7,3120.0,8918.0,56.55076,8.48606,https://www.boliga.dk/adresse/remmerstrandvej-105d-7620-lemvig-2001280891
"Remmerstrandvej 105B, Gudum",7620,Lemvig,595000,Fritidsgrund,0,0.0,0,-,1980,199.7,3120.0,8918.0,56.55076,8.48606,https://www.boliga.dk/adresse/remmerstrandvej-105b-7620-lemvig-1100253387
"Remmerstrandvej 105C, Gudum",7620,Lemvig,595000,Fritidsgrund,0,0.0,0,-,1980,199.7,3120.0,8918.0,56.55076,8.48606,https://www.boliga.dk/adresse/remmerstrandvej-105c-7620-lemvig-1918866677
"Agertoften 8, Appenæs",4700,Næstved,3495000,Villa/Parcelhus,160,4.0,1976,D,38,200.0,3984.0,6615.0,55.19336,11.74432,https://www.boliga.dk/adresse/agertoften-8-4700-naestved-1038211899
"Faaruplund 18, Faarup",7900,Nykøbing M,5500000,Villa/Parcelhus,212,5.0,1984,C,121,200.0,3490.0,3888.0,56.77037,8.83691,https://www.boliga.dk/adresse/faaruplund-18-7900-nykoebing-m-1027308791
Rugholm 43,9970,Strandby,2095000,Fritidshus,49,3.0,1977,-,10,200.0,3797.0,1714.0,57.50456,10.4844,https://www.boliga.dk/adresse/rugholm-43-9970-strandby-745232962
